source,table,owner,prefix,kind,index,enum,key,era
tables/CBaseBaseDef_props.tbl,CBaseBaseDef_props,CBaseBaseDef::sm_szLoadKeys,OBC_,attributes,0,ABILITYPRIMARY,ABILITYPRIMARY,
tables/CBaseBaseDef_props.tbl,CBaseBaseDef_props,CBaseBaseDef::sm_szLoadKeys,OBC_,attributes,1,ABILITYSECONDARY,ABILITYSECONDARY,
tables/CBaseBaseDef_props.tbl,CBaseBaseDef_props,CBaseBaseDef::sm_szLoadKeys,OBC_,attributes,2,ARMOR,ARMOR,
tables/CBaseBaseDef_props.tbl,CBaseBaseDef_props,CBaseBaseDef::sm_szLoadKeys,OBC_,attributes,3,BASEID,BASEID,
tables/CBaseBaseDef_props.tbl,CBaseBaseDef_props,CBaseBaseDef::sm_szLoadKeys,OBC_,attributes,4,CAN,CAN,
tables/CBaseBaseDef_props.tbl,CBaseBaseDef_props,CBaseBaseDef::sm_szLoadKeys,OBC_,attributes,5,CATEGORY,CATEGORY,
tables/CBaseBaseDef_props.tbl,CBaseBaseDef_props,CBaseBaseDef::sm_szLoadKeys,OBC_,attributes,6,DAM,DAM,
tables/CBaseBaseDef_props.tbl,CBaseBaseDef_props,CBaseBaseDef::sm_szLoadKeys,OBC_,attributes,7,DEFNAME,DEFNAME,
tables/CBaseBaseDef_props.tbl,CBaseBaseDef_props,CBaseBaseDef::sm_szLoadKeys,OBC_,attributes,8,DEFNAME2,DEFNAME2,
tables/CBaseBaseDef_props.tbl,CBaseBaseDef_props,CBaseBaseDef::sm_szLoadKeys,OBC_,attributes,9,DESCRIPTION,DESCRIPTION,
tables/CBaseBaseDef_props.tbl,CBaseBaseDef_props,CBaseBaseDef::sm_szLoadKeys,OBC_,attributes,10,EXPANSION,EXPANSION,
tables/CBaseBaseDef_props.tbl,CBaseBaseDef_props,CBaseBaseDef::sm_szLoadKeys,OBC_,attributes,11,HASCOMPONENTPROPS,HASCOMPONENTPROPS,
tables/CBaseBaseDef_props.tbl,CBaseBaseDef_props,CBaseBaseDef::sm_szLoadKeys,OBC_,attributes,12,HEIGHT,HEIGHT,
tables/CBaseBaseDef_props.tbl,CBaseBaseDef_props,CBaseBaseDef::sm_szLoadKeys,OBC_,attributes,13,INSTANCES,INSTANCES,
tables/CBaseBaseDef_props.tbl,CBaseBaseDef_props,CBaseBaseDef::sm_szLoadKeys,OBC_,attributes,14,ISTEVENT,ISTEVENT,
tables/CBaseBaseDef_props.tbl,CBaseBaseDef_props,CBaseBaseDef::sm_szLoadKeys,OBC_,attributes,15,NAME,NAME,
tables/CBaseBaseDef_props.tbl,CBaseBaseDef_props,CBaseBaseDef::sm_szLoadKeys,OBC_,attributes,16,NAMELOC,NAMELOC,
tables/CBaseBaseDef_props.tbl,CBaseBaseDef_props,CBaseBaseDef::sm_szLoadKeys,OBC_,attributes,17,RESDISPDNHUE,RESDISPDNHUE,
tables/CBaseBaseDef_props.tbl,CBaseBaseDef_props,CBaseBaseDef::sm_szLoadKeys,OBC_,attributes,18,RESLEVEL,RESLEVEL,
tables/CBaseBaseDef_props.tbl,CBaseBaseDef_props,CBaseBaseDef::sm_szLoadKeys,OBC_,attributes,19,RESOURCES,RESOURCES,
tables/CBaseBaseDef_props.tbl,CBaseBaseDef_props,CBaseBaseDef::sm_szLoadKeys,OBC_,attributes,20,SUBSECTION,SUBSECTION,
tables/CBaseBaseDef_props.tbl,CBaseBaseDef_props,CBaseBaseDef::sm_szLoadKeys,OBC_,attributes,21,TAG,TAG,
tables/CBaseBaseDef_props.tbl,CBaseBaseDef_props,CBaseBaseDef::sm_szLoadKeys,OBC_,attributes,22,TAG0,TAG0,
tables/CBaseBaseDef_props.tbl,CBaseBaseDef_props,CBaseBaseDef::sm_szLoadKeys,OBC_,attributes,23,TEVENTS,TEVENTS,
tables/CBaseBaseDef_props.tbl,CBaseBaseDef_props,CBaseBaseDef::sm_szLoadKeys,OBC_,attributes,24,VELOCITY,VELOCITY,
tables/CCPropsChar_props.tbl,CCPropsChar_props,CCPropsChar::_ptcPropertyKeys,PROPCH_,attributes,0,COMBATBONUSPERCENT,COMBATBONUSPERCENT,RDS_PRET2A
tables/CCPropsChar_props.tbl,CCPropsChar_props,CCPropsChar::_ptcPropertyKeys,PROPCH_,attributes,1,COMBATBONUSSTAT,COMBATBONUSSTAT,RDS_PRET2A
tables/CCPropsChar_props.tbl,CCPropsChar_props,CCPropsChar::_ptcPropertyKeys,PROPCH_,attributes,2,DAMCHAOS,DAMCHAOS,RDS_PRET2A
tables/CCPropsChar_props.tbl,CCPropsChar_props,CCPropsChar::_ptcPropertyKeys,PROPCH_,attributes,3,DAMCOLD,DAMCOLD,RDS_PRET2A
tables/CCPropsChar_props.tbl,CCPropsChar_props,CCPropsChar::_ptcPropertyKeys,PROPCH_,attributes,4,DAMDIRECT,DAMDIRECT,RDS_PRET2A
tables/CCPropsChar_props.tbl,CCPropsChar_props,CCPropsChar::_ptcPropertyKeys,PROPCH_,attributes,5,DAMENERGY,DAMENERGY,RDS_PRET2A
tables/CCPropsChar_props.tbl,CCPropsChar_props,CCPropsChar::_ptcPropertyKeys,PROPCH_,attributes,6,DAMFIRE,DAMFIRE,RDS_PRET2A
tables/CCPropsChar_props.tbl,CCPropsChar_props,CCPropsChar::_ptcPropertyKeys,PROPCH_,attributes,7,DAMPHYSICAL,DAMPHYSICAL,RDS_PRET2A
tables/CCPropsChar_props.tbl,CCPropsChar_props,CCPropsChar::_ptcPropertyKeys,PROPCH_,attributes,8,DAMPOISON,DAMPOISON,RDS_PRET2A
tables/CCPropsChar_props.tbl,CCPropsChar_props,CCPropsChar::_ptcPropertyKeys,PROPCH_,attributes,9,DECREASEHITCHANCE,DECREASEHITCHANCE,RDS_PRET2A
tables/CCPropsChar_props.tbl,CCPropsChar_props,CCPropsChar::_ptcPropertyKeys,PROPCH_,attributes,10,EATERCOLD,EATERCOLD,RDS_SA
tables/CCPropsChar_props.tbl,CCPropsChar_props,CCPropsChar::_ptcPropertyKeys,PROPCH_,attributes,11,EATERDAM,EATERDAM,RDS_SA
tables/CCPropsChar_props.tbl,CCPropsChar_props,CCPropsChar::_ptcPropertyKeys,PROPCH_,attributes,12,EATERENERGY,EATERENERGY,RDS_SA
tables/CCPropsChar_props.tbl,CCPropsChar_props,CCPropsChar::_ptcPropertyKeys,PROPCH_,attributes,13,EATERFIRE,EATERFIRE,RDS_SA
tables/CCPropsChar_props.tbl,CCPropsChar_props,CCPropsChar::_ptcPropertyKeys,PROPCH_,attributes,14,EATERKINETIC,EATERKINETIC,RDS_SA
tables/CCPropsChar_props.tbl,CCPropsChar_props,CCPropsChar::_ptcPropertyKeys,PROPCH_,attributes,15,EATERPOISON,EATERPOISON,RDS_SA
tables/CCPropsChar_props.tbl,CCPropsChar_props,CCPropsChar::_ptcPropertyKeys,PROPCH_,attributes,16,FACTION_GROUP,FACTION_GROUP,RDS_AOS
tables/CCPropsChar_props.tbl,CCPropsChar_props,CCPropsChar::_ptcPropertyKeys,PROPCH_,attributes,17,FACTION_SPECIES,FACTION_SPECIES,RDS_AOS
tables/CCPropsChar_props.tbl,CCPropsChar_props,CCPropsChar::_ptcPropertyKeys,PROPCH_,attributes,18,ENHANCEPOTIONS,ENHANCEPOTIONS,RDS_AOS
tables/CCPropsChar_props.tbl,CCPropsChar_props,CCPropsChar::_ptcPropertyKeys,PROPCH_,attributes,19,FASTERCASTING,FASTERCASTING,RDS_AOS
tables/CCPropsChar_props.tbl,CCPropsChar_props,CCPropsChar::_ptcPropertyKeys,PROPCH_,attributes,20,FASTERCASTRECOVERY,FASTERCASTRECOVERY,RDS_AOS
tables/CCPropsChar_props.tbl,CCPropsChar_props,CCPropsChar::_ptcPropertyKeys,PROPCH_,attributes,21,HITAREACOLD,HITAREACOLD,RDS_PRET2A
tables/CCPropsChar_props.tbl,CCPropsChar_props,CCPropsChar::_ptcPropertyKeys,PROPCH_,attributes,22,HITAREAENERGY,HITAREAENERGY,RDS_PRET2A
tables/CCPropsChar_props.tbl,CCPropsChar_props,CCPropsChar::_ptcPropertyKeys,PROPCH_,attributes,23,HITAREAFIRE,HITAREAFIRE,RDS_PRET2A
tables/CCPropsChar_props.tbl,CCPropsChar_props,CCPropsChar::_ptcPropertyKeys,PROPCH_,attributes,24,HITAREAPHYSICAL,HITAREAPHYSICAL,RDS_PRET2A
tables/CCPropsChar_props.tbl,CCPropsChar_props,CCPropsChar::_ptcPropertyKeys,PROPCH_,attributes,25,HITAREAPOISON,HITAREAPOISON,RDS_PRET2A
tables/CCPropsChar_props.tbl,CCPropsChar_props,CCPropsChar::_ptcPropertyKeys,PROPCH_,attributes,26,HITCURSE,HITCURSE,RDS_AOS
tables/CCPropsChar_props.tbl,CCPropsChar_props,CCPropsChar::_ptcPropertyKeys,PROPCH_,attributes,27,HITDISPEL,HITDISPEL,RDS_AOS
tables/CCPropsChar_props.tbl,CCPropsChar_props,CCPropsChar::_ptcPropertyKeys,PROPCH_,attributes,28,HITFATIGUE,HITFATIGUE,RDS_AOS
tables/CCPropsChar_props.tbl,CCPropsChar_props,CCPropsChar::_ptcPropertyKeys,PROPCH_,attributes,29,HITFIREBALL,HITFIREBALL,RDS_AOS
tables/CCPropsChar_props.tbl,CCPropsChar_props,CCPropsChar::_ptcPropertyKeys,PROPCH_,attributes,30,HITHARM,HITHARM,RDS_AOS
tables/CCPropsChar_props.tbl,CCPropsChar_props,CCPropsChar::_ptcPropertyKeys,PROPCH_,attributes,31,HITLEECHLIFE,HITLEECHLIFE,RDS_AOS
tables/CCPropsChar_props.tbl,CCPropsChar_props,CCPropsChar::_ptcPropertyKeys,PROPCH_,attributes,32,HITLEECHMANA,HITLEECHMANA,RDS_AOS
tables/CCPropsChar_props.tbl,CCPropsChar_props,CCPropsChar::_ptcPropertyKeys,PROPCH_,attributes,33,HITLEECHSTAM,HITLEECHSTAM,RDS_AOS
tables/CCPropsChar_props.tbl,CCPropsChar_props,CCPropsChar::_ptcPropertyKeys,PROPCH_,attributes,34,HITLIGHTNING,HITLIGHTNING,RDS_AOS
tables/CCPropsChar_props.tbl,CCPropsChar_props,CCPropsChar::_ptcPropertyKeys,PROPCH_,attributes,35,HITLOWERATK,HITLOWERATK,RDS_AOS
tables/CCPropsChar_props.tbl,CCPropsChar_props,CCPropsChar::_ptcPropertyKeys,PROPCH_,attributes,36,HITLOWERDEF,HITLOWERDEF,RDS_AOS
tables/CCPropsChar_props.tbl,CCPropsChar_props,CCPropsChar::_ptcPropertyKeys,PROPCH_,attributes,37,HITMAGICARROW,HITMAGICARROW,RDS_AOS
tables/CCPropsChar_props.tbl,CCPropsChar_props,CCPropsChar::_ptcPropertyKeys,PROPCH_,attributes,38,HITMANADRAIN,HITMANADRAIN,RDS_AOS
tables/CCPropsChar_props.tbl,CCPropsChar_props,CCPropsChar::_ptcPropertyKeys,PROPCH_,attributes,39,HITSPARKS,HITSPARKS,RDS_TOL
tables/CCPropsChar_props.tbl,CCPropsChar_props,CCPropsChar::_ptcPropertyKeys,PROPCH_,attributes,40,HITSPELL,HITSPELL,RDS_SA
tables/CCPropsChar_props.tbl,CCPropsChar_props,CCPropsChar::_ptcPropertyKeys,PROPCH_,attributes,41,HITSPELLSTR,HITSPELLSTR,RDS_SA
tables/CCPropsChar_props.tbl,CCPropsChar_props,CCPropsChar::_ptcPropertyKeys,PROPCH_,attributes,42,HITSWARM,HITSWARM,RDS_TOL
tables/CCPropsChar_props.tbl,CCPropsChar_props,CCPropsChar::_ptcPropertyKeys,PROPCH_,attributes,43,INCREASEDAM,INCREASEDAM,RDS_AOS
tables/CCPropsChar_props.tbl,CCPropsChar_props,CCPropsChar::_ptcPropertyKeys,PROPCH_,attributes,44,INCREASEDEFCHANCE,INCREASEDEFCHANCE,RDS_AOS
tables/CCPropsChar_props.tbl,CCPropsChar_props,CCPropsChar::_ptcPropertyKeys,PROPCH_,attributes,45,INCREASEDEFCHANCEMAX,INCREASEDEFCHANCEMAX,RDS_AOS
tables/CCPropsChar_props.tbl,CCPropsChar_props,CCPropsChar::_ptcPropertyKeys,PROPCH_,attributes,46,INCREASEGOLD,INCREASEGOLD,RDS_AOS
tables/CCPropsChar_props.tbl,CCPropsChar_props,CCPropsChar::_ptcPropertyKeys,PROPCH_,attributes,47,INCREASEHITCHANCE,INCREASEHITCHANCE,RDS_AOS
tables/CCPropsChar_props.tbl,CCPropsChar_props,CCPropsChar::_ptcPropertyKeys,PROPCH_,attributes,48,INCREASEKARMALOSS,INCREASEKARMALOSS,RDS_AOS
tables/CCPropsChar_props.tbl,CCPropsChar_props,CCPropsChar::_ptcPropertyKeys,PROPCH_,attributes,49,INCREASESPELLDAM,INCREASESPELLDAM,RDS_AOS
tables/CCPropsChar_props.tbl,CCPropsChar_props,CCPropsChar::_ptcPropertyKeys,PROPCH_,attributes,50,INCREASESWINGSPEED,INCREASESWINGSPEED,RDS_AOS
tables/CCPropsChar_props.tbl,CCPropsChar_props,CCPropsChar::_ptcPropertyKeys,PROPCH_,attributes,51,LOWERAMMOCOST,LOWERAMMOCOST,RDS_AOS
tables/CCPropsChar_props.tbl,CCPropsChar_props,CCPropsChar::_ptcPropertyKeys,PROPCH_,attributes,52,LOWERMANACOST,LOWERMANACOST,RDS_AOS
tables/CCPropsChar_props.tbl,CCPropsChar_props,CCPropsChar::_ptcPropertyKeys,PROPCH_,attributes,53,LOWERREAGENTCOST,LOWERREAGENTCOST,RDS_AOS
tables/CCPropsChar_props.tbl,CCPropsChar_props,CCPropsChar::_ptcPropertyKeys,PROPCH_,attributes,54,LUCK,LUCK,RDS_AOS
tables/CCPropsChar_props.tbl,CCPropsChar_props,CCPropsChar::_ptcPropertyKeys,PROPCH_,attributes,55,NIGHTSIGHT,NIGHTSIGHT,RDS_PRET2A
tables/CCPropsChar_props.tbl,CCPropsChar_props,CCPropsChar::_ptcPropertyKeys,PROPCH_,attributes,56,RAGEFOCUS,RAGEFOCUS,RDS_SA
tables/CCPropsChar_props.tbl,CCPropsChar_props,CCPropsChar::_ptcPropertyKeys,PROPCH_,attributes,57,REACTIVEPARALYZE,REACTIVEPARALYZE,RDS_AOS
tables/CCPropsChar_props.tbl,CCPropsChar_props,CCPropsChar::_ptcPropertyKeys,PROPCH_,attributes,58,REFLECTPHYSICALDAM,REFLECTPHYSICALDAM,RDS_AOS
tables/CCPropsChar_props.tbl,CCPropsChar_props,CCPropsChar::_ptcPropertyKeys,PROPCH_,attributes,59,RESCOLD,RESCOLD,RDS_PRET2A
tables/CCPropsChar_props.tbl,CCPropsChar_props,CCPropsChar::_ptcPropertyKeys,PROPCH_,attributes,60,RESCOLDMAX,RESCOLDMAX,RDS_PRET2A
tables/CCPropsChar_props.tbl,CCPropsChar_props,CCPropsChar::_ptcPropertyKeys,PROPCH_,attributes,61,RESENERGY,RESENERGY,RDS_PRET2A
tables/CCPropsChar_props.tbl,CCPropsChar_props,CCPropsChar::_ptcPropertyKeys,PROPCH_,attributes,62,RESENERGYMAX,RESENERGYMAX,RDS_PRET2A
tables/CCPropsChar_props.tbl,CCPropsChar_props,CCPropsChar::_ptcPropertyKeys,PROPCH_,attributes,63,RESFIRE,RESFIRE,RDS_PRET2A
tables/CCPropsChar_props.tbl,CCPropsChar_props,CCPropsChar::_ptcPropertyKeys,PROPCH_,attributes,64,RESFIREMAX,RESFIREMAX,RDS_PRET2A
tables/CCPropsChar_props.tbl,CCPropsChar_props,CCPropsChar::_ptcPropertyKeys,PROPCH_,attributes,65,RESONANCECOLD,RESONANCECOLD,RDS_SA
tables/CCPropsChar_props.tbl,CCPropsChar_props,CCPropsChar::_ptcPropertyKeys,PROPCH_,attributes,66,RESONANCEENERGY,RESONANCEENERGY,RDS_SA
tables/CCPropsChar_props.tbl,CCPropsChar_props,CCPropsChar::_ptcPropertyKeys,PROPCH_,attributes,67,RESONANCEFIRE,RESONANCEFIRE,RDS_SA
tables/CCPropsChar_props.tbl,CCPropsChar_props,CCPropsChar::_ptcPropertyKeys,PROPCH_,attributes,68,RESONANCEKINETIC,RESONANCEKINETIC,RDS_SA
tables/CCPropsChar_props.tbl,CCPropsChar_props,CCPropsChar::_ptcPropertyKeys,PROPCH_,attributes,69,RESONANCEPOISON,RESONANCEPOISON,RDS_SA
tables/CCPropsChar_props.tbl,CCPropsChar_props,CCPropsChar::_ptcPropertyKeys,PROPCH_,attributes,70,RESPHYSICAL,RESPHYSICAL,RDS_PRET2A
tables/CCPropsChar_props.tbl,CCPropsChar_props,CCPropsChar::_ptcPropertyKeys,PROPCH_,attributes,71,RESPHYSICALMAX,RESPHYSICALMAX,RDS_PRET2A
tables/CCPropsChar_props.tbl,CCPropsChar_props,CCPropsChar::_ptcPropertyKeys,PROPCH_,attributes,72,RESPOISON,RESPOISON,RDS_PRET2A
tables/CCPropsChar_props.tbl,CCPropsChar_props,CCPropsChar::_ptcPropertyKeys,PROPCH_,attributes,73,RESPOISONMAX,RESPOISONMAX,RDS_PRET2A
tables/CCPropsChar_props.tbl,CCPropsChar_props,CCPropsChar::_ptcPropertyKeys,PROPCH_,attributes,74,SOULCHARGE,SOULCHARGE,RDS_AOS
tables/CCPropsChar_props.tbl,CCPropsChar_props,CCPropsChar::_ptcPropertyKeys,PROPCH_,attributes,75,SOULCHARGECOLD,SOULCHARGECOLD,RDS_SA
tables/CCPropsChar_props.tbl,CCPropsChar_props,CCPropsChar::_ptcPropertyKeys,PROPCH_,attributes,76,SOULCHARGEENERGY,SOULCHARGEENERGY,RDS_SA
tables/CCPropsChar_props.tbl,CCPropsChar_props,CCPropsChar::_ptcPropertyKeys,PROPCH_,attributes,77,SOULCHARGEFIRE,SOULCHARGEFIRE,RDS_SA
tables/CCPropsChar_props.tbl,CCPropsChar_props,CCPropsChar::_ptcPropertyKeys,PROPCH_,attributes,78,SOULCHARGEKINETIC,SOULCHARGEKINETIC,RDS_SA
tables/CCPropsChar_props.tbl,CCPropsChar_props,CCPropsChar::_ptcPropertyKeys,PROPCH_,attributes,79,SOULCHARGEPOISON,SOULCHARGEPOISON,RDS_SA
tables/CCPropsChar_props.tbl,CCPropsChar_props,CCPropsChar::_ptcPropertyKeys,PROPCH_,attributes,80,SPELLCHANNELING,SPELLCHANNELING,RDS_AOS
tables/CCPropsChar_props.tbl,CCPropsChar_props,CCPropsChar::_ptcPropertyKeys,PROPCH_,attributes,81,SPELLCONSUMPTION,SPELLCONSUMPTION,RDS_AOS
tables/CCPropsChar_props.tbl,CCPropsChar_props,CCPropsChar::_ptcPropertyKeys,PROPCH_,attributes,82,SPELLFOCUSING,SPELLFOCUSING,RDS_AOS
tables/CCPropsItemChar_props.tbl,CCPropsItemChar_props,CCPropsItemChar::_ptcPropertyKeys,PROPITCH_,attributes,0,WEIGHTREDUCTION,WEIGHTREDUCTION,RDS_AOS
tables/CCPropsItemEquippable_props.tbl,CCPropsItemEquippable_props,CCPropsItemEquippable::_ptcPropertyKeys,PROPIEQUIP_,attributes,0,ALTERED,ALTERED,RDS_SA
tables/CCPropsItemEquippable_props.tbl,CCPropsItemEquippable_props,CCPropsItemEquippable::_ptcPropertyKeys,PROPIEQUIP_,attributes,1,ANTIQUE,ANTIQUE,RDS_AOS
tables/CCPropsItemEquippable_props.tbl,CCPropsItemEquippable_props,CCPropsItemEquippable::_ptcPropertyKeys,PROPIEQUIP_,attributes,2,BONUSBERSERK,BONUSBERSERK,RDS_ML
tables/CCPropsItemEquippable_props.tbl,CCPropsItemEquippable_props,CCPropsItemEquippable::_ptcPropertyKeys,PROPIEQUIP_,attributes,3,BONUSDEX,BONUSDEX,RDS_AOS
tables/CCPropsItemEquippable_props.tbl,CCPropsItemEquippable_props,CCPropsItemEquippable::_ptcPropertyKeys,PROPIEQUIP_,attributes,4,BONUSDURABILITY,BONUSDURABILITY,RDS_AOS
tables/CCPropsItemEquippable_props.tbl,CCPropsItemEquippable_props,CCPropsItemEquippable::_ptcPropertyKeys,PROPIEQUIP_,attributes,5,BONUSHITSMAX,BONUSHITSMAX,RDS_AOS
tables/CCPropsItemEquippable_props.tbl,CCPropsItemEquippable_props,CCPropsItemEquippable::_ptcPropertyKeys,PROPIEQUIP_,attributes,6,BONUSINT,BONUSINT,RDS_AOS
tables/CCPropsItemEquippable_props.tbl,CCPropsItemEquippable_props,CCPropsItemEquippable::_ptcPropertyKeys,PROPIEQUIP_,attributes,7,BONUSMANAMAX,BONUSMANAMAX,RDS_AOS
tables/CCPropsItemEquippable_props.tbl,CCPropsItemEquippable_props,CCPropsItemEquippable::_ptcPropertyKeys,PROPIEQUIP_,attributes,8,BONUSSTAMMAX,BONUSSTAMMAX,RDS_AOS
tables/CCPropsItemEquippable_props.tbl,CCPropsItemEquippable_props,CCPropsItemEquippable::_ptcPropertyKeys,PROPIEQUIP_,attributes,9,BONUSSTR,BONUSSTR,RDS_AOS
tables/CCPropsItemEquippable_props.tbl,CCPropsItemEquippable_props,CCPropsItemEquippable::_ptcPropertyKeys,PROPIEQUIP_,attributes,10,BRITTLE,BRITTLE,RDS_AOS
tables/CCPropsItemEquippable_props.tbl,CCPropsItemEquippable_props,CCPropsItemEquippable::_ptcPropertyKeys,PROPIEQUIP_,attributes,11,CASTINGFOCUS,CASTINGFOCUS,RDS_SA
tables/CCPropsItemEquippable_props.tbl,CCPropsItemEquippable_props,CCPropsItemEquippable::_ptcPropertyKeys,PROPIEQUIP_,attributes,12,COMBATBONUSPERCENT,COMBATBONUSPERCENT,RDS_PRET2A
tables/CCPropsItemEquippable_props.tbl,CCPropsItemEquippable_props,CCPropsItemEquippable::_ptcPropertyKeys,PROPIEQUIP_,attributes,13,COMBATBONUSSTAT,COMBATBONUSSTAT,RDS_PRET2A
tables/CCPropsItemEquippable_props.tbl,CCPropsItemEquippable_props,CCPropsItemEquippable::_ptcPropertyKeys,PROPIEQUIP_,attributes,14,DAMCHAOS,DAMCHAOS,RDS_PRET2A
tables/CCPropsItemEquippable_props.tbl,CCPropsItemEquippable_props,CCPropsItemEquippable::_ptcPropertyKeys,PROPIEQUIP_,attributes,15,DAMCOLD,DAMCOLD,RDS_PRET2A
tables/CCPropsItemEquippable_props.tbl,CCPropsItemEquippable_props,CCPropsItemEquippable::_ptcPropertyKeys,PROPIEQUIP_,attributes,16,DAMDIRECT,DAMDIRECT,RDS_PRET2A
tables/CCPropsItemEquippable_props.tbl,CCPropsItemEquippable_props,CCPropsItemEquippable::_ptcPropertyKeys,PROPIEQUIP_,attributes,17,DAMENERGY,DAMENERGY,RDS_PRET2A
tables/CCPropsItemEquippable_props.tbl,CCPropsItemEquippable_props,CCPropsItemEquippable::_ptcPropertyKeys,PROPIEQUIP_,attributes,18,DAMFIRE,DAMFIRE,RDS_PRET2A
tables/CCPropsItemEquippable_props.tbl,CCPropsItemEquippable_props,CCPropsItemEquippable::_ptcPropertyKeys,PROPIEQUIP_,attributes,19,DAMPHYSICAL,DAMPHYSICAL,RDS_PRET2A
tables/CCPropsItemEquippable_props.tbl,CCPropsItemEquippable_props,CCPropsItemEquippable::_ptcPropertyKeys,PROPIEQUIP_,attributes,20,DAMPOISON,DAMPOISON,RDS_PRET2A
tables/CCPropsItemEquippable_props.tbl,CCPropsItemEquippable_props,CCPropsItemEquippable::_ptcPropertyKeys,PROPIEQUIP_,attributes,21,EATERCOLD,EATERCOLD,RDS_SA
tables/CCPropsItemEquippable_props.tbl,CCPropsItemEquippable_props,CCPropsItemEquippable::_ptcPropertyKeys,PROPIEQUIP_,attributes,22,EATERDAM,EATERDAM,RDS_SA
tables/CCPropsItemEquippable_props.tbl,CCPropsItemEquippable_props,CCPropsItemEquippable::_ptcPropertyKeys,PROPIEQUIP_,attributes,23,EATERENERGY,EATERENERGY,RDS_SA
tables/CCPropsItemEquippable_props.tbl,CCPropsItemEquippable_props,CCPropsItemEquippable::_ptcPropertyKeys,PROPIEQUIP_,attributes,24,EATERFIRE,EATERFIRE,RDS_SA
tables/CCPropsItemEquippable_props.tbl,CCPropsItemEquippable_props,CCPropsItemEquippable::_ptcPropertyKeys,PROPIEQUIP_,attributes,25,EATERKINETIC,EATERKINETIC,RDS_SA
tables/CCPropsItemEquippable_props.tbl,CCPropsItemEquippable_props,CCPropsItemEquippable::_ptcPropertyKeys,PROPIEQUIP_,attributes,26,EATERPOISON,EATERPOISON,RDS_SA
tables/CCPropsItemEquippable_props.tbl,CCPropsItemEquippable_props,CCPropsItemEquippable::_ptcPropertyKeys,PROPIEQUIP_,attributes,27,ENHANCEPOTIONS,ENHANCEPOTIONS,RDS_AOS
tables/CCPropsItemEquippable_props.tbl,CCPropsItemEquippable_props,CCPropsItemEquippable::_ptcPropertyKeys,PROPIEQUIP_,attributes,28,EPHEMERAL,EPHEMERAL,RDS_SA
tables/CCPropsItemEquippable_props.tbl,CCPropsItemEquippable_props,CCPropsItemEquippable::_ptcPropertyKeys,PROPIEQUIP_,attributes,29,FASTERCASTING,FASTERCASTING,RDS_AOS
tables/CCPropsItemEquippable_props.tbl,CCPropsItemEquippable_props,CCPropsItemEquippable::_ptcPropertyKeys,PROPIEQUIP_,attributes,30,FASTERCASTRECOVERY,FASTERCASTRECOVERY,RDS_AOS
tables/CCPropsItemEquippable_props.tbl,CCPropsItemEquippable_props,CCPropsItemEquippable::_ptcPropertyKeys,PROPIEQUIP_,attributes,31,HITAREACOLD,HITAREACOLD,RDS_PRET2A
tables/CCPropsItemEquippable_props.tbl,CCPropsItemEquippable_props,CCPropsItemEquippable::_ptcPropertyKeys,PROPIEQUIP_,attributes,32,HITAREAENERGY,HITAREAENERGY,RDS_PRET2A
tables/CCPropsItemEquippable_props.tbl,CCPropsItemEquippable_props,CCPropsItemEquippable::_ptcPropertyKeys,PROPIEQUIP_,attributes,33,HITAREAFIRE,HITAREAFIRE,RDS_PRET2A
tables/CCPropsItemEquippable_props.tbl,CCPropsItemEquippable_props,CCPropsItemEquippable::_ptcPropertyKeys,PROPIEQUIP_,attributes,34,HITAREAPHYSICAL,HITAREAPHYSICAL,RDS_PRET2A
tables/CCPropsItemEquippable_props.tbl,CCPropsItemEquippable_props,CCPropsItemEquippable::_ptcPropertyKeys,PROPIEQUIP_,attributes,35,HITAREAPOISON,HITAREAPOISON,RDS_PRET2A
tables/CCPropsItemEquippable_props.tbl,CCPropsItemEquippable_props,CCPropsItemEquippable::_ptcPropertyKeys,PROPIEQUIP_,attributes,36,HITCURSE,HITCURSE,RDS_AOS
tables/CCPropsItemEquippable_props.tbl,CCPropsItemEquippable_props,CCPropsItemEquippable::_ptcPropertyKeys,PROPIEQUIP_,attributes,37,HITDISPEL,HITDISPEL,RDS_AOS
tables/CCPropsItemEquippable_props.tbl,CCPropsItemEquippable_props,CCPropsItemEquippable::_ptcPropertyKeys,PROPIEQUIP_,attributes,38,HITFATIGUE,HITFATIGUE,RDS_AOS
tables/CCPropsItemEquippable_props.tbl,CCPropsItemEquippable_props,CCPropsItemEquippable::_ptcPropertyKeys,PROPIEQUIP_,attributes,39,HITFIREBALL,HITFIREBALL,RDS_AOS
tables/CCPropsItemEquippable_props.tbl,CCPropsItemEquippable_props,CCPropsItemEquippable::_ptcPropertyKeys,PROPIEQUIP_,attributes,40,HITHARM,HITHARM,RDS_AOS
tables/CCPropsItemEquippable_props.tbl,CCPropsItemEquippable_props,CCPropsItemEquippable::_ptcPropertyKeys,PROPIEQUIP_,attributes,41,HITLEECHLIFE,HITLEECHLIFE,RDS_AOS
tables/CCPropsItemEquippable_props.tbl,CCPropsItemEquippable_props,CCPropsItemEquippable::_ptcPropertyKeys,PROPIEQUIP_,attributes,42,HITLEECHMANA,HITLEECHMANA,RDS_AOS
tables/CCPropsItemEquippable_props.tbl,CCPropsItemEquippable_props,CCPropsItemEquippable::_ptcPropertyKeys,PROPIEQUIP_,attributes,43,HITLEECHSTAM,HITLEECHSTAM,RDS_AOS
tables/CCPropsItemEquippable_props.tbl,CCPropsItemEquippable_props,CCPropsItemEquippable::_ptcPropertyKeys,PROPIEQUIP_,attributes,44,HITLIGHTNING,HITLIGHTNING,RDS_AOS
tables/CCPropsItemEquippable_props.tbl,CCPropsItemEquippable_props,CCPropsItemEquippable::_ptcPropertyKeys,PROPIEQUIP_,attributes,45,HITLOWERATK,HITLOWERATK,RDS_AOS
tables/CCPropsItemEquippable_props.tbl,CCPropsItemEquippable_props,CCPropsItemEquippable::_ptcPropertyKeys,PROPIEQUIP_,attributes,46,HITLOWERDEF,HITLOWERDEF,RDS_AOS
tables/CCPropsItemEquippable_props.tbl,CCPropsItemEquippable_props,CCPropsItemEquippable::_ptcPropertyKeys,PROPIEQUIP_,attributes,47,HITMAGICARROW,HITMAGICARROW,RDS_AOS
tables/CCPropsItemEquippable_props.tbl,CCPropsItemEquippable_props,CCPropsItemEquippable::_ptcPropertyKeys,PROPIEQUIP_,attributes,48,HITMANADRAIN,HITMANADRAIN,RDS_AOS
tables/CCPropsItemEquippable_props.tbl,CCPropsItemEquippable_props,CCPropsItemEquippable::_ptcPropertyKeys,PROPIEQUIP_,attributes,49,HITSPARKS,HITSPARKS,RDS_TOL
tables/CCPropsItemEquippable_props.tbl,CCPropsItemEquippable_props,CCPropsItemEquippable::_ptcPropertyKeys,PROPIEQUIP_,attributes,50,HITSPELL,HITSPELL,RDS_SA
tables/CCPropsItemEquippable_props.tbl,CCPropsItemEquippable_props,CCPropsItemEquippable::_ptcPropertyKeys,PROPIEQUIP_,attributes,51,HITSPELLSTR,HITSPELLSTR,RDS_SA
tables/CCPropsItemEquippable_props.tbl,CCPropsItemEquippable_props,CCPropsItemEquippable::_ptcPropertyKeys,PROPIEQUIP_,attributes,52,HITSWARM,HITSWARM,RDS_TOL
tables/CCPropsItemEquippable_props.tbl,CCPropsItemEquippable_props,CCPropsItemEquippable::_ptcPropertyKeys,PROPIEQUIP_,attributes,53,IMBUED,IMBUED,RDS_SA
tables/CCPropsItemEquippable_props.tbl,CCPropsItemEquippable_props,CCPropsItemEquippable::_ptcPropertyKeys,PROPIEQUIP_,attributes,54,INCREASEDAM,INCREASEDAM,RDS_AOS
tables/CCPropsItemEquippable_props.tbl,CCPropsItemEquippable_props,CCPropsItemEquippable::_ptcPropertyKeys,PROPIEQUIP_,attributes,55,INCREASEDEFCHANCE,INCREASEDEFCHANCE,RDS_AOS
tables/CCPropsItemEquippable_props.tbl,CCPropsItemEquippable_props,CCPropsItemEquippable::_ptcPropertyKeys,PROPIEQUIP_,attributes,56,INCREASEDEFCHANCEMAX,INCREASEDEFCHANCEMAX,RDS_AOS
tables/CCPropsItemEquippable_props.tbl,CCPropsItemEquippable_props,CCPropsItemEquippable::_ptcPropertyKeys,PROPIEQUIP_,attributes,57,INCREASEGOLD,INCREASEGOLD,RDS_AOS
tables/CCPropsItemEquippable_props.tbl,CCPropsItemEquippable_props,CCPropsItemEquippable::_ptcPropertyKeys,PROPIEQUIP_,attributes,58,INCREASEHITCHANCE,INCREASEHITCHANCE,RDS_AOS
tables/CCPropsItemEquippable_props.tbl,CCPropsItemEquippable_props,CCPropsItemEquippable::_ptcPropertyKeys,PROPIEQUIP_,attributes,59,INCREASEKARMALOSS,INCREASEKARMALOSS,RDS_AOS
tables/CCPropsItemEquippable_props.tbl,CCPropsItemEquippable_props,CCPropsItemEquippable::_ptcPropertyKeys,PROPIEQUIP_,attributes,60,INCREASESPELLDAM,INCREASESPELLDAM,RDS_AOS
tables/CCPropsItemEquippable_props.tbl,CCPropsItemEquippable_props,CCPropsItemEquippable::_ptcPropertyKeys,PROPIEQUIP_,attributes,61,INCREASESWINGSPEED,INCREASESWINGSPEED,RDS_AOS
tables/CCPropsItemEquippable_props.tbl,CCPropsItemEquippable_props,CCPropsItemEquippable::_ptcPropertyKeys,PROPIEQUIP_,attributes,62,LOWERAMMOCOST,LOWERAMMOCOST,RDS_AOS
tables/CCPropsItemEquippable_props.tbl,CCPropsItemEquippable_props,CCPropsItemEquippable::_ptcPropertyKeys,PROPIEQUIP_,attributes,63,LOWERMANACOST,LOWERMANACOST,RDS_AOS
tables/CCPropsItemEquippable_props.tbl,CCPropsItemEquippable_props,CCPropsItemEquippable::_ptcPropertyKeys,PROPIEQUIP_,attributes,64,LOWERREAGENTCOST,LOWERREAGENTCOST,RDS_AOS
tables/CCPropsItemEquippable_props.tbl,CCPropsItemEquippable_props,CCPropsItemEquippable::_ptcPropertyKeys,PROPIEQUIP_,attributes,65,LOWERREQ,LOWERREQ,RDS_AOS
tables/CCPropsItemEquippable_props.tbl,CCPropsItemEquippable_props,CCPropsItemEquippable::_ptcPropertyKeys,PROPIEQUIP_,attributes,66,LUCK,LUCK,RDS_AOS
tables/CCPropsItemEquippable_props.tbl,CCPropsItemEquippable_props,CCPropsItemEquippable::_ptcPropertyKeys,PROPIEQUIP_,attributes,67,MAGEARMOR,MAGEARMOR,RDS_AOS
tables/CCPropsItemEquippable_props.tbl,CCPropsItemEquippable_props,CCPropsItemEquippable::_ptcPropertyKeys,PROPIEQUIP_,attributes,68,MASSIVE,MASSIVE,RDS_AOS
tables/CCPropsItemEquippable_props.tbl,CCPropsItemEquippable_props,CCPropsItemEquippable::_ptcPropertyKeys,PROPIEQUIP_,attributes,69,NIGHTSIGHT,NIGHTSIGHT,RDS_AOS
tables/CCPropsItemEquippable_props.tbl,CCPropsItemEquippable_props,CCPropsItemEquippable::_ptcPropertyKeys,PROPIEQUIP_,attributes,70,PRIZED,PRIZED,RDS_AOS
tables/CCPropsItemEquippable_props.tbl,CCPropsItemEquippable_props,CCPropsItemEquippable::_ptcPropertyKeys,PROPIEQUIP_,attributes,71,RAGEFOCUS,RAGEFOCUS,RDS_SA
tables/CCPropsItemEquippable_props.tbl,CCPropsItemEquippable_props,CCPropsItemEquippable::_ptcPropertyKeys,PROPIEQUIP_,attributes,72,REACTIVEPARALYZE,REACTIVEPARALYZE,RDS_AOS
tables/CCPropsItemEquippable_props.tbl,CCPropsItemEquippable_props,CCPropsItemEquippable::_ptcPropertyKeys,PROPIEQUIP_,attributes,73,REFLECTPHYSICALDAM,REFLECTPHYSICALDAM,RDS_AOS
tables/CCPropsItemEquippable_props.tbl,CCPropsItemEquippable_props,CCPropsItemEquippable::_ptcPropertyKeys,PROPIEQUIP_,attributes,74,REGENFOOD,REGENFOOD,RDS_AOS
tables/CCPropsItemEquippable_props.tbl,CCPropsItemEquippable_props,CCPropsItemEquippable::_ptcPropertyKeys,PROPIEQUIP_,attributes,75,REGENHITS,REGENHITS,RDS_AOS
tables/CCPropsItemEquippable_props.tbl,CCPropsItemEquippable_props,CCPropsItemEquippable::_ptcPropertyKeys,PROPIEQUIP_,attributes,76,REGENMANA,REGENMANA,RDS_AOS
tables/CCPropsItemEquippable_props.tbl,CCPropsItemEquippable_props,CCPropsItemEquippable::_ptcPropertyKeys,PROPIEQUIP_,attributes,77,REGENSTAM,REGENSTAM,RDS_AOS
tables/CCPropsItemEquippable_props.tbl,CCPropsItemEquippable_props,CCPropsItemEquippable::_ptcPropertyKeys,PROPIEQUIP_,attributes,78,REGENVALFOOD,REGENVALFOOD,RDS_AOS
tables/CCPropsItemEquippable_props.tbl,CCPropsItemEquippable_props,CCPropsItemEquippable::_ptcPropertyKeys,PROPIEQUIP_,attributes,79,REGENVALHITS,REGENVALHITS,RDS_AOS
tables/CCPropsItemEquippable_props.tbl,CCPropsItemEquippable_props,CCPropsItemEquippable::_ptcPropertyKeys,PROPIEQUIP_,attributes,80,REGENVALMANA,REGENVALMANA,RDS_AOS
tables/CCPropsItemEquippable_props.tbl,CCPropsItemEquippable_props,CCPropsItemEquippable::_ptcPropertyKeys,PROPIEQUIP_,attributes,81,REGENVALSTAM,REGENVALSTAM,RDS_AOS
tables/CCPropsItemEquippable_props.tbl,CCPropsItemEquippable_props,CCPropsItemEquippable::_ptcPropertyKeys,PROPIEQUIP_,attributes,82,RESCOLD,RESCOLD,RDS_PRET2A
tables/CCPropsItemEquippable_props.tbl,CCPropsItemEquippable_props,CCPropsItemEquippable::_ptcPropertyKeys,PROPIEQUIP_,attributes,83,RESCOLDMAX,RESCOLDMAX,RDS_PRET2A
tables/CCPropsItemEquippable_props.tbl,CCPropsItemEquippable_props,CCPropsItemEquippable::_ptcPropertyKeys,PROPIEQUIP_,attributes,84,RESENERGY,RESENERGY,RDS_PRET2A
tables/CCPropsItemEquippable_props.tbl,CCPropsItemEquippable_props,CCPropsItemEquippable::_ptcPropertyKeys,PROPIEQUIP_,attributes,85,RESENERGYMAX,RESENERGYMAX,RDS_PRET2A
tables/CCPropsItemEquippable_props.tbl,CCPropsItemEquippable_props,CCPropsItemEquippable::_ptcPropertyKeys,PROPIEQUIP_,attributes,86,RESFIRE,RESFIRE,RDS_PRET2A
tables/CCPropsItemEquippable_props.tbl,CCPropsItemEquippable_props,CCPropsItemEquippable::_ptcPropertyKeys,PROPIEQUIP_,attributes,87,RESFIREMAX,RESFIREMAX,RDS_PRET2A
tables/CCPropsItemEquippable_props.tbl,CCPropsItemEquippable_props,CCPropsItemEquippable::_ptcPropertyKeys,PROPIEQUIP_,attributes,88,RESONANCECOLD,RESONANCECOLD,RDS_SA
tables/CCPropsItemEquippable_props.tbl,CCPropsItemEquippable_props,CCPropsItemEquippable::_ptcPropertyKeys,PROPIEQUIP_,attributes,89,RESONANCEENERGY,RESONANCEENERGY,RDS_SA
tables/CCPropsItemEquippable_props.tbl,CCPropsItemEquippable_props,CCPropsItemEquippable::_ptcPropertyKeys,PROPIEQUIP_,attributes,90,RESONANCEFIRE,RESONANCEFIRE,RDS_SA
tables/CCPropsItemEquippable_props.tbl,CCPropsItemEquippable_props,CCPropsItemEquippable::_ptcPropertyKeys,PROPIEQUIP_,attributes,91,RESONANCEKINETIC,RESONANCEKINETIC,RDS_SA
tables/CCPropsItemEquippable_props.tbl,CCPropsItemEquippable_props,CCPropsItemEquippable::_ptcPropertyKeys,PROPIEQUIP_,attributes,92,RESONANCEPOISON,RESONANCEPOISON,RDS_SA
tables/CCPropsItemEquippable_props.tbl,CCPropsItemEquippable_props,CCPropsItemEquippable::_ptcPropertyKeys,PROPIEQUIP_,attributes,93,RESPHYSICAL,RESPHYSICAL,RDS_PRET2A
tables/CCPropsItemEquippable_props.tbl,CCPropsItemEquippable_props,CCPropsItemEquippable::_ptcPropertyKeys,PROPIEQUIP_,attributes,94,RESPHYSICALMAX,RESPHYSICALMAX,RDS_PRET2A
tables/CCPropsItemEquippable_props.tbl,CCPropsItemEquippable_props,CCPropsItemEquippable::_ptcPropertyKeys,PROPIEQUIP_,attributes,95,RESPOISON,RESPOISON,RDS_PRET2A
tables/CCPropsItemEquippable_props.tbl,CCPropsItemEquippable_props,CCPropsItemEquippable::_ptcPropertyKeys,PROPIEQUIP_,attributes,96,RESPOISONMAX,RESPOISONMAX,RDS_PRET2A
tables/CCPropsItemEquippable_props.tbl,CCPropsItemEquippable_props,CCPropsItemEquippable::_ptcPropertyKeys,PROPIEQUIP_,attributes,97,SLAYER_GROUP,SLAYER_GROUP,RDS_AOS
tables/CCPropsItemEquippable_props.tbl,CCPropsItemEquippable_props,CCPropsItemEquippable::_ptcPropertyKeys,PROPIEQUIP_,attributes,98,SLAYER_SPECIES,SLAYER_SPECIES,RDS_AOS
tables/CCPropsItemEquippable_props.tbl,CCPropsItemEquippable_props,CCPropsItemEquippable::_ptcPropertyKeys,PROPIEQUIP_,attributes,99,SOULCHARGE,SOULCHARGE,RDS_AOS
tables/CCPropsItemEquippable_props.tbl,CCPropsItemEquippable_props,CCPropsItemEquippable::_ptcPropertyKeys,PROPIEQUIP_,attributes,100,SOULCHARGECOLD,SOULCHARGECOLD,RDS_SA
tables/CCPropsItemEquippable_props.tbl,CCPropsItemEquippable_props,CCPropsItemEquippable::_ptcPropertyKeys,PROPIEQUIP_,attributes,101,SOULCHARGEENERGY,SOULCHARGEENERGY,RDS_SA
tables/CCPropsItemEquippable_props.tbl,CCPropsItemEquippable_props,CCPropsItemEquippable::_ptcPropertyKeys,PROPIEQUIP_,attributes,102,SOULCHARGEFIRE,SOULCHARGEFIRE,RDS_SA
tables/CCPropsItemEquippable_props.tbl,CCPropsItemEquippable_props,CCPropsItemEquippable::_ptcPropertyKeys,PROPIEQUIP_,attributes,103,SOULCHARGEKINETIC,SOULCHARGEKINETIC,RDS_SA
tables/CCPropsItemEquippable_props.tbl,CCPropsItemEquippable_props,CCPropsItemEquippable::_ptcPropertyKeys,PROPIEQUIP_,attributes,104,SOULCHARGEPOISON,SOULCHARGEPOISON,RDS_SA
tables/CCPropsItemEquippable_props.tbl,CCPropsItemEquippable_props,CCPropsItemEquippable::_ptcPropertyKeys,PROPIEQUIP_,attributes,105,SPELLCHANNELING,SPELLCHANNELING,RDS_AOS
tables/CCPropsItemEquippable_props.tbl,CCPropsItemEquippable_props,CCPropsItemEquippable::_ptcPropertyKeys,PROPIEQUIP_,attributes,106,SPELLCONSUMPTION,SPELLCONSUMPTION,RDS_AOS
tables/CCPropsItemEquippable_props.tbl,CCPropsItemEquippable_props,CCPropsItemEquippable::_ptcPropertyKeys,PROPIEQUIP_,attributes,107,SPELLFOCUSING,SPELLFOCUSING,RDS_AOS
tables/CCPropsItemEquippable_props.tbl,CCPropsItemEquippable_props,CCPropsItemEquippable::_ptcPropertyKeys,PROPIEQUIP_,attributes,108,UNWIELDLY,UNWIELDLY,RDS_AOS
tables/CCPropsItemWeaponRanged_props.tbl,CCPropsItemWeaponRanged_props,CCPropsItemWeaponRanged::_ptcPropertyKeys,PROPIWEAPRNG_,attributes,0,AMMOANIM,AMMOANIM,RDS_PRET2A
tables/CCPropsItemWeaponRanged_props.tbl,CCPropsItemWeaponRanged_props,CCPropsItemWeaponRanged::_ptcPropertyKeys,PROPIWEAPRNG_,attributes,1,AMMOANIMHUE,AMMOANIMHUE,RDS_PRET2A
tables/CCPropsItemWeaponRanged_props.tbl,CCPropsItemWeaponRanged_props,CCPropsItemWeaponRanged::_ptcPropertyKeys,PROPIWEAPRNG_,attributes,2,AMMOANIMRENDER,AMMOANIMRENDER,RDS_PRET2A
tables/CCPropsItemWeaponRanged_props.tbl,CCPropsItemWeaponRanged_props,CCPropsItemWeaponRanged::_ptcPropertyKeys,PROPIWEAPRNG_,attributes,3,AMMOCONT,AMMOCONT,RDS_PRET2A
tables/CCPropsItemWeaponRanged_props.tbl,CCPropsItemWeaponRanged_props,CCPropsItemWeaponRanged::_ptcPropertyKeys,PROPIWEAPRNG_,attributes,4,AMMOSOUNDHIT,AMMOSOUNDHIT,RDS_PRET2A
tables/CCPropsItemWeaponRanged_props.tbl,CCPropsItemWeaponRanged_props,CCPropsItemWeaponRanged::_ptcPropertyKeys,PROPIWEAPRNG_,attributes,5,AMMOSOUNDMISS,AMMOSOUNDMISS,RDS_PRET2A
tables/CCPropsItemWeaponRanged_props.tbl,CCPropsItemWeaponRanged_props,CCPropsItemWeaponRanged::_ptcPropertyKeys,PROPIWEAPRNG_,attributes,6,AMMOTYPE,AMMOTYPE,RDS_PRET2A
tables/CCPropsItemWeapon_props.tbl,CCPropsItemWeapon_props,CCPropsItemWeapon::_ptcPropertyKeys,PROPIWEAP_,attributes,0,ASSASSINHONED,ASSASSINHONED,RDS_TOL
tables/CCPropsItemWeapon_props.tbl,CCPropsItemWeapon_props,CCPropsItemWeapon::_ptcPropertyKeys,PROPIWEAP_,attributes,1,BALANCED,BALANCED,RDS_ML
tables/CCPropsItemWeapon_props.tbl,CCPropsItemWeapon_props,CCPropsItemWeapon::_ptcPropertyKeys,PROPIWEAP_,attributes,2,BANE,BANE,RDS_TOL
tables/CCPropsItemWeapon_props.tbl,CCPropsItemWeapon_props,CCPropsItemWeapon::_ptcPropertyKeys,PROPIWEAP_,attributes,3,BATTLELUST,BATTLELUST,RDS_SA
tables/CCPropsItemWeapon_props.tbl,CCPropsItemWeapon_props,CCPropsItemWeapon::_ptcPropertyKeys,PROPIWEAP_,attributes,4,BONEBREAKER,BONEBREAKER,RDS_TOL
tables/CCPropsItemWeapon_props.tbl,CCPropsItemWeapon_props,CCPropsItemWeapon::_ptcPropertyKeys,PROPIWEAP_,attributes,5,BLOODDRINKER,BLOODDRINKER,RDS_AOS
tables/CCPropsItemWeapon_props.tbl,CCPropsItemWeapon_props,CCPropsItemWeapon::_ptcPropertyKeys,PROPIWEAP_,attributes,6,MAGEWEAPON,MAGEWEAPON,RDS_AOS
tables/CCPropsItemWeapon_props.tbl,CCPropsItemWeapon_props,CCPropsItemWeapon::_ptcPropertyKeys,PROPIWEAP_,attributes,7,MYSTICWEAPON,MYSTICWEAPON,RDS_AOS
tables/CCPropsItemWeapon_props.tbl,CCPropsItemWeapon_props,CCPropsItemWeapon::_ptcPropertyKeys,PROPIWEAP_,attributes,8,RANGE,RANGE,RDS_PRET2A
tables/CCPropsItemWeapon_props.tbl,CCPropsItemWeapon_props,CCPropsItemWeapon::_ptcPropertyKeys,PROPIWEAP_,attributes,9,RANGEH,RANGEH,RDS_PRET2A
tables/CCPropsItemWeapon_props.tbl,CCPropsItemWeapon_props,CCPropsItemWeapon::_ptcPropertyKeys,PROPIWEAP_,attributes,10,RANGEL,RANGEL,RDS_PRET2A
tables/CCPropsItemWeapon_props.tbl,CCPropsItemWeapon_props,CCPropsItemWeapon::_ptcPropertyKeys,PROPIWEAP_,attributes,11,SEARINGWEAPON,SEARING,RDS_SA
tables/CCPropsItemWeapon_props.tbl,CCPropsItemWeapon_props,CCPropsItemWeapon::_ptcPropertyKeys,PROPIWEAP_,attributes,12,SPLINTERINGWEAPON,SPLINTERING,RDS_SA
tables/CCPropsItemWeapon_props.tbl,CCPropsItemWeapon_props,CCPropsItemWeapon::_ptcPropertyKeys,PROPIWEAP_,attributes,13,USEBESTWEAPONSKILL,USEBESTWEAPONSKILL,RDS_AOS
tables/CCPropsItemWeapon_props.tbl,CCPropsItemWeapon_props,CCPropsItemWeapon::_ptcPropertyKeys,PROPIWEAP_,attributes,14,WEAPONSOUNDHIT,WEAPONSOUNDHIT,RDS_PRET2A
tables/CCPropsItemWeapon_props.tbl,CCPropsItemWeapon_props,CCPropsItemWeapon::_ptcPropertyKeys,PROPIWEAP_,attributes,15,WEAPONSOUNDMISS,WEAPONSOUNDMISS,RDS_PRET2A
tables/CCPropsItem_props.tbl,CCPropsItem_props,CCPropsItem::_ptcPropertyKeys,PROPIT_,attributes,0,LAVAINFUSED,LAVAINFUSED,RDS_HS
tables/CCPropsItem_props.tbl,CCPropsItem_props,CCPropsItem::_ptcPropertyKeys,PROPIT_,attributes,1,SHIPWRECKITEM,SHIPWRECKITEM,RDS_HS
tables/CCPropsItem_props.tbl,CCPropsItem_props,CCPropsItem::_ptcPropertyKeys,PROPIT_,attributes,2,UNLUCKY,UNLUCKY,RDS_AOS
tables/CCharBase_props.tbl,CCharBase_props,CCharBase::sm_szLoadKeys,CBC_,attributes,0,ANIM,ANIM,
tables/CCharBase_props.tbl,CCharBase_props,CCharBase::sm_szLoadKeys,CBC_,attributes,1,ARMOR,ARMOR,
tables/CCharBase_props.tbl,CCharBase_props,CCharBase::sm_szLoadKeys,CBC_,attributes,2,AVERSIONS,AVERSIONS,
tables/CCharBase_props.tbl,CCharBase_props,CCharBase::sm_szLoadKeys,CBC_,attributes,3,BLOODCOLOR,BLOODCOLOR,
tables/CCharBase_props.tbl,CCharBase_props,CCharBase::sm_szLoadKeys,CBC_,attributes,4,BONDED,BONDED,
tables/CCharBase_props.tbl,CCharBase_props,CCharBase::sm_szLoadKeys,CBC_,attributes,5,BREATH,BREATH,
tables/CCharBase_props.tbl,CCharBase_props,CCharBase::sm_szLoadKeys,CBC_,attributes,6,COLOR,COLOR,
tables/CCharBase_props.tbl,CCharBase_props,CCharBase::sm_szLoadKeys,CBC_,attributes,7,DESIRES,DESIRES,
tables/CCharBase_props.tbl,CCharBase_props,CCharBase::sm_szLoadKeys,CBC_,attributes,8,DEX,DEX,
tables/CCharBase_props.tbl,CCharBase_props,CCharBase::sm_szLoadKeys,CBC_,attributes,9,DISPID,DISPID,
tables/CCharBase_props.tbl,CCharBase_props,CCharBase::sm_szLoadKeys,CBC_,attributes,10,ERALIMITGEAR,ERALIMITGEAR,
tables/CCharBase_props.tbl,CCharBase_props,CCharBase::sm_szLoadKeys,CBC_,attributes,11,ERALIMITLOOT,ERALIMITLOOT,
tables/CCharBase_props.tbl,CCharBase_props,CCharBase::sm_szLoadKeys,CBC_,attributes,12,ERALIMITPROPS,ERALIMITPROPS,
tables/CCharBase_props.tbl,CCharBase_props,CCharBase::sm_szLoadKeys,CBC_,attributes,13,FOLLOWERSLOTS,FOLLOWERSLOTS,
tables/CCharBase_props.tbl,CCharBase_props,CCharBase::sm_szLoadKeys,CBC_,attributes,14,FOODTYPE,FOODTYPE,
tables/CCharBase_props.tbl,CCharBase_props,CCharBase::sm_szLoadKeys,CBC_,attributes,15,HIREDAYWAGE,HIREDAYWAGE,
tables/CCharBase_props.tbl,CCharBase_props,CCharBase::sm_szLoadKeys,CBC_,attributes,16,ICON,ICON,
tables/CCharBase_props.tbl,CCharBase_props,CCharBase::sm_szLoadKeys,CBC_,attributes,17,ID,ID,
tables/CCharBase_props.tbl,CCharBase_props,CCharBase::sm_szLoadKeys,CBC_,attributes,18,INT,INT,
tables/CCharBase_props.tbl,CCharBase_props,CCharBase::sm_szLoadKeys,CBC_,attributes,19,JOB,JOB,
tables/CCharBase_props.tbl,CCharBase_props,CCharBase::sm_szLoadKeys,CBC_,attributes,20,MAXFOLLOWER,MAXFOLLOWER,
tables/CCharBase_props.tbl,CCharBase_props,CCharBase::sm_szLoadKeys,CBC_,attributes,21,MAXFOOD,MAXFOOD,
tables/CCharBase_props.tbl,CCharBase_props,CCharBase::sm_szLoadKeys,CBC_,attributes,22,MOVERATE,MOVERATE,
tables/CCharBase_props.tbl,CCharBase_props,CCharBase::sm_szLoadKeys,CBC_,attributes,23,RANGE,RANGE,
tables/CCharBase_props.tbl,CCharBase_props,CCharBase::sm_szLoadKeys,CBC_,attributes,24,RANGEH,RANGEH,
tables/CCharBase_props.tbl,CCharBase_props,CCharBase::sm_szLoadKeys,CBC_,attributes,25,RANGEL,RANGEL,
tables/CCharBase_props.tbl,CCharBase_props,CCharBase::sm_szLoadKeys,CBC_,attributes,26,RESDISPDNID,RESDISPDNID,
tables/CCharBase_props.tbl,CCharBase_props,CCharBase::sm_szLoadKeys,CBC_,attributes,27,SOUND,SOUND,
tables/CCharBase_props.tbl,CCharBase_props,CCharBase::sm_szLoadKeys,CBC_,attributes,28,SOUNDDIE,SOUNDDIE,
tables/CCharBase_props.tbl,CCharBase_props,CCharBase::sm_szLoadKeys,CBC_,attributes,29,SOUNDGETHIT,SOUNDGETHIT,
tables/CCharBase_props.tbl,CCharBase_props,CCharBase::sm_szLoadKeys,CBC_,attributes,30,SOUNDHIT,SOUNDHIT,
tables/CCharBase_props.tbl,CCharBase_props,CCharBase::sm_szLoadKeys,CBC_,attributes,31,SOUNDIDLE,SOUNDIDLE,
tables/CCharBase_props.tbl,CCharBase_props,CCharBase::sm_szLoadKeys,CBC_,attributes,32,SOUNDNOTICE,SOUNDNOTICE,
tables/CCharBase_props.tbl,CCharBase_props,CCharBase::sm_szLoadKeys,CBC_,attributes,33,STR,STR,
tables/CCharBase_props.tbl,CCharBase_props,CCharBase::sm_szLoadKeys,CBC_,attributes,34,THROWDAM,THROWDAM,
tables/CCharBase_props.tbl,CCharBase_props,CCharBase::sm_szLoadKeys,CBC_,attributes,35,THROWDAMTYPE,THROWDAMTYPE,
tables/CCharBase_props.tbl,CCharBase_props,CCharBase::sm_szLoadKeys,CBC_,attributes,36,THROWOBJ,THROWOBJ,
tables/CCharBase_props.tbl,CCharBase_props,CCharBase::sm_szLoadKeys,CBC_,attributes,37,THROWRANGE,THROWRANGE,
tables/CCharBase_props.tbl,CCharBase_props,CCharBase::sm_szLoadKeys,CBC_,attributes,38,TITHING,TITHING,
tables/CCharBase_props.tbl,CCharBase_props,CCharBase::sm_szLoadKeys,CBC_,attributes,39,TSPEECH,TSPEECH,
tables/CCharNpc_props.tbl,CCharNpc_props,CCharNPC::sm_szLoadKeys,CNC_,attributes,0,ACTPRI,ACTPRI,
tables/CCharNpc_props.tbl,CCharNpc_props,CCharNPC::sm_szLoadKeys,CNC_,attributes,1,BONDED,BONDED,
tables/CCharNpc_props.tbl,CCharNpc_props,CCharNPC::sm_szLoadKeys,CNC_,attributes,2,HOMEDIST,HOMEDIST,
tables/CCharNpc_props.tbl,CCharNpc_props,CCharNPC::sm_szLoadKeys,CNC_,attributes,3,NEED,NEED,
tables/CCharNpc_props.tbl,CCharNpc_props,CCharNPC::sm_szLoadKeys,CNC_,attributes,4,NEEDNAME,NEEDNAME,
tables/CCharNpc_props.tbl,CCharNpc_props,CCharNPC::sm_szLoadKeys,CNC_,attributes,5,NPC,NPC,
tables/CCharNpc_props.tbl,CCharNpc_props,CCharNPC::sm_szLoadKeys,CNC_,attributes,6,SPEECH,SPEECH,
tables/CCharNpc_props.tbl,CCharNpc_props,CCharNPC::sm_szLoadKeys,CNC_,attributes,7,SPELLADD,SPELLADD,
tables/CCharNpc_props.tbl,CCharNpc_props,CCharNPC::sm_szLoadKeys,CNC_,attributes,8,THROWDAM,THROWDAM,
tables/CCharNpc_props.tbl,CCharNpc_props,CCharNPC::sm_szLoadKeys,CNC_,attributes,9,THROWDAMTYPE,THROWDAMTYPE,
tables/CCharNpc_props.tbl,CCharNpc_props,CCharNPC::sm_szLoadKeys,CNC_,attributes,10,THROWOBJ,THROWOBJ,
tables/CCharNpc_props.tbl,CCharNpc_props,CCharNPC::sm_szLoadKeys,CNC_,attributes,11,THROWRANGE,THROWRANGE,
tables/CCharNpc_props.tbl,CCharNpc_props,CCharNPC::sm_szLoadKeys,CNC_,attributes,12,VENDCAP,VENDCAP,
tables/CCharNpc_props.tbl,CCharNpc_props,CCharNPC::sm_szLoadKeys,CNC_,attributes,13,VENDGOLD,VENDGOLD,
tables/CCharPlayer_functions.tbl,CCharPlayer_functions,CCharPlayer::sm_szVerbKeys,CPV_,attributes,0,KICK,KICK,
tables/CCharPlayer_functions.tbl,CCharPlayer_functions,CCharPlayer::sm_szVerbKeys,CPV_,attributes,1,PASSWORD,PASSWORD,
tables/CCharPlayer_functions.tbl,CCharPlayer_functions,CCharPlayer::sm_szVerbKeys,CPV_,attributes,2,TARGETCLOSE,TARGETCLOSE,
tables/CCharPlayer_props.tbl,CCharPlayer_props,CCharPlayer::sm_szLoadKeys,CPC_,attributes,0,ACCOUNT,ACCOUNT,
tables/CCharPlayer_props.tbl,CCharPlayer_props,CCharPlayer::sm_szLoadKeys,CPC_,attributes,1,ADDHOUSE,ADDHOUSE,
tables/CCharPlayer_props.tbl,CCharPlayer_props,CCharPlayer::sm_szLoadKeys,CPC_,attributes,2,ADDSHIP,ADDSHIP,
tables/CCharPlayer_props.tbl,CCharPlayer_props,CCharPlayer::sm_szLoadKeys,CPC_,attributes,3,DEATHS,DEATHS,
tables/CCharPlayer_props.tbl,CCharPlayer_props,CCharPlayer::sm_szLoadKeys,CPC_,attributes,4,DELHOUSE,DELHOUSE,
tables/CCharPlayer_props.tbl,CCharPlayer_props,CCharPlayer::sm_szLoadKeys,CPC_,attributes,5,DELSHIP,DELSHIP,
tables/CCharPlayer_props.tbl,CCharPlayer_props,CCharPlayer::sm_szLoadKeys,CPC_,attributes,6,DSPEECH,DSPEECH,
tables/CCharPlayer_props.tbl,CCharPlayer_props,CCharPlayer::sm_szLoadKeys,CPC_,attributes,7,EMOTECOLOR,EMOTECOLOR,
tables/CCharPlayer_props.tbl,CCharPlayer_props,CCharPlayer::sm_szLoadKeys,CPC_,attributes,8,GETHOUSEPOS,GETHOUSEPOS,
tables/CCharPlayer_props.tbl,CCharPlayer_props,CCharPlayer::sm_szLoadKeys,CPC_,attributes,9,GETSHIPPOS,GETSHIPPOS,
tables/CCharPlayer_props.tbl,CCharPlayer_props,CCharPlayer::sm_szLoadKeys,CPC_,attributes,10,HOUSEMULTICOUNT,HOUSEMULTICOUNT,
tables/CCharPlayer_props.tbl,CCharPlayer_props,CCharPlayer::sm_szLoadKeys,CPC_,attributes,11,HOUSES,HOUSES,
tables/CCharPlayer_props.tbl,CCharPlayer_props,CCharPlayer::sm_szLoadKeys,CPC_,attributes,12,ISDSPEECH,ISDSPEECH,
tables/CCharPlayer_props.tbl,CCharPlayer_props,CCharPlayer::sm_szLoadKeys,CPC_,attributes,13,KILLS,KILLS,
tables/CCharPlayer_props.tbl,CCharPlayer_props,CCharPlayer::sm_szLoadKeys,CPC_,attributes,14,KRTOOLBARSTATUS,KRTOOLBARSTATUS,
tables/CCharPlayer_props.tbl,CCharPlayer_props,CCharPlayer::sm_szLoadKeys,CPC_,attributes,15,LASTDISCONNECTED,LASTDISCONNECTED,
tables/CCharPlayer_props.tbl,CCharPlayer_props,CCharPlayer::sm_szLoadKeys,CPC_,attributes,16,LASTUSED,LASTUSED,
tables/CCharPlayer_props.tbl,CCharPlayer_props,CCharPlayer::sm_szLoadKeys,CPC_,attributes,17,LIGHT,LIGHT,
tables/CCharPlayer_props.tbl,CCharPlayer_props,CCharPlayer::sm_szLoadKeys,CPC_,attributes,18,MAXHOUSES,MAXHOUSES,
tables/CCharPlayer_props.tbl,CCharPlayer_props,CCharPlayer::sm_szLoadKeys,CPC_,attributes,19,MAXSHIPS,MAXSHIPS,
tables/CCharPlayer_props.tbl,CCharPlayer_props,CCharPlayer::sm_szLoadKeys,CPC_,attributes,20,PFLAG,PFLAG,
tables/CCharPlayer_props.tbl,CCharPlayer_props,CCharPlayer::sm_szLoadKeys,CPC_,attributes,21,PROFILE,PROFILE,
tables/CCharPlayer_props.tbl,CCharPlayer_props,CCharPlayer::sm_szLoadKeys,CPC_,attributes,22,REFUSEGLOBALCHATREQUESTS,REFUSEGLOBALCHATREQUESTS,
tables/CCharPlayer_props.tbl,CCharPlayer_props,CCharPlayer::sm_szLoadKeys,CPC_,attributes,23,REFUSETRADES,REFUSETRADES,
tables/CCharPlayer_props.tbl,CCharPlayer_props,CCharPlayer::sm_szLoadKeys,CPC_,attributes,24,SHIPMULTICOUNT,SHIPMULTICOUNT,
tables/CCharPlayer_props.tbl,CCharPlayer_props,CCharPlayer::sm_szLoadKeys,CPC_,attributes,25,SHIPS,SHIPS,
tables/CCharPlayer_props.tbl,CCharPlayer_props,CCharPlayer::sm_szLoadKeys,CPC_,attributes,26,SKILLCLASS,SKILLCLASS,
tables/CCharPlayer_props.tbl,CCharPlayer_props,CCharPlayer::sm_szLoadKeys,CPC_,attributes,27,SKILLLOCK,SKILLLOCK,
tables/CCharPlayer_props.tbl,CCharPlayer_props,CCharPlayer::sm_szLoadKeys,CPC_,attributes,28,SPEECHCOLOR,SPEECHCOLOR,
tables/CCharPlayer_props.tbl,CCharPlayer_props,CCharPlayer::sm_szLoadKeys,CPC_,attributes,29,SPEEDMODE,SPEEDMODE,
tables/CCharPlayer_props.tbl,CCharPlayer_props,CCharPlayer::sm_szLoadKeys,CPC_,attributes,30,STATLOCK,STATLOCK,
tables/CChar_functions.tbl,CChar_functions,CChar::sm_szVerbKeys,CHV_,functions,0,AFK,AFK,
tables/CChar_functions.tbl,CChar_functions,CChar::sm_szVerbKeys,CHV_,functions,1,ALLSKILLS,ALLSKILLS,
tables/CChar_functions.tbl,CChar_functions,CChar::sm_szVerbKeys,CHV_,functions,2,ANIM,ANIM,
tables/CChar_functions.tbl,CChar_functions,CChar::sm_szVerbKeys,CHV_,functions,3,ATTACK,ATTACK,
tables/CChar_functions.tbl,CChar_functions,CChar::sm_szVerbKeys,CHV_,functions,4,BANK,BANK,
tables/CChar_functions.tbl,CChar_functions,CChar::sm_szVerbKeys,CHV_,functions,5,BARK,BARK,
tables/CChar_functions.tbl,CChar_functions,CChar::sm_szVerbKeys,CHV_,functions,6,BOUNCE,BOUNCE,
tables/CChar_functions.tbl,CChar_functions,CChar::sm_szVerbKeys,CHV_,functions,7,BOW,BOW,
tables/CChar_functions.tbl,CChar_functions,CChar::sm_szVerbKeys,CHV_,functions,8,CONSUME,CONSUME,
tables/CChar_functions.tbl,CChar_functions,CChar::sm_szVerbKeys,CHV_,functions,9,CONTROL,CONTROL,
tables/CChar_functions.tbl,CChar_functions,CChar::sm_szVerbKeys,CHV_,functions,10,CRIMINAL,CRIMINAL,
tables/CChar_functions.tbl,CChar_functions,CChar::sm_szVerbKeys,CHV_,functions,11,CURE,CURE,
tables/CChar_functions.tbl,CChar_functions,CChar::sm_szVerbKeys,CHV_,functions,12,DESTROY,DESTROY,
tables/CChar_functions.tbl,CChar_functions,CChar::sm_szVerbKeys,CHV_,functions,13,DISCONNECT,DISCONNECT,
tables/CChar_functions.tbl,CChar_functions,CChar::sm_szVerbKeys,CHV_,functions,14,DROP,DROP,
tables/CChar_functions.tbl,CChar_functions,CChar::sm_szVerbKeys,CHV_,functions,15,DUPE,DUPE,
tables/CChar_functions.tbl,CChar_functions,CChar::sm_szVerbKeys,CHV_,functions,16,EQUIP,EQUIP,
tables/CChar_functions.tbl,CChar_functions,CChar::sm_szVerbKeys,CHV_,functions,17,EQUIPARMOR,EQUIPARMOR,
tables/CChar_functions.tbl,CChar_functions,CChar::sm_szVerbKeys,CHV_,functions,18,EQUIPHALO,EQUIPHALO,
tables/CChar_functions.tbl,CChar_functions,CChar::sm_szVerbKeys,CHV_,functions,19,EQUIPWEAPON,EQUIPWEAPON,
tables/CChar_functions.tbl,CChar_functions,CChar::sm_szVerbKeys,CHV_,functions,20,FACE,FACE,
tables/CChar_functions.tbl,CChar_functions,CChar::sm_szVerbKeys,CHV_,functions,21,FIXWEIGHT,FIXWEIGHT,
tables/CChar_functions.tbl,CChar_functions,CChar::sm_szVerbKeys,CHV_,functions,22,FORGIVE,FORGIVE,
tables/CChar_functions.tbl,CChar_functions,CChar::sm_szVerbKeys,CHV_,functions,23,GO,GO,
tables/CChar_functions.tbl,CChar_functions,CChar::sm_szVerbKeys,CHV_,functions,24,GOCHAR,GOCHAR,
tables/CChar_functions.tbl,CChar_functions,CChar::sm_szVerbKeys,CHV_,functions,25,GOCHARID,GOCHARID,
tables/CChar_functions.tbl,CChar_functions,CChar::sm_szVerbKeys,CHV_,functions,26,GOCLI,GOCLI,
tables/CChar_functions.tbl,CChar_functions,CChar::sm_szVerbKeys,CHV_,functions,27,GOITEMID,GOITEMID,
tables/CChar_functions.tbl,CChar_functions,CChar::sm_szVerbKeys,CHV_,functions,28,GONAME,GONAME,
tables/CChar_functions.tbl,CChar_functions,CChar::sm_szVerbKeys,CHV_,functions,29,GOSOCK,GOSOCK,
tables/CChar_functions.tbl,CChar_functions,CChar::sm_szVerbKeys,CHV_,functions,30,GOTYPE,GOTYPE,
tables/CChar_functions.tbl,CChar_functions,CChar::sm_szVerbKeys,CHV_,functions,31,GOUID,GOUID,
tables/CChar_functions.tbl,CChar_functions,CChar::sm_szVerbKeys,CHV_,functions,32,HEAR,HEAR,
tables/CChar_functions.tbl,CChar_functions,CChar::sm_szVerbKeys,CHV_,functions,33,HUNGRY,HUNGRY,
tables/CChar_functions.tbl,CChar_functions,CChar::sm_szVerbKeys,CHV_,functions,34,INVIS,INVIS,
tables/CChar_functions.tbl,CChar_functions,CChar::sm_szVerbKeys,CHV_,functions,35,INVUL,INVUL,
tables/CChar_functions.tbl,CChar_functions,CChar::sm_szVerbKeys,CHV_,functions,36,JAIL,JAIL,
tables/CChar_functions.tbl,CChar_functions,CChar::sm_szVerbKeys,CHV_,functions,37,KILL,KILL,
tables/CChar_functions.tbl,CChar_functions,CChar::sm_szVerbKeys,CHV_,functions,38,MAKEITEM,MAKEITEM,
tables/CChar_functions.tbl,CChar_functions,CChar::sm_szVerbKeys,CHV_,functions,39,MOUNT,MOUNT,
tables/CChar_functions.tbl,CChar_functions,CChar::sm_szVerbKeys,CHV_,functions,40,NEWBIESKILL,NEWBIESKILL,
tables/CChar_functions.tbl,CChar_functions,CChar::sm_szVerbKeys,CHV_,functions,41,NEWGOLD,NEWGOLD,
tables/CChar_functions.tbl,CChar_functions,CChar::sm_szVerbKeys,CHV_,functions,42,NEWLOOT,NEWLOOT,
tables/CChar_functions.tbl,CChar_functions,CChar::sm_szVerbKeys,CHV_,functions,43,NOTOCLEAR,NOTOCLEAR,
tables/CChar_functions.tbl,CChar_functions,CChar::sm_szVerbKeys,CHV_,functions,44,NOTOUPDATE,NOTOUPDATE,
tables/CChar_functions.tbl,CChar_functions,CChar::sm_szVerbKeys,CHV_,functions,45,OWNER,OWNER,
tables/CChar_functions.tbl,CChar_functions,CChar::sm_szVerbKeys,CHV_,functions,46,PACK,PACK,
tables/CChar_functions.tbl,CChar_functions,CChar::sm_szVerbKeys,CHV_,functions,47,POISON,POISON,
tables/CChar_functions.tbl,CChar_functions,CChar::sm_szVerbKeys,CHV_,functions,48,POLY,POLY,
tables/CChar_functions.tbl,CChar_functions,CChar::sm_szVerbKeys,CHV_,functions,49,PRIVSET,PRIVSET,
tables/CChar_functions.tbl,CChar_functions,CChar::sm_szVerbKeys,CHV_,functions,50,REMOVE,REMOVE,
tables/CChar_functions.tbl,CChar_functions,CChar::sm_szVerbKeys,CHV_,functions,51,RESURRECT,RESURRECT,
tables/CChar_functions.tbl,CChar_functions,CChar::sm_szVerbKeys,CHV_,functions,52,REVEAL,REVEAL,
tables/CChar_functions.tbl,CChar_functions,CChar::sm_szVerbKeys,CHV_,functions,53,SALUTE,SALUTE,
tables/CChar_functions.tbl,CChar_functions,CChar::sm_szVerbKeys,CHV_,functions,54,SKILL,SKILL,
tables/CChar_functions.tbl,CChar_functions,CChar::sm_szVerbKeys,CHV_,functions,55,SKILLGAIN,SKILLGAIN,
tables/CChar_functions.tbl,CChar_functions,CChar::sm_szVerbKeys,CHV_,functions,56,SLEEP,SLEEP,
tables/CChar_functions.tbl,CChar_functions,CChar::sm_szVerbKeys,CHV_,functions,57,SMSG,SMSG,
tables/CChar_functions.tbl,CChar_functions,CChar::sm_szVerbKeys,CHV_,functions,58,SMSGL,SMSGL,
tables/CChar_functions.tbl,CChar_functions,CChar::sm_szVerbKeys,CHV_,functions,59,SMSGLEX,SMSGLEX,
tables/CChar_functions.tbl,CChar_functions,CChar::sm_szVerbKeys,CHV_,functions,60,SMSGU,SMSGU,
tables/CChar_functions.tbl,CChar_functions,CChar::sm_szVerbKeys,CHV_,functions,61,SUICIDE,SUICIDE,
tables/CChar_functions.tbl,CChar_functions,CChar::sm_szVerbKeys,CHV_,functions,62,SUMMONCAGE,SUMMONCAGE,
tables/CChar_functions.tbl,CChar_functions,CChar::sm_szVerbKeys,CHV_,functions,63,SUMMONTO,SUMMONTO,
tables/CChar_functions.tbl,CChar_functions,CChar::sm_szVerbKeys,CHV_,functions,64,SYSMESSAGE,SYSMESSAGE,
tables/CChar_functions.tbl,CChar_functions,CChar::sm_szVerbKeys,CHV_,functions,65,SYSMESSAGEF,SYSMESSAGEF,
tables/CChar_functions.tbl,CChar_functions,CChar::sm_szVerbKeys,CHV_,functions,66,SYSMESSAGELOC,SYSMESSAGELOC,
tables/CChar_functions.tbl,CChar_functions,CChar::sm_szVerbKeys,CHV_,functions,67,SYSMESSAGELOCEX,SYSMESSAGELOCEX,
tables/CChar_functions.tbl,CChar_functions,CChar::sm_szVerbKeys,CHV_,functions,68,SYSMESSAGEUA,SYSMESSAGEUA,
tables/CChar_functions.tbl,CChar_functions,CChar::sm_szVerbKeys,CHV_,functions,69,TARGETCLOSE,TARGETCLOSE,
tables/CChar_functions.tbl,CChar_functions,CChar::sm_szVerbKeys,CHV_,functions,70,UNDERWEAR,UNDERWEAR,
tables/CChar_functions.tbl,CChar_functions,CChar::sm_szVerbKeys,CHV_,functions,71,UNEQUIP,UNEQUIP,
tables/CChar_functions.tbl,CChar_functions,CChar::sm_szVerbKeys,CHV_,functions,72,WAKE,WAKE,
tables/CChar_functions.tbl,CChar_functions,CChar::sm_szVerbKeys,CHV_,functions,73,WHERE,WHERE,
tables/CChar_props.tbl,CChar_props,CChar::sm_szLoadKeys,CHC_,attributes,0,AC,AC,
tables/CChar_props.tbl,CChar_props,CChar::sm_szLoadKeys,CHC_,attributes,1,ACCOUNT,ACCOUNT,
tables/CChar_props.tbl,CChar_props,CChar::sm_szLoadKeys,CHC_,attributes,2,ACT,ACT,
tables/CChar_props.tbl,CChar_props,CChar::sm_szLoadKeys,CHC_,attributes,3,ACTARG1,ACTARG1,
tables/CChar_props.tbl,CChar_props,CChar::sm_szLoadKeys,CHC_,attributes,4,ACTARG2,ACTARG2,
tables/CChar_props.tbl,CChar_props,CChar::sm_szLoadKeys,CHC_,attributes,5,ACTARG3,ACTARG3,
tables/CChar_props.tbl,CChar_props,CChar::sm_szLoadKeys,CHC_,attributes,6,ACTDIFF,ACTDIFF,
tables/CChar_props.tbl,CChar_props,CChar::sm_szLoadKeys,CHC_,attributes,7,ACTION,ACTION,
tables/CChar_props.tbl,CChar_props,CChar::sm_szLoadKeys,CHC_,attributes,8,ACTIONEFFECT,ACTIONEFFECT,
tables/CChar_props.tbl,CChar_props,CChar::sm_szLoadKeys,CHC_,attributes,9,ACTP,ACTP,
tables/CChar_props.tbl,CChar_props,CChar::sm_szLoadKeys,CHC_,attributes,10,ACTPRV,ACTPRV,
tables/CChar_props.tbl,CChar_props,CChar::sm_szLoadKeys,CHC_,attributes,11,AGE,AGE,
tables/CChar_props.tbl,CChar_props,CChar::sm_szLoadKeys,CHC_,attributes,12,AR,AR,
tables/CChar_props.tbl,CChar_props,CChar::sm_szLoadKeys,CHC_,attributes,13,ATTACKER,ATTACKER,
tables/CChar_props.tbl,CChar_props,CChar::sm_szLoadKeys,CHC_,attributes,14,BANKBALANCE,BANKBALANCE,
tables/CChar_props.tbl,CChar_props,CChar::sm_szLoadKeys,CHC_,attributes,15,BLOODCOLOR,BLOODCOLOR,
tables/CChar_props.tbl,CChar_props,CChar::sm_szLoadKeys,CHC_,attributes,16,BODY,BODY,
tables/CChar_props.tbl,CChar_props,CChar::sm_szLoadKeys,CHC_,attributes,17,BREATH,BREATH,
tables/CChar_props.tbl,CChar_props,CChar::sm_szLoadKeys,CHC_,attributes,18,CANCAST,CANCAST,
tables/CChar_props.tbl,CChar_props,CChar::sm_szLoadKeys,CHC_,attributes,19,CANMAKE,CANMAKE,
tables/CChar_props.tbl,CChar_props,CChar::sm_szLoadKeys,CHC_,attributes,20,CANMAKESKILL,CANMAKESKILL,
tables/CChar_props.tbl,CChar_props,CChar::sm_szLoadKeys,CHC_,attributes,21,CANMOVE,CANMOVE,
tables/CChar_props.tbl,CChar_props,CChar::sm_szLoadKeys,CHC_,attributes,22,CREATE,CREATE,
tables/CChar_props.tbl,CChar_props,CChar::sm_szLoadKeys,CHC_,attributes,23,CURFOLLOWER,CURFOLLOWER,
tables/CChar_props.tbl,CChar_props,CChar::sm_szLoadKeys,CHC_,attributes,24,DAMADJUSTED,DAMADJUSTED,
tables/CChar_props.tbl,CChar_props,CChar::sm_szLoadKeys,CHC_,attributes,25,DEX,DEX,
tables/CChar_props.tbl,CChar_props,CChar::sm_szLoadKeys,CHC_,attributes,26,DIR,DIR,
tables/CChar_props.tbl,CChar_props,CChar::sm_szLoadKeys,CHC_,attributes,27,DISMOUNT,DISMOUNT,
tables/CChar_props.tbl,CChar_props,CChar::sm_szLoadKeys,CHC_,attributes,28,DISPID,DISPID,
tables/CChar_props.tbl,CChar_props,CChar::sm_szLoadKeys,CHC_,attributes,29,DISPIDDEC,DISPIDDEC,
tables/CChar_props.tbl,CChar_props,CChar::sm_szLoadKeys,CHC_,attributes,30,EMOTEACT,EMOTEACT,
tables/CChar_props.tbl,CChar_props,CChar::sm_szLoadKeys,CHC_,attributes,31,EMOTECOLOROVERRIDE,EMOTECOLOROVERRIDE,
tables/CChar_props.tbl,CChar_props,CChar::sm_szLoadKeys,CHC_,attributes,32,EXP,EXP,
tables/CChar_props.tbl,CChar_props,CChar::sm_szLoadKeys,CHC_,attributes,33,FAME,FAME,
tables/CChar_props.tbl,CChar_props,CChar::sm_szLoadKeys,CHC_,attributes,34,FIGHTRANGE,FIGHTRANGE,
tables/CChar_props.tbl,CChar_props,CChar::sm_szLoadKeys,CHC_,attributes,35,FLAGS,FLAGS,
tables/CChar_props.tbl,CChar_props,CChar::sm_szLoadKeys,CHC_,attributes,36,FOLLOWERSLOTS,FOLLOWERSLOTS,
tables/CChar_props.tbl,CChar_props,CChar::sm_szLoadKeys,CHC_,attributes,37,FONT,FONT,
tables/CChar_props.tbl,CChar_props,CChar::sm_szLoadKeys,CHC_,attributes,38,FOOD,FOOD,
tables/CChar_props.tbl,CChar_props,CChar::sm_szLoadKeys,CHC_,attributes,39,GOLD,GOLD,
tables/CChar_props.tbl,CChar_props,CChar::sm_szLoadKeys,CHC_,attributes,40,GUILDABBREV,GUILDABBREV,
tables/CChar_props.tbl,CChar_props,CChar::sm_szLoadKeys,CHC_,attributes,41,HEIGHT,HEIGHT,
tables/CChar_props.tbl,CChar_props,CChar::sm_szLoadKeys,CHC_,attributes,42,HITPOINTS,HITPOINTS,
tables/CChar_props.tbl,CChar_props,CChar::sm_szLoadKeys,CHC_,attributes,43,HITS,HITS,
tables/CChar_props.tbl,CChar_props,CChar::sm_szLoadKeys,CHC_,attributes,44,HOME,HOME,
tables/CChar_props.tbl,CChar_props,CChar::sm_szLoadKeys,CHC_,attributes,45,ID,ID,
tables/CChar_props.tbl,CChar_props,CChar::sm_szLoadKeys,CHC_,attributes,46,INT,INT,
tables/CChar_props.tbl,CChar_props,CChar::sm_szLoadKeys,CHC_,attributes,47,ISGM,ISGM,
tables/CChar_props.tbl,CChar_props,CChar::sm_szLoadKeys,CHC_,attributes,48,ISINPARTY,ISINPARTY,
tables/CChar_props.tbl,CChar_props,CChar::sm_szLoadKeys,CHC_,attributes,49,ISMYPET,ISMYPET,
tables/CChar_props.tbl,CChar_props,CChar::sm_szLoadKeys,CHC_,attributes,50,ISONLINE,ISONLINE,
tables/CChar_props.tbl,CChar_props,CChar::sm_szLoadKeys,CHC_,attributes,51,ISSTUCK,ISSTUCK,
tables/CChar_props.tbl,CChar_props,CChar::sm_szLoadKeys,CHC_,attributes,52,ISVENDOR,ISVENDOR,
tables/CChar_props.tbl,CChar_props,CChar::sm_szLoadKeys,CHC_,attributes,53,ISVERTICALSPACE,ISVERTICALSPACE,
tables/CChar_props.tbl,CChar_props,CChar::sm_szLoadKeys,CHC_,attributes,54,KARMA,KARMA,
tables/CChar_props.tbl,CChar_props,CChar::sm_szLoadKeys,CHC_,attributes,55,LEVEL,LEVEL,
tables/CChar_props.tbl,CChar_props,CChar::sm_szLoadKeys,CHC_,attributes,56,MANA,MANA,
tables/CChar_props.tbl,CChar_props,CChar::sm_szLoadKeys,CHC_,attributes,57,MAXFOLLOWER,MAXFOLLOWER,
tables/CChar_props.tbl,CChar_props,CChar::sm_szLoadKeys,CHC_,attributes,58,MAXFOOD,MAXFOOD,
tables/CChar_props.tbl,CChar_props,CChar::sm_szLoadKeys,CHC_,attributes,59,MAXHITS,MAXHITS,
tables/CChar_props.tbl,CChar_props,CChar::sm_szLoadKeys,CHC_,attributes,60,MAXMANA,MAXMANA,
tables/CChar_props.tbl,CChar_props,CChar::sm_szLoadKeys,CHC_,attributes,61,MAXSTAM,MAXSTAM,
tables/CChar_props.tbl,CChar_props,CChar::sm_szLoadKeys,CHC_,attributes,62,MAXWEIGHT,MAXWEIGHT,
tables/CChar_props.tbl,CChar_props,CChar::sm_szLoadKeys,CHC_,attributes,63,MEMORY,MEMORY,
tables/CChar_props.tbl,CChar_props,CChar::sm_szLoadKeys,CHC_,attributes,64,MODDEX,MODDEX,
tables/CChar_props.tbl,CChar_props,CChar::sm_szLoadKeys,CHC_,attributes,65,MODINT,MODINT,
tables/CChar_props.tbl,CChar_props,CChar::sm_szLoadKeys,CHC_,attributes,66,MODMAXHITS,MODMAXHITS,
tables/CChar_props.tbl,CChar_props,CChar::sm_szLoadKeys,CHC_,attributes,67,MODMAXMANA,MODMAXMANA,
tables/CChar_props.tbl,CChar_props,CChar::sm_szLoadKeys,CHC_,attributes,68,MODMAXSTAM,MODMAXSTAM,
tables/CChar_props.tbl,CChar_props,CChar::sm_szLoadKeys,CHC_,attributes,69,MODSTR,MODSTR,
tables/CChar_props.tbl,CChar_props,CChar::sm_szLoadKeys,CHC_,attributes,70,MOUNT,MOUNT,
tables/CChar_props.tbl,CChar_props,CChar::sm_szLoadKeys,CHC_,attributes,71,MOVE,MOVE,
tables/CChar_props.tbl,CChar_props,CChar::sm_szLoadKeys,CHC_,attributes,72,NAME,NAME,
tables/CChar_props.tbl,CChar_props,CChar::sm_szLoadKeys,CHC_,attributes,73,NOTOGETFLAG,NOTOGETFLAG,
tables/CChar_props.tbl,CChar_props,CChar::sm_szLoadKeys,CHC_,attributes,74,NOTOSAVE,NOTOSAVE,
tables/CChar_props.tbl,CChar_props,CChar::sm_szLoadKeys,CHC_,attributes,75,NPC,NPC,
tables/CChar_props.tbl,CChar_props,CChar::sm_szLoadKeys,CHC_,attributes,76,OBODY,OBODY,
tables/CChar_props.tbl,CChar_props,CChar::sm_szLoadKeys,CHC_,attributes,77,ODEX,ODEX,
tables/CChar_props.tbl,CChar_props,CChar::sm_szLoadKeys,CHC_,attributes,78,OFAME,OFAME,
tables/CChar_props.tbl,CChar_props,CChar::sm_szLoadKeys,CHC_,attributes,79,OFOOD,OFOOD,
tables/CChar_props.tbl,CChar_props,CChar::sm_szLoadKeys,CHC_,attributes,80,OINT,OINT,
tables/CChar_props.tbl,CChar_props,CChar::sm_szLoadKeys,CHC_,attributes,81,OKARMA,OKARMA,
tables/CChar_props.tbl,CChar_props,CChar::sm_szLoadKeys,CHC_,attributes,82,OMAXHITS,OMAXHITS,
tables/CChar_props.tbl,CChar_props,CChar::sm_szLoadKeys,CHC_,attributes,83,OMAXMANA,OMAXMANA,
tables/CChar_props.tbl,CChar_props,CChar::sm_szLoadKeys,CHC_,attributes,84,OMAXSTAM,OMAXSTAM,
tables/CChar_props.tbl,CChar_props,CChar::sm_szLoadKeys,CHC_,attributes,85,OSKIN,OSKIN,
tables/CChar_props.tbl,CChar_props,CChar::sm_szLoadKeys,CHC_,attributes,86,OSTR,OSTR,
tables/CChar_props.tbl,CChar_props,CChar::sm_szLoadKeys,CHC_,attributes,87,P,P,
tables/CChar_props.tbl,CChar_props,CChar::sm_szLoadKeys,CHC_,attributes,88,RANGE,RANGE,
tables/CChar_props.tbl,CChar_props,CChar::sm_szLoadKeys,CHC_,attributes,89,RANGEH,RANGEH,
tables/CChar_props.tbl,CChar_props,CChar::sm_szLoadKeys,CHC_,attributes,90,RANGEL,RANGEL,
tables/CChar_props.tbl,CChar_props,CChar::sm_szLoadKeys,CHC_,attributes,91,REGENFOOD,REGENFOOD,
tables/CChar_props.tbl,CChar_props,CChar::sm_szLoadKeys,CHC_,attributes,92,REGENFOODD,REGENFOODD,
tables/CChar_props.tbl,CChar_props,CChar::sm_szLoadKeys,CHC_,attributes,93,REGENHITS,REGENHITS,
tables/CChar_props.tbl,CChar_props,CChar::sm_szLoadKeys,CHC_,attributes,94,REGENHITSD,REGENHITSD,
tables/CChar_props.tbl,CChar_props,CChar::sm_szLoadKeys,CHC_,attributes,95,REGENMANA,REGENMANA,
tables/CChar_props.tbl,CChar_props,CChar::sm_szLoadKeys,CHC_,attributes,96,REGENMANAD,REGENMANAD,
tables/CChar_props.tbl,CChar_props,CChar::sm_szLoadKeys,CHC_,attributes,97,REGENSTAM,REGENSTAM,
tables/CChar_props.tbl,CChar_props,CChar::sm_szLoadKeys,CHC_,attributes,98,REGENSTAMD,REGENSTAMD,
tables/CChar_props.tbl,CChar_props,CChar::sm_szLoadKeys,CHC_,attributes,99,REGENVALFOOD,REGENVALFOOD,
tables/CChar_props.tbl,CChar_props,CChar::sm_szLoadKeys,CHC_,attributes,100,REGENVALHITS,REGENVALHITS,
tables/CChar_props.tbl,CChar_props,CChar::sm_szLoadKeys,CHC_,attributes,101,REGENVALMANA,REGENVALMANA,
tables/CChar_props.tbl,CChar_props,CChar::sm_szLoadKeys,CHC_,attributes,102,REGENVALSTAM,REGENVALSTAM,
tables/CChar_props.tbl,CChar_props,CChar::sm_szLoadKeys,CHC_,attributes,103,SEX,SEX,
tables/CChar_props.tbl,CChar_props,CChar::sm_szLoadKeys,CHC_,attributes,104,SKILLADJUSTED,SKILLADJUSTED,
tables/CChar_props.tbl,CChar_props,CChar::sm_szLoadKeys,CHC_,attributes,105,SKILLBEST,SKILLBEST,
tables/CChar_props.tbl,CChar_props,CChar::sm_szLoadKeys,CHC_,attributes,106,SKILLCHECK,SKILLCHECK,
tables/CChar_props.tbl,CChar_props,CChar::sm_szLoadKeys,CHC_,attributes,107,SKILLTEST,SKILLTEST,
tables/CChar_props.tbl,CChar_props,CChar::sm_szLoadKeys,CHC_,attributes,108,SKILLTOTAL,SKILLTOTAL,
tables/CChar_props.tbl,CChar_props,CChar::sm_szLoadKeys,CHC_,attributes,109,SKILLUSEQUICK,SKILLUSEQUICK,
tables/CChar_props.tbl,CChar_props,CChar::sm_szLoadKeys,CHC_,attributes,110,SPEECHCOLOROVERRIDE,SPEECHCOLOROVERRIDE,
tables/CChar_props.tbl,CChar_props,CChar::sm_szLoadKeys,CHC_,attributes,111,SPELLTIMEOUT,SPELLTIMEOUT,
tables/CChar_props.tbl,CChar_props,CChar::sm_szLoadKeys,CHC_,attributes,112,STAM,STAM,
tables/CChar_props.tbl,CChar_props,CChar::sm_szLoadKeys,CHC_,attributes,113,STAMINA,STAMINA,
tables/CChar_props.tbl,CChar_props,CChar::sm_szLoadKeys,CHC_,attributes,114,STATPERCENT,STATPERCENT,
tables/CChar_props.tbl,CChar_props,CChar::sm_szLoadKeys,CHC_,attributes,115,STEPSTEALTH,STEPSTEALTH,
tables/CChar_props.tbl,CChar_props,CChar::sm_szLoadKeys,CHC_,attributes,116,STONE,STONE,
tables/CChar_props.tbl,CChar_props,CChar::sm_szLoadKeys,CHC_,attributes,117,STR,STR,
tables/CChar_props.tbl,CChar_props,CChar::sm_szLoadKeys,CHC_,attributes,118,SWING,SWING,
tables/CChar_props.tbl,CChar_props,CChar::sm_szLoadKeys,CHC_,attributes,119,TITHING,TITHING,
tables/CChar_props.tbl,CChar_props,CChar::sm_szLoadKeys,CHC_,attributes,120,TITLE,TITLE,
tables/CChar_props.tbl,CChar_props,CChar::sm_szLoadKeys,CHC_,attributes,121,TOWNABBREV,TOWNABBREV,
tables/CChar_props.tbl,CChar_props,CChar::sm_szLoadKeys,CHC_,attributes,122,VIRTUALGOLD,VIRTUALGOLD,
tables/CChar_props.tbl,CChar_props,CChar::sm_szLoadKeys,CHC_,attributes,123,VISUALRANGE,VISUALRANGE,
tables/CClient_functions.tbl,CClient_functions,CClient_functions,CV_,functions,0,ADD,ADD,
tables/CClient_functions.tbl,CClient_functions,CClient_functions,CV_,functions,1,ADDBUFF,ADDBUFF,
tables/CClient_functions.tbl,CClient_functions,CClient_functions,CV_,functions,2,ADDCHAR,ADDCHAR,
tables/CClient_functions.tbl,CClient_functions,CClient_functions,CV_,functions,3,ADDCONTEXTENTRY,ADDCONTEXTENTRY,
tables/CClient_functions.tbl,CClient_functions,CClient_functions,CV_,functions,4,ADDITEM,ADDITEM,
tables/CClient_functions.tbl,CClient_functions,CClient_functions,CV_,functions,5,ARROWQUEST,ARROWQUEST,
tables/CClient_functions.tbl,CClient_functions,CClient_functions,CV_,functions,6,BADSPAWN,BADSPAWN,
tables/CClient_functions.tbl,CClient_functions,CClient_functions,CV_,functions,7,BANKSELF,BANKSELF,
tables/CClient_functions.tbl,CClient_functions,CClient_functions,CV_,functions,8,CAST,CAST,
tables/CClient_functions.tbl,CClient_functions,CClient_functions,CV_,functions,9,CHANGEFACE,CHANGEFACE,
tables/CClient_functions.tbl,CClient_functions,CClient_functions,CV_,functions,10,CHARLIST,CHARLIST,
tables/CClient_functions.tbl,CClient_functions,CClient_functions,CV_,functions,11,CLEARCTAGS,CLEARCTAGS,
tables/CClient_functions.tbl,CClient_functions,CClient_functions,CV_,functions,12,CLOSEPAPERDOLL,CLOSEPAPERDOLL,
tables/CClient_functions.tbl,CClient_functions,CClient_functions,CV_,functions,13,CLOSEPROFILE,CLOSEPROFILE,
tables/CClient_functions.tbl,CClient_functions,CClient_functions,CV_,functions,14,CLOSESTATUS,CLOSESTATUS,
tables/CClient_functions.tbl,CClient_functions,CClient_functions,CV_,functions,15,CODEXOFWISDOM,CODEXOFWISDOM,
tables/CClient_functions.tbl,CClient_functions,CClient_functions,CV_,functions,16,CTAGLIST,CTAGLIST,
tables/CClient_functions.tbl,CClient_functions,CClient_functions,CV_,functions,17,DYE,DYE,
tables/CClient_functions.tbl,CClient_functions,CClient_functions,CV_,functions,18,EVERBTARG,EVERBTARG,
tables/CClient_functions.tbl,CClient_functions,CClient_functions,CV_,functions,19,EXTRACT,EXTRACT,
tables/CClient_functions.tbl,CClient_functions,CClient_functions,CV_,functions,20,FLUSH,FLUSH,
tables/CClient_functions.tbl,CClient_functions,CClient_functions,CV_,functions,21,GMPAGE,GMPAGE,
tables/CClient_functions.tbl,CClient_functions,CClient_functions,CV_,functions,22,GOTARG,GOTARG,
tables/CClient_functions.tbl,CClient_functions,CClient_functions,CV_,functions,23,INFO,INFO,
tables/CClient_functions.tbl,CClient_functions,CClient_functions,CV_,functions,24,INFORMATION,INFORMATION,
tables/CClient_functions.tbl,CClient_functions,CClient_functions,CV_,functions,25,LAST,LAST,
tables/CClient_functions.tbl,CClient_functions,CClient_functions,CV_,functions,26,LINK,LINK,
tables/CClient_functions.tbl,CClient_functions,CClient_functions,CV_,functions,27,MAPWAYPOINT,MAPWAYPOINT,
tables/CClient_functions.tbl,CClient_functions,CClient_functions,CV_,functions,28,MENU,MENU,
tables/CClient_functions.tbl,CClient_functions,CClient_functions,CV_,functions,29,MIDILIST,MIDILIST,
tables/CClient_functions.tbl,CClient_functions,CClient_functions,CV_,functions,30,NUDGE,NUDGE,
tables/CClient_functions.tbl,CClient_functions,CClient_functions,CV_,functions,31,NUKE,NUKE,
tables/CClient_functions.tbl,CClient_functions,CClient_functions,CV_,functions,32,NUKECHAR,NUKECHAR,
tables/CClient_functions.tbl,CClient_functions,CClient_functions,CV_,functions,33,OPENPAPERDOLL,OPENPAPERDOLL,
tables/CClient_functions.tbl,CClient_functions,CClient_functions,CV_,functions,34,OPENTRADEWINDOW,OPENTRADEWINDOW,
tables/CClient_functions.tbl,CClient_functions,CClient_functions,CV_,functions,35,REMOVEBUFF,REMOVEBUFF,
tables/CClient_functions.tbl,CClient_functions,CClient_functions,CV_,functions,36,REPAIR,REPAIR,
tables/CClient_functions.tbl,CClient_functions,CClient_functions,CV_,functions,37,RESEND,RESEND,
tables/CClient_functions.tbl,CClient_functions,CClient_functions,CV_,functions,38,SAVE,SAVE,
tables/CClient_functions.tbl,CClient_functions,CClient_functions,CV_,functions,39,SCROLL,SCROLL,
tables/CClient_functions.tbl,CClient_functions,CClient_functions,CV_,functions,40,SELF,SELF,
tables/CClient_functions.tbl,CClient_functions,CClient_functions,CV_,functions,41,SENDPACKET,SENDPACKET,
tables/CClient_functions.tbl,CClient_functions,CClient_functions,CV_,functions,42,SHOWSKILLS,SHOWSKILLS,
tables/CClient_functions.tbl,CClient_functions,CClient_functions,CV_,functions,43,SKILLMENU,SKILLMENU,
tables/CClient_functions.tbl,CClient_functions,CClient_functions,CV_,functions,44,SKILLSELECT,SKILLSELECT,
tables/CClient_functions.tbl,CClient_functions,CClient_functions,CV_,functions,45,SKILLUPDATE,SKILLUPDATE,
tables/CClient_functions.tbl,CClient_functions,CClient_functions,CV_,functions,46,SMSG,SMSG,
tables/CClient_functions.tbl,CClient_functions,CClient_functions,CV_,functions,47,SMSGL,SMSGL,
tables/CClient_functions.tbl,CClient_functions,CClient_functions,CV_,functions,48,SMSGLEX,SMSGLEX,
tables/CClient_functions.tbl,CClient_functions,CClient_functions,CV_,functions,49,SMSGU,SMSGU,
tables/CClient_functions.tbl,CClient_functions,CClient_functions,CV_,functions,50,SUMMON,SUMMON,
tables/CClient_functions.tbl,CClient_functions,CClient_functions,CV_,functions,51,SYSMESSAGE,SYSMESSAGE,
tables/CClient_functions.tbl,CClient_functions,CClient_functions,CV_,functions,52,SYSMESSAGEF,SYSMESSAGEF,
tables/CClient_functions.tbl,CClient_functions,CClient_functions,CV_,functions,53,SYSMESSAGELOC,SYSMESSAGELOC,
tables/CClient_functions.tbl,CClient_functions,CClient_functions,CV_,functions,54,SYSMESSAGELOCEX,SYSMESSAGELOCEX,
tables/CClient_functions.tbl,CClient_functions,CClient_functions,CV_,functions,55,SYSMESSAGEUA,SYSMESSAGEUA,
tables/CClient_functions.tbl,CClient_functions,CClient_functions,CV_,functions,56,TELE,TELE,
tables/CClient_functions.tbl,CClient_functions,CClient_functions,CV_,functions,57,TILE,TILE,
tables/CClient_functions.tbl,CClient_functions,CClient_functions,CV_,functions,58,UNEXTRACT,UNEXTRACT,
tables/CClient_functions.tbl,CClient_functions,CClient_functions,CV_,functions,59,VERSION,VERSION,
tables/CClient_functions.tbl,CClient_functions,CClient_functions,CV_,functions,60,WEBLINK,WEBLINK,
tables/CClient_props.tbl,CClient_props,CClient_props,CC_,attributes,0,ALLMOVE,ALLMOVE,
tables/CClient_props.tbl,CClient_props,CClient_props,CC_,attributes,1,ALLSHOW,ALLSHOW,
tables/CClient_props.tbl,CClient_props,CClient_props,CC_,attributes,2,CLIENTIS3D,CLIENTIS3D,
tables/CClient_props.tbl,CClient_props,CClient_props,CC_,attributes,3,CLIENTISENHANCED,CLIENTISENHANCED,
tables/CClient_props.tbl,CClient_props,CClient_props,CC_,attributes,4,CLIENTISKR,CLIENTISKR,
tables/CClient_props.tbl,CClient_props,CClient_props,CC_,attributes,5,CLIENTVERSION,CLIENTVERSION,
tables/CClient_props.tbl,CClient_props,CClient_props,CC_,attributes,6,DEBUG,DEBUG,
tables/CClient_props.tbl,CClient_props,CClient_props,CC_,attributes,7,DETAIL,DETAIL,
tables/CClient_props.tbl,CClient_props,CClient_props,CC_,attributes,8,GM,GM,
tables/CClient_props.tbl,CClient_props,CClient_props,CC_,attributes,9,HEARALL,HEARALL,
tables/CClient_props.tbl,CClient_props,CClient_props,CC_,attributes,10,LASTEVENT,LASTEVENT,
tables/CClient_props.tbl,CClient_props,CClient_props,CC_,attributes,11,LASTEVENTWALK,LASTEVENTWALK,
tables/CClient_props.tbl,CClient_props,CClient_props,CC_,attributes,12,PRIVSHOW,PRIVSHOW,
tables/CClient_props.tbl,CClient_props,CClient_props,CC_,attributes,13,REPORTEDCLIVER,REPORTEDCLIVER,
tables/CClient_props.tbl,CClient_props,CClient_props,CC_,attributes,14,SCREENSIZE,SCREENSIZE,
tables/CClient_props.tbl,CClient_props,CClient_props,CC_,attributes,15,TARG,TARG,
tables/CClient_props.tbl,CClient_props,CClient_props,CC_,attributes,16,TARGP,TARGP,
tables/CClient_props.tbl,CClient_props,CClient_props,CC_,attributes,17,TARGPROP,TARGPROP,
tables/CClient_props.tbl,CClient_props,CClient_props,CC_,attributes,18,TARGPRV,TARGPRV,
tables/CClient_props.tbl,CClient_props,CClient_props,CC_,attributes,19,TARGTXT,TARGTXT,
tables/CItemBase_props.tbl,CItemBase_props,CItemBase::sm_szLoadKeys,IBC_,attributes,0,ALTERITEM,ALTERITEM,
tables/CItemBase_props.tbl,CItemBase_props,CItemBase::sm_szLoadKeys,IBC_,attributes,1,BONUSCRAFTING,BONUSCRAFTING,
tables/CItemBase_props.tbl,CItemBase_props,CItemBase::sm_szLoadKeys,IBC_,attributes,2,BONUSCRAFTINGAMT,BONUSCRAFTINGAMT,
tables/CItemBase_props.tbl,CItemBase_props,CItemBase::sm_szLoadKeys,IBC_,attributes,3,BONUSCRAFTINGEXCEP,BONUSCRAFTINGEXCEP,
tables/CItemBase_props.tbl,CItemBase_props,CItemBase::sm_szLoadKeys,IBC_,attributes,4,BONUSCRAFTINGEXCEPAMT,BONUSCRAFTINGEXCEPAMT,
tables/CItemBase_props.tbl,CItemBase_props,CItemBase::sm_szLoadKeys,IBC_,attributes,5,BONUSSKILL1,BONUSSKILL1,
tables/CItemBase_props.tbl,CItemBase_props,CItemBase::sm_szLoadKeys,IBC_,attributes,6,BONUSSKILL1AMT,BONUSSKILL1AMT,
tables/CItemBase_props.tbl,CItemBase_props,CItemBase::sm_szLoadKeys,IBC_,attributes,7,BONUSSKILL2,BONUSSKILL2,
tables/CItemBase_props.tbl,CItemBase_props,CItemBase::sm_szLoadKeys,IBC_,attributes,8,BONUSSKILL2AMT,BONUSSKILL2AMT,
tables/CItemBase_props.tbl,CItemBase_props,CItemBase::sm_szLoadKeys,IBC_,attributes,9,BONUSSKILL3,BONUSSKILL3,
tables/CItemBase_props.tbl,CItemBase_props,CItemBase::sm_szLoadKeys,IBC_,attributes,10,BONUSSKILL3AMT,BONUSSKILL3AMT,
tables/CItemBase_props.tbl,CItemBase_props,CItemBase::sm_szLoadKeys,IBC_,attributes,11,BONUSSKILL4,BONUSSKILL4,
tables/CItemBase_props.tbl,CItemBase_props,CItemBase::sm_szLoadKeys,IBC_,attributes,12,BONUSSKILL4AMT,BONUSSKILL4AMT,
tables/CItemBase_props.tbl,CItemBase_props,CItemBase::sm_szLoadKeys,IBC_,attributes,13,BONUSSKILL5,BONUSSKILL5,
tables/CItemBase_props.tbl,CItemBase_props,CItemBase::sm_szLoadKeys,IBC_,attributes,14,BONUSSKILL5AMT,BONUSSKILL5AMT,
tables/CItemBase_props.tbl,CItemBase_props,CItemBase::sm_szLoadKeys,IBC_,attributes,15,CANUSE,CANUSE,
tables/CItemBase_props.tbl,CItemBase_props,CItemBase::sm_szLoadKeys,IBC_,attributes,16,CHARGESCUR,CHARGESCUR,
tables/CItemBase_props.tbl,CItemBase_props,CItemBase::sm_szLoadKeys,IBC_,attributes,17,CHARGESMAX,CHARGESMAX,
tables/CItemBase_props.tbl,CItemBase_props,CItemBase::sm_szLoadKeys,IBC_,attributes,18,DISPID,DISPID,
tables/CItemBase_props.tbl,CItemBase_props,CItemBase::sm_szLoadKeys,IBC_,attributes,19,DROPSOUND,DROPSOUND,
tables/CItemBase_props.tbl,CItemBase_props,CItemBase::sm_szLoadKeys,IBC_,attributes,20,DUPEITEM,DUPEITEM,
tables/CItemBase_props.tbl,CItemBase_props,CItemBase::sm_szLoadKeys,IBC_,attributes,21,DUPELIST,DUPELIST,
tables/CItemBase_props.tbl,CItemBase_props,CItemBase::sm_szLoadKeys,IBC_,attributes,22,DURABILITY,DURABILITY,
tables/CItemBase_props.tbl,CItemBase_props,CItemBase::sm_szLoadKeys,IBC_,attributes,23,DYE,DYE,
tables/CItemBase_props.tbl,CItemBase_props,CItemBase::sm_szLoadKeys,IBC_,attributes,24,ENCHANT,ENCHANT,
tables/CItemBase_props.tbl,CItemBase_props,CItemBase::sm_szLoadKeys,IBC_,attributes,25,EQUIPSOUND,EQUIPSOUND,
tables/CItemBase_props.tbl,CItemBase_props,CItemBase::sm_szLoadKeys,IBC_,attributes,26,EXCEPTIONAL,EXCEPTIONAL,
tables/CItemBase_props.tbl,CItemBase_props,CItemBase::sm_szLoadKeys,IBC_,attributes,27,EXPANSION,EXPANSION,
tables/CItemBase_props.tbl,CItemBase_props,CItemBase::sm_szLoadKeys,IBC_,attributes,28,FLIP,FLIP,
tables/CItemBase_props.tbl,CItemBase_props,CItemBase::sm_szLoadKeys,IBC_,attributes,29,ID,ID,
tables/CItemBase_props.tbl,CItemBase_props,CItemBase::sm_szLoadKeys,IBC_,attributes,30,IMBUE,IMBUE,
tables/CItemBase_props.tbl,CItemBase_props,CItemBase::sm_szLoadKeys,IBC_,attributes,31,ISARMOR,ISARMOR,
tables/CItemBase_props.tbl,CItemBase_props,CItemBase::sm_szLoadKeys,IBC_,attributes,32,ISWEAPON,ISWEAPON,
tables/CItemBase_props.tbl,CItemBase_props,CItemBase::sm_szLoadKeys,IBC_,attributes,33,ITEMSETAMTCUR,ITEMSETAMTCUR,
tables/CItemBase_props.tbl,CItemBase_props,CItemBase::sm_szLoadKeys,IBC_,attributes,34,ITEMSETAMTMAX,ITEMSETAMTMAX,
tables/CItemBase_props.tbl,CItemBase_props,CItemBase::sm_szLoadKeys,IBC_,attributes,35,ITEMSETCOLOR,ITEMSETCOLOR,
tables/CItemBase_props.tbl,CItemBase_props,CItemBase::sm_szLoadKeys,IBC_,attributes,36,ITEMSETNAME,ITEMSETNAME,
tables/CItemBase_props.tbl,CItemBase_props,CItemBase::sm_szLoadKeys,IBC_,attributes,37,LAYER,LAYER,
tables/CItemBase_props.tbl,CItemBase_props,CItemBase::sm_szLoadKeys,IBC_,attributes,38,LIFESPAN,LIFESPAN,
tables/CItemBase_props.tbl,CItemBase_props,CItemBase::sm_szLoadKeys,IBC_,attributes,39,MAKERSMARK,MAKERSMARK,
tables/CItemBase_props.tbl,CItemBase_props,CItemBase::sm_szLoadKeys,IBC_,attributes,40,MATERIAL,MATERIAL,
tables/CItemBase_props.tbl,CItemBase_props,CItemBase::sm_szLoadKeys,IBC_,attributes,41,MAXAMOUNT,MAXAMOUNT,
tables/CItemBase_props.tbl,CItemBase_props,CItemBase::sm_szLoadKeys,IBC_,attributes,42,MULTICOUNT,MULTICOUNT,
tables/CItemBase_props.tbl,CItemBase_props,CItemBase::sm_szLoadKeys,IBC_,attributes,43,NODROPTRADE,NODROPTRADE,
tables/CItemBase_props.tbl,CItemBase_props,CItemBase::sm_szLoadKeys,IBC_,attributes,44,NPCKILLER,NPCKILLER,
tables/CItemBase_props.tbl,CItemBase_props,CItemBase::sm_szLoadKeys,IBC_,attributes,45,NPCKILLERAMT,NPCKILLERAMT,
tables/CItemBase_props.tbl,CItemBase_props,CItemBase::sm_szLoadKeys,IBC_,attributes,46,NPCPROTECTION,NPCPROTECTION,
tables/CItemBase_props.tbl,CItemBase_props,CItemBase::sm_szLoadKeys,IBC_,attributes,47,NPCPROTECTIONAMT,NPCPROTECTIONAMT,
tables/CItemBase_props.tbl,CItemBase_props,CItemBase::sm_szLoadKeys,IBC_,attributes,48,OCOLOR,OCOLOR,
tables/CItemBase_props.tbl,CItemBase_props,CItemBase::sm_szLoadKeys,IBC_,attributes,49,OWNEDBY,OWNEDBY,
tables/CItemBase_props.tbl,CItemBase_props,CItemBase::sm_szLoadKeys,IBC_,attributes,50,PICKUPSOUND,PICKUPSOUND,
tables/CItemBase_props.tbl,CItemBase_props,CItemBase::sm_szLoadKeys,IBC_,attributes,51,PILE,PILE,
tables/CItemBase_props.tbl,CItemBase_props,CItemBase::sm_szLoadKeys,IBC_,attributes,52,RARITY,RARITY,
tables/CItemBase_props.tbl,CItemBase_props,CItemBase::sm_szLoadKeys,IBC_,attributes,53,RECHARGE,RECHARGE,
tables/CItemBase_props.tbl,CItemBase_props,CItemBase::sm_szLoadKeys,IBC_,attributes,54,RECHARGEAMT,RECHARGEAMT,
tables/CItemBase_props.tbl,CItemBase_props,CItemBase::sm_szLoadKeys,IBC_,attributes,55,RECHARGERATE,RECHARGERATE,
tables/CItemBase_props.tbl,CItemBase_props,CItemBase::sm_szLoadKeys,IBC_,attributes,56,RECYCLE,RECYCLE,
tables/CItemBase_props.tbl,CItemBase_props,CItemBase::sm_szLoadKeys,IBC_,attributes,57,REFORGE,REFORGE,
tables/CItemBase_props.tbl,CItemBase_props,CItemBase::sm_szLoadKeys,IBC_,attributes,58,REMOVALTYPE,REMOVALTYPE,
tables/CItemBase_props.tbl,CItemBase_props,CItemBase::sm_szLoadKeys,IBC_,attributes,59,REPAIR,REPAIR,
tables/CItemBase_props.tbl,CItemBase_props,CItemBase::sm_szLoadKeys,IBC_,attributes,60,REPLICATE,REPLICATE,
tables/CItemBase_props.tbl,CItemBase_props,CItemBase::sm_szLoadKeys,IBC_,attributes,61,REQSTR,REQSTR,
tables/CItemBase_props.tbl,CItemBase_props,CItemBase::sm_szLoadKeys,IBC_,attributes,62,RESDISPDNID,RESDISPDNID,
tables/CItemBase_props.tbl,CItemBase_props,CItemBase::sm_szLoadKeys,IBC_,attributes,63,RESMAKE,RESMAKE,
tables/CItemBase_props.tbl,CItemBase_props,CItemBase::sm_szLoadKeys,IBC_,attributes,64,RETAINCOLOR,RETAINCOLOR,
tables/CItemBase_props.tbl,CItemBase_props,CItemBase::sm_szLoadKeys,IBC_,attributes,65,SELFREPAIR,SELFREPAIR,
tables/CItemBase_props.tbl,CItemBase_props,CItemBase::sm_szLoadKeys,IBC_,attributes,66,SHIPSPEED,SHIPSPEED,
tables/CItemBase_props.tbl,CItemBase_props,CItemBase::sm_szLoadKeys,IBC_,attributes,67,SKILL,SKILL,
tables/CItemBase_props.tbl,CItemBase_props,CItemBase::sm_szLoadKeys,IBC_,attributes,68,SKILLMAKE,SKILLMAKE,
tables/CItemBase_props.tbl,CItemBase_props,CItemBase::sm_szLoadKeys,IBC_,attributes,69,SPEED,SPEED,
tables/CItemBase_props.tbl,CItemBase_props,CItemBase::sm_szLoadKeys,IBC_,attributes,70,SPEEDMODE,SPEEDMODE,
tables/CItemBase_props.tbl,CItemBase_props,CItemBase::sm_szLoadKeys,IBC_,attributes,71,SUMMONING,SUMMONING,
tables/CItemBase_props.tbl,CItemBase_props,CItemBase::sm_szLoadKeys,IBC_,attributes,72,TDATA1,TDATA1,
tables/CItemBase_props.tbl,CItemBase_props,CItemBase::sm_szLoadKeys,IBC_,attributes,73,TDATA2,TDATA2,
tables/CItemBase_props.tbl,CItemBase_props,CItemBase::sm_szLoadKeys,IBC_,attributes,74,TDATA3,TDATA3,
tables/CItemBase_props.tbl,CItemBase_props,CItemBase::sm_szLoadKeys,IBC_,attributes,75,TDATA4,TDATA4,
tables/CItemBase_props.tbl,CItemBase_props,CItemBase::sm_szLoadKeys,IBC_,attributes,76,TFLAGS,TFLAGS,
tables/CItemBase_props.tbl,CItemBase_props,CItemBase::sm_szLoadKeys,IBC_,attributes,77,TWOHANDS,TWOHANDS,
tables/CItemBase_props.tbl,CItemBase_props,CItemBase::sm_szLoadKeys,IBC_,attributes,78,TYPE,TYPE,
tables/CItemBase_props.tbl,CItemBase_props,CItemBase::sm_szLoadKeys,IBC_,attributes,79,USESCUR,USESCUR,
tables/CItemBase_props.tbl,CItemBase_props,CItemBase::sm_szLoadKeys,IBC_,attributes,80,USESMAX,USESMAX,
tables/CItemBase_props.tbl,CItemBase_props,CItemBase::sm_szLoadKeys,IBC_,attributes,81,VALUE,VALUE,
tables/CItemBase_props.tbl,CItemBase_props,CItemBase::sm_szLoadKeys,IBC_,attributes,82,WEIGHT,WEIGHT,
tables/CItemStone_functions.tbl,CItemStone_functions,CItemStone::sm_szVerbKeys,ISV_,functions,0,ACCEPTCANDIDATE,ACCEPTCANDIDATE,
tables/CItemStone_functions.tbl,CItemStone_functions,CItemStone::sm_szVerbKeys,ISV_,functions,1,ALLGUILDS,ALLGUILDS,
tables/CItemStone_functions.tbl,CItemStone_functions,CItemStone::sm_szVerbKeys,ISV_,functions,2,ALLMEMBERS,ALLMEMBERS,
tables/CItemStone_functions.tbl,CItemStone_functions,CItemStone::sm_szVerbKeys,ISV_,functions,3,APPLYTOJOIN,APPLYTOJOIN,
tables/CItemStone_functions.tbl,CItemStone_functions,CItemStone::sm_szVerbKeys,ISV_,functions,4,CHANGEALIGN,CHANGEALIGN,
tables/CItemStone_functions.tbl,CItemStone_functions,CItemStone::sm_szVerbKeys,ISV_,functions,5,DECLAREFEALTY,DECLAREFEALTY,
tables/CItemStone_functions.tbl,CItemStone_functions,CItemStone::sm_szVerbKeys,ISV_,functions,6,DECLAREPEACE,DECLAREPEACE,
tables/CItemStone_functions.tbl,CItemStone_functions,CItemStone::sm_szVerbKeys,ISV_,functions,7,DECLAREWAR,DECLAREWAR,
tables/CItemStone_functions.tbl,CItemStone_functions,CItemStone::sm_szVerbKeys,ISV_,functions,8,DELHOUSE,DELHOUSE,
tables/CItemStone_functions.tbl,CItemStone_functions,CItemStone::sm_szVerbKeys,ISV_,functions,9,DELSHIP,DELSHIP,
tables/CItemStone_functions.tbl,CItemStone_functions,CItemStone::sm_szVerbKeys,ISV_,functions,10,DISMISSMEMBER,DISMISSMEMBER,
tables/CItemStone_functions.tbl,CItemStone_functions,CItemStone::sm_szVerbKeys,ISV_,functions,11,ELECTMASTER,ELECTMASTER,
tables/CItemStone_functions.tbl,CItemStone_functions,CItemStone::sm_szVerbKeys,ISV_,functions,12,GRANTTITLE,GRANTTITLE,
tables/CItemStone_functions.tbl,CItemStone_functions,CItemStone::sm_szVerbKeys,ISV_,functions,13,INVITEWAR,INVITEWAR,
tables/CItemStone_functions.tbl,CItemStone_functions,CItemStone::sm_szVerbKeys,ISV_,functions,14,JOINASMEMBER,JOINASMEMBER,
tables/CItemStone_functions.tbl,CItemStone_functions,CItemStone::sm_szVerbKeys,ISV_,functions,15,MASTERMENU,MASTERMENU,
tables/CItemStone_functions.tbl,CItemStone_functions,CItemStone::sm_szVerbKeys,ISV_,functions,16,RECRUIT,RECRUIT,
tables/CItemStone_functions.tbl,CItemStone_functions,CItemStone::sm_szVerbKeys,ISV_,functions,17,REFUSECANDIDATE,REFUSECANDIDATE,
tables/CItemStone_functions.tbl,CItemStone_functions,CItemStone::sm_szVerbKeys,ISV_,functions,18,RESIGN,RESIGN,
tables/CItemStone_functions.tbl,CItemStone_functions,CItemStone::sm_szVerbKeys,ISV_,functions,19,RETURNMAINMENU,RETURNMAINMENU,
tables/CItemStone_functions.tbl,CItemStone_functions,CItemStone::sm_szVerbKeys,ISV_,functions,20,SETABBREVIATION,SETABBREVIATION,
tables/CItemStone_functions.tbl,CItemStone_functions,CItemStone::sm_szVerbKeys,ISV_,functions,21,SETCHARTER,SETCHARTER,
tables/CItemStone_functions.tbl,CItemStone_functions,CItemStone::sm_szVerbKeys,ISV_,functions,22,SETGMTITLE,SETGMTITLE,
tables/CItemStone_functions.tbl,CItemStone_functions,CItemStone::sm_szVerbKeys,ISV_,functions,23,SETNAME,SETNAME,
tables/CItemStone_functions.tbl,CItemStone_functions,CItemStone::sm_szVerbKeys,ISV_,functions,24,TOGGLEABBREVIATION,TOGGLEABBREVIATION,
tables/CItemStone_functions.tbl,CItemStone_functions,CItemStone::sm_szVerbKeys,ISV_,functions,25,VIEWCANDIDATES,VIEWCANDIDATES,
tables/CItemStone_functions.tbl,CItemStone_functions,CItemStone::sm_szVerbKeys,ISV_,functions,26,VIEWCHARTER,VIEWCHARTER,
tables/CItemStone_functions.tbl,CItemStone_functions,CItemStone::sm_szVerbKeys,ISV_,functions,27,VIEWENEMYS,VIEWENEMYS,
tables/CItemStone_functions.tbl,CItemStone_functions,CItemStone::sm_szVerbKeys,ISV_,functions,28,VIEWROSTER,VIEWROSTER,
tables/CItemStone_functions.tbl,CItemStone_functions,CItemStone::sm_szVerbKeys,ISV_,functions,29,VIEWTHREATS,VIEWTHREATS,
tables/CItemStone_props.tbl,CItemStone_props,CItemStone::sm_szLoadKeys,STC_,props,0,ABBREV,ABBREV,
tables/CItemStone_props.tbl,CItemStone_props,CItemStone::sm_szLoadKeys,STC_,props,1,ABBREVIATIONTOGGLE,ABBREVIATIONTOGGLE,
tables/CItemStone_props.tbl,CItemStone_props,CItemStone::sm_szLoadKeys,STC_,props,2,ADDHOUSE,ADDHOUSE,
tables/CItemStone_props.tbl,CItemStone_props,CItemStone::sm_szLoadKeys,STC_,props,3,ADDSHIP,ADDSHIP,
tables/CItemStone_props.tbl,CItemStone_props,CItemStone::sm_szLoadKeys,STC_,props,4,ALIGN,ALIGN,
tables/CItemStone_props.tbl,CItemStone_props,CItemStone::sm_szLoadKeys,STC_,props,5,ALIGNTYPE,ALIGNTYPE,
tables/CItemStone_props.tbl,CItemStone_props,CItemStone::sm_szLoadKeys,STC_,props,6,CHARTER,CHARTER,
tables/CItemStone_props.tbl,CItemStone_props,CItemStone::sm_szLoadKeys,STC_,props,7,HOUSES,HOUSES,
tables/CItemStone_props.tbl,CItemStone_props,CItemStone::sm_szLoadKeys,STC_,props,8,LOYALTO,LOYALTO,
tables/CItemStone_props.tbl,CItemStone_props,CItemStone::sm_szLoadKeys,STC_,props,9,MASTER,MASTER,
tables/CItemStone_props.tbl,CItemStone_props,CItemStone::sm_szLoadKeys,STC_,props,10,MASTERGENDERTITLE,MASTERGENDERTITLE,
tables/CItemStone_props.tbl,CItemStone_props,CItemStone::sm_szLoadKeys,STC_,props,11,MASTERTITLE,MASTERTITLE,
tables/CItemStone_props.tbl,CItemStone_props,CItemStone::sm_szLoadKeys,STC_,props,12,MASTERUID,MASTERUID,
tables/CItemStone_props.tbl,CItemStone_props,CItemStone::sm_szLoadKeys,STC_,props,13,MAXHOUSES,MAXHOUSES,
tables/CItemStone_props.tbl,CItemStone_props,CItemStone::sm_szLoadKeys,STC_,props,14,MAXSHIPS,MAXSHIPS,
tables/CItemStone_props.tbl,CItemStone_props,CItemStone::sm_szLoadKeys,STC_,props,15,MEMBER,MEMBER,
tables/CItemStone_props.tbl,CItemStone_props,CItemStone::sm_szLoadKeys,STC_,props,16,SHIPS,SHIPS,
tables/CItemStone_props.tbl,CItemStone_props,CItemStone::sm_szLoadKeys,STC_,props,17,WEBPAGE,WEBPAGE,
tables/CItem_functions.tbl,CItem_functions,CItem::sm_szVerbKeys,CIV_,functions,0,BOUNCE,BOUNCE,
tables/CItem_functions.tbl,CItem_functions,CItem::sm_szVerbKeys,CIV_,functions,1,CARVECORPSE,CARVECORPSE,
tables/CItem_functions.tbl,CItem_functions,CItem::sm_szVerbKeys,CIV_,functions,2,CONSUME,CONSUME,
tables/CItem_functions.tbl,CItem_functions,CItem::sm_szVerbKeys,CIV_,functions,3,CONTCONSUME,CONTCONSUME,
tables/CItem_functions.tbl,CItem_functions,CItem::sm_szVerbKeys,CIV_,functions,4,DECAY,DECAY,
tables/CItem_functions.tbl,CItem_functions,CItem::sm_szVerbKeys,CIV_,functions,5,DESTROY,DESTROY,
tables/CItem_functions.tbl,CItem_functions,CItem::sm_szVerbKeys,CIV_,functions,6,DROP,DROP,
tables/CItem_functions.tbl,CItem_functions,CItem::sm_szVerbKeys,CIV_,functions,7,DUPE,DUPE,
tables/CItem_functions.tbl,CItem_functions,CItem::sm_szVerbKeys,CIV_,functions,8,EQUIP,EQUIP,
tables/CItem_functions.tbl,CItem_functions,CItem::sm_szVerbKeys,CIV_,functions,9,REPAIR,REPAIR,
tables/CItem_functions.tbl,CItem_functions,CItem::sm_szVerbKeys,CIV_,functions,10,SMELT,SMELT,
tables/CItem_functions.tbl,CItem_functions,CItem::sm_szVerbKeys,CIV_,functions,11,UNEQUIP,UNEQUIP,
tables/CItem_functions.tbl,CItem_functions,CItem::sm_szVerbKeys,CIV_,functions,12,USE,USE,
tables/CItem_functions.tbl,CItem_functions,CItem::sm_szVerbKeys,CIV_,functions,13,USEDOOR,USEDOOR,
tables/CItem_props.tbl,CItem_props,CItem::sm_szLoadKeys,IC_,attributes,0,AC,AC,
tables/CItem_props.tbl,CItem_props,CItem::sm_szLoadKeys,IC_,attributes,1,ADDCIRCLE,ADDCIRCLE,
tables/CItem_props.tbl,CItem_props,CItem::sm_szLoadKeys,IC_,attributes,2,ADDSPELL,ADDSPELL,
tables/CItem_props.tbl,CItem_props,CItem::sm_szLoadKeys,IC_,attributes,3,AMOUNT,AMOUNT,
tables/CItem_props.tbl,CItem_props,CItem::sm_szLoadKeys,IC_,attributes,4,AR,AR,
tables/CItem_props.tbl,CItem_props,CItem::sm_szLoadKeys,IC_,attributes,5,ATTR,ATTR,
tables/CItem_props.tbl,CItem_props,CItem::sm_szLoadKeys,IC_,attributes,6,BASEWEIGHT,BASEWEIGHT,
tables/CItem_props.tbl,CItem_props,CItem::sm_szLoadKeys,IC_,attributes,7,BONUSCRAFTING,BONUSCRAFTING,
tables/CItem_props.tbl,CItem_props,CItem::sm_szLoadKeys,IC_,attributes,8,BONUSCRAFTINGAMT,BONUSCRAFTINGAMT,
tables/CItem_props.tbl,CItem_props,CItem::sm_szLoadKeys,IC_,attributes,9,BONUSCRAFTINGEXCEP,BONUSCRAFTINGEXCEP,
tables/CItem_props.tbl,CItem_props,CItem::sm_szLoadKeys,IC_,attributes,10,BONUSCRAFTINGEXCEPAMT,BONUSCRAFTINGEXCEPAMT,
tables/CItem_props.tbl,CItem_props,CItem::sm_szLoadKeys,IC_,attributes,11,BONUSSKILL1,BONUSSKILL1,
tables/CItem_props.tbl,CItem_props,CItem::sm_szLoadKeys,IC_,attributes,12,BONUSSKILL1AMT,BONUSSKILL1AMT,
tables/CItem_props.tbl,CItem_props,CItem::sm_szLoadKeys,IC_,attributes,13,BONUSSKILL2,BONUSSKILL2,
tables/CItem_props.tbl,CItem_props,CItem::sm_szLoadKeys,IC_,attributes,14,BONUSSKILL2AMT,BONUSSKILL2AMT,
tables/CItem_props.tbl,CItem_props,CItem::sm_szLoadKeys,IC_,attributes,15,BONUSSKILL3,BONUSSKILL3,
tables/CItem_props.tbl,CItem_props,CItem::sm_szLoadKeys,IC_,attributes,16,BONUSSKILL3AMT,BONUSSKILL3AMT,
tables/CItem_props.tbl,CItem_props,CItem::sm_szLoadKeys,IC_,attributes,17,BONUSSKILL4,BONUSSKILL4,
tables/CItem_props.tbl,CItem_props,CItem::sm_szLoadKeys,IC_,attributes,18,BONUSSKILL4AMT,BONUSSKILL4AMT,
tables/CItem_props.tbl,CItem_props,CItem::sm_szLoadKeys,IC_,attributes,19,BONUSSKILL5,BONUSSKILL5,
tables/CItem_props.tbl,CItem_props,CItem::sm_szLoadKeys,IC_,attributes,20,BONUSSKILL5AMT,BONUSSKILL5AMT,
tables/CItem_props.tbl,CItem_props,CItem::sm_szLoadKeys,IC_,attributes,21,CANUSE,CANUSE,
tables/CItem_props.tbl,CItem_props,CItem::sm_szLoadKeys,IC_,attributes,22,CONT,CONT,
tables/CItem_props.tbl,CItem_props,CItem::sm_szLoadKeys,IC_,attributes,23,CONTGRID,CONTGRID,
tables/CItem_props.tbl,CItem_props,CItem::sm_szLoadKeys,IC_,attributes,24,CONTP,CONTP,
tables/CItem_props.tbl,CItem_props,CItem::sm_szLoadKeys,IC_,attributes,25,CRAFTEDBY,CRAFTEDBY,
tables/CItem_props.tbl,CItem_props,CItem::sm_szLoadKeys,IC_,attributes,26,DISPID,DISPID,
tables/CItem_props.tbl,CItem_props,CItem::sm_szLoadKeys,IC_,attributes,27,DISPIDDEC,DISPIDDEC,
tables/CItem_props.tbl,CItem_props,CItem::sm_szLoadKeys,IC_,attributes,28,DOORCLOSESOUND,DOORCLOSESOUND,
tables/CItem_props.tbl,CItem_props,CItem::sm_szLoadKeys,IC_,attributes,29,DOOROPENID,DOOROPENID,
tables/CItem_props.tbl,CItem_props,CItem::sm_szLoadKeys,IC_,attributes,30,DOOROPENSOUND,DOOROPENSOUND,
tables/CItem_props.tbl,CItem_props,CItem::sm_szLoadKeys,IC_,attributes,31,DROPSOUND,DROPSOUND,
tables/CItem_props.tbl,CItem_props,CItem::sm_szLoadKeys,IC_,attributes,32,DUPEITEM,DUPEITEM,
tables/CItem_props.tbl,CItem_props,CItem::sm_szLoadKeys,IC_,attributes,33,DURABILITY,DURABILITY,
tables/CItem_props.tbl,CItem_props,CItem::sm_szLoadKeys,IC_,attributes,34,DYE,DYE,
tables/CItem_props.tbl,CItem_props,CItem::sm_szLoadKeys,IC_,attributes,35,EQUIPSOUND,EQUIPSOUND,
tables/CItem_props.tbl,CItem_props,CItem::sm_szLoadKeys,IC_,attributes,36,FRUIT,FRUIT,
tables/CItem_props.tbl,CItem_props,CItem::sm_szLoadKeys,IC_,attributes,37,HEIGHT,HEIGHT,
tables/CItem_props.tbl,CItem_props,CItem::sm_szLoadKeys,IC_,attributes,38,HITPOINTS,HITPOINTS,
tables/CItem_props.tbl,CItem_props,CItem::sm_szLoadKeys,IC_,attributes,39,HITS,HITS,
tables/CItem_props.tbl,CItem_props,CItem::sm_szLoadKeys,IC_,attributes,40,ID,ID,
tables/CItem_props.tbl,CItem_props,CItem::sm_szLoadKeys,IC_,attributes,41,ITEMSETAMTCUR,ITEMSETAMTCUR,
tables/CItem_props.tbl,CItem_props,CItem::sm_szLoadKeys,IC_,attributes,42,ITEMSETAMTMAX,ITEMSETAMTMAX,
tables/CItem_props.tbl,CItem_props,CItem::sm_szLoadKeys,IC_,attributes,43,ITEMSETCOLOR,ITEMSETCOLOR,
tables/CItem_props.tbl,CItem_props,CItem::sm_szLoadKeys,IC_,attributes,44,ITEMSETNAME,ITEMSETNAME,
tables/CItem_props.tbl,CItem_props,CItem::sm_szLoadKeys,IC_,attributes,45,LAYER,LAYER,
tables/CItem_props.tbl,CItem_props,CItem::sm_szLoadKeys,IC_,attributes,46,LIFESPAN,LIFESPAN,
tables/CItem_props.tbl,CItem_props,CItem::sm_szLoadKeys,IC_,attributes,47,LINK,LINK,
tables/CItem_props.tbl,CItem_props,CItem::sm_szLoadKeys,IC_,attributes,48,LUCK,LUCK,
tables/CItem_props.tbl,CItem_props,CItem::sm_szLoadKeys,IC_,attributes,49,MAKERSNAME,MAKERSNAME,
tables/CItem_props.tbl,CItem_props,CItem::sm_szLoadKeys,IC_,attributes,50,MATERIAL,MATERIAL,
tables/CItem_props.tbl,CItem_props,CItem::sm_szLoadKeys,IC_,attributes,51,MAXAMOUNT,MAXAMOUNT,
tables/CItem_props.tbl,CItem_props,CItem::sm_szLoadKeys,IC_,attributes,52,MAXHITS,MAXHITS,
tables/CItem_props.tbl,CItem_props,CItem::sm_szLoadKeys,IC_,attributes,53,MORE,MORE,
tables/CItem_props.tbl,CItem_props,CItem::sm_szLoadKeys,IC_,attributes,54,MORE1,MORE1,
tables/CItem_props.tbl,CItem_props,CItem::sm_szLoadKeys,IC_,attributes,55,MORE1h,MORE1H,
tables/CItem_props.tbl,CItem_props,CItem::sm_szLoadKeys,IC_,attributes,56,MORE1l,MORE1L,
tables/CItem_props.tbl,CItem_props,CItem::sm_szLoadKeys,IC_,attributes,57,MORE2,MORE2,
tables/CItem_props.tbl,CItem_props,CItem::sm_szLoadKeys,IC_,attributes,58,MORE2h,MORE2H,
tables/CItem_props.tbl,CItem_props,CItem::sm_szLoadKeys,IC_,attributes,59,MORE2l,MORE2L,
tables/CItem_props.tbl,CItem_props,CItem::sm_szLoadKeys,IC_,attributes,60,MOREM,MOREM,
tables/CItem_props.tbl,CItem_props,CItem::sm_szLoadKeys,IC_,attributes,61,MOREP,MOREP,
tables/CItem_props.tbl,CItem_props,CItem::sm_szLoadKeys,IC_,attributes,62,MOREX,MOREX,
tables/CItem_props.tbl,CItem_props,CItem::sm_szLoadKeys,IC_,attributes,63,MOREY,MOREY,
tables/CItem_props.tbl,CItem_props,CItem::sm_szLoadKeys,IC_,attributes,64,MOREZ,MOREZ,
tables/CItem_props.tbl,CItem_props,CItem::sm_szLoadKeys,IC_,attributes,65,NODROP,NODROP,
tables/CItem_props.tbl,CItem_props,CItem::sm_szLoadKeys,IC_,attributes,66,NOTRADE,NOTRADE,
tables/CItem_props.tbl,CItem_props,CItem::sm_szLoadKeys,IC_,attributes,67,NPCKILLER,NPCKILLER,
tables/CItem_props.tbl,CItem_props,CItem::sm_szLoadKeys,IC_,attributes,68,NPCKILLERAMT,NPCKILLERAMT,
tables/CItem_props.tbl,CItem_props,CItem::sm_szLoadKeys,IC_,attributes,69,NPCPROTECTION,NPCPROTECTION,
tables/CItem_props.tbl,CItem_props,CItem::sm_szLoadKeys,IC_,attributes,70,NPCPROTECTIONAMT,NPCPROTECTIONAMT,
tables/CItem_props.tbl,CItem_props,CItem::sm_szLoadKeys,IC_,attributes,71,OCOLOR,OCOLOR,
tables/CItem_props.tbl,CItem_props,CItem::sm_szLoadKeys,IC_,attributes,72,OWNEDBY,OWNEDBY,
tables/CItem_props.tbl,CItem_props,CItem::sm_szLoadKeys,IC_,attributes,73,P,P,
tables/CItem_props.tbl,CItem_props,CItem::sm_szLoadKeys,IC_,attributes,74,PICKUPSOUND,PICKUPSOUND,
tables/CItem_props.tbl,CItem_props,CItem::sm_szLoadKeys,IC_,attributes,75,PORTCULISSOUND,PORTCULISSOUND,
tables/CItem_props.tbl,CItem_props,CItem::sm_szLoadKeys,IC_,attributes,76,QUESTITEM,QUESTITEM,
tables/CItem_props.tbl,CItem_props,CItem::sm_szLoadKeys,IC_,attributes,77,RARITY,RARITY,
tables/CItem_props.tbl,CItem_props,CItem::sm_szLoadKeys,IC_,attributes,78,RECHARGE,RECHARGE,
tables/CItem_props.tbl,CItem_props,CItem::sm_szLoadKeys,IC_,attributes,79,RECHARGEAMT,RECHARGEAMT,
tables/CItem_props.tbl,CItem_props,CItem::sm_szLoadKeys,IC_,attributes,80,RECHARGERATE,RECHARGERATE,
tables/CItem_props.tbl,CItem_props,CItem::sm_szLoadKeys,IC_,attributes,81,REMOVALTYPE,REMOVALTYPE,
tables/CItem_props.tbl,CItem_props,CItem::sm_szLoadKeys,IC_,attributes,82,REPAIRPERCENT,REPAIRPERCENT,
tables/CItem_props.tbl,CItem_props,CItem::sm_szLoadKeys,IC_,attributes,83,SELFREPAIR,SELFREPAIR,
tables/CItem_props.tbl,CItem_props,CItem::sm_szLoadKeys,IC_,attributes,84,SPELLCOUNT,SPELLCOUNT,
tables/CItem_props.tbl,CItem_props,CItem::sm_szLoadKeys,IC_,attributes,85,SUMMONING,SUMMONING,
tables/CItem_props.tbl,CItem_props,CItem::sm_szLoadKeys,IC_,attributes,86,TOPCONT,TOPCONT,
tables/CItem_props.tbl,CItem_props,CItem::sm_szLoadKeys,IC_,attributes,87,TYPE,TYPE,
tables/CItem_props.tbl,CItem_props,CItem::sm_szLoadKeys,IC_,attributes,88,USESCUR,USESCUR,
tables/CItem_props.tbl,CItem_props,CItem::sm_szLoadKeys,IC_,attributes,89,USESMAX,USESMAX,
tables/CItem_props.tbl,CItem_props,CItem::sm_szLoadKeys,IC_,attributes,90,WEIGHT,WEIGHT,
tables/CObjBase_functions.tbl,CObjBase_functions,CObjBase::sm_szVerbKeys,OV_,functions,0,ADDCLILOC,ADDCLILOC,
tables/CObjBase_functions.tbl,CObjBase_functions,CObjBase::sm_szVerbKeys,OV_,functions,1,BASEPROPLIST,BASEPROPLIST,
tables/CObjBase_functions.tbl,CObjBase_functions,CObjBase::sm_szVerbKeys,OV_,functions,2,BASETAGLIST,BASETAGLIST,
tables/CObjBase_functions.tbl,CObjBase_functions,CObjBase::sm_szVerbKeys,OV_,functions,3,CLICK,CLICK,
tables/CObjBase_functions.tbl,CObjBase_functions,CObjBase::sm_szVerbKeys,OV_,functions,4,CLILOCLIST,CLILOCLIST,
tables/CObjBase_functions.tbl,CObjBase_functions,CObjBase::sm_szVerbKeys,OV_,functions,5,DAMAGE,DAMAGE,
tables/CObjBase_functions.tbl,CObjBase_functions,CObjBase::sm_szVerbKeys,OV_,functions,6,DCLICK,DCLICK,
tables/CObjBase_functions.tbl,CObjBase_functions,CObjBase::sm_szVerbKeys,OV_,functions,7,DIALOG,DIALOG,
tables/CObjBase_functions.tbl,CObjBase_functions,CObjBase::sm_szVerbKeys,OV_,functions,8,DIALOGCLOSE,DIALOGCLOSE,
tables/CObjBase_functions.tbl,CObjBase_functions,CObjBase::sm_szVerbKeys,OV_,functions,9,EDIT,EDIT,
tables/CObjBase_functions.tbl,CObjBase_functions,CObjBase::sm_szVerbKeys,OV_,functions,10,EFFECT,EFFECT,
tables/CObjBase_functions.tbl,CObjBase_functions,CObjBase::sm_szVerbKeys,OV_,functions,11,EFFECTLOCATION,EFFECTLOCATION,
tables/CObjBase_functions.tbl,CObjBase_functions,CObjBase::sm_szVerbKeys,OV_,functions,12,EMOTE,EMOTE,
tables/CObjBase_functions.tbl,CObjBase_functions,CObjBase::sm_szVerbKeys,OV_,functions,13,FIX,FIX,
tables/CObjBase_functions.tbl,CObjBase_functions,CObjBase::sm_szVerbKeys,OV_,functions,14,FLIP,FLIP,
tables/CObjBase_functions.tbl,CObjBase_functions,CObjBase::sm_szVerbKeys,OV_,functions,15,GOAWAKE,GOAWAKE,
tables/CObjBase_functions.tbl,CObjBase_functions,CObjBase::sm_szVerbKeys,OV_,functions,16,GOSLEEP,GOSLEEP,
tables/CObjBase_functions.tbl,CObjBase_functions,CObjBase::sm_szVerbKeys,OV_,functions,17,INFO,INFO,
tables/CObjBase_functions.tbl,CObjBase_functions,CObjBase::sm_szVerbKeys,OV_,functions,18,INPDLG,INPDLG,
tables/CObjBase_functions.tbl,CObjBase_functions,CObjBase::sm_szVerbKeys,OV_,functions,19,MENU,MENU,
tables/CObjBase_functions.tbl,CObjBase_functions,CObjBase::sm_szVerbKeys,OV_,functions,20,MESSAGE,MESSAGE,
tables/CObjBase_functions.tbl,CObjBase_functions,CObjBase::sm_szVerbKeys,OV_,functions,21,MESSAGEUA,MESSAGEUA,
tables/CObjBase_functions.tbl,CObjBase_functions,CObjBase::sm_szVerbKeys,OV_,functions,22,MOVE,MOVE,
tables/CObjBase_functions.tbl,CObjBase_functions,CObjBase::sm_szVerbKeys,OV_,functions,23,MOVENEAR,MOVENEAR,
tables/CObjBase_functions.tbl,CObjBase_functions,CObjBase::sm_szVerbKeys,OV_,functions,24,MOVETO,MOVETO,
tables/CObjBase_functions.tbl,CObjBase_functions,CObjBase::sm_szVerbKeys,OV_,functions,25,MSG,MSG,
tables/CObjBase_functions.tbl,CObjBase_functions,CObjBase::sm_szVerbKeys,OV_,functions,26,NUDGEDOWN,NUDGEDOWN,
tables/CObjBase_functions.tbl,CObjBase_functions,CObjBase::sm_szVerbKeys,OV_,functions,27,NUDGEUP,NUDGEUP,
tables/CObjBase_functions.tbl,CObjBase_functions,CObjBase::sm_szVerbKeys,OV_,functions,28,P,P,
tables/CObjBase_functions.tbl,CObjBase_functions,CObjBase::sm_szVerbKeys,OV_,functions,29,PROMPTCONSOLE,PROMPTCONSOLE,
tables/CObjBase_functions.tbl,CObjBase_functions,CObjBase::sm_szVerbKeys,OV_,functions,30,PROMPTCONSOLEU,PROMPTCONSOLEU,
tables/CObjBase_functions.tbl,CObjBase_functions,CObjBase::sm_szVerbKeys,OV_,functions,31,PROPLIST,PROPLIST,
tables/CObjBase_functions.tbl,CObjBase_functions,CObjBase::sm_szVerbKeys,OV_,functions,32,REMOVE,REMOVE,
tables/CObjBase_functions.tbl,CObjBase_functions,CObjBase::sm_szVerbKeys,OV_,functions,33,REMOVECLILOC,REMOVECLILOC,
tables/CObjBase_functions.tbl,CObjBase_functions,CObjBase::sm_szVerbKeys,OV_,functions,34,REMOVEFROMVIEW,REMOVEFROMVIEW,
tables/CObjBase_functions.tbl,CObjBase_functions,CObjBase::sm_szVerbKeys,OV_,functions,35,REPLACECLILOC,REPLACECLILOC,
tables/CObjBase_functions.tbl,CObjBase_functions,CObjBase::sm_szVerbKeys,OV_,functions,36,RESENDTOOLTIP,RESENDTOOLTIP,
tables/CObjBase_functions.tbl,CObjBase_functions,CObjBase::sm_szVerbKeys,OV_,functions,37,SAY,SAY,
tables/CObjBase_functions.tbl,CObjBase_functions,CObjBase::sm_szVerbKeys,OV_,functions,38,SAYU,SAYU,
tables/CObjBase_functions.tbl,CObjBase_functions,CObjBase::sm_szVerbKeys,OV_,functions,39,SAYUA,SAYUA,
tables/CObjBase_functions.tbl,CObjBase_functions,CObjBase::sm_szVerbKeys,OV_,functions,40,SDIALOG,SDIALOG,
tables/CObjBase_functions.tbl,CObjBase_functions,CObjBase::sm_szVerbKeys,OV_,functions,41,SOUND,SOUND,
tables/CObjBase_functions.tbl,CObjBase_functions,CObjBase::sm_szVerbKeys,OV_,functions,42,SPELLEFFECT,SPELLEFFECT,
tables/CObjBase_functions.tbl,CObjBase_functions,CObjBase::sm_szVerbKeys,OV_,functions,43,TAGLIST,TAGLIST,
tables/CObjBase_functions.tbl,CObjBase_functions,CObjBase::sm_szVerbKeys,OV_,functions,44,TARGET,TARGET,
tables/CObjBase_functions.tbl,CObjBase_functions,CObjBase::sm_szVerbKeys,OV_,functions,45,TIMERF,TIMERF,
tables/CObjBase_functions.tbl,CObjBase_functions,CObjBase::sm_szVerbKeys,OV_,functions,46,TIMERFMS,TIMERFMS,
tables/CObjBase_functions.tbl,CObjBase_functions,CObjBase::sm_szVerbKeys,OV_,functions,47,TRIGGER,TRIGGER,
tables/CObjBase_functions.tbl,CObjBase_functions,CObjBase::sm_szVerbKeys,OV_,functions,48,TRY,TRY,
tables/CObjBase_functions.tbl,CObjBase_functions,CObjBase::sm_szVerbKeys,OV_,functions,49,TRYP,TRYP,
tables/CObjBase_functions.tbl,CObjBase_functions,CObjBase::sm_szVerbKeys,OV_,functions,50,TRYSRC,TRYSRC,
tables/CObjBase_functions.tbl,CObjBase_functions,CObjBase::sm_szVerbKeys,OV_,functions,51,TRYSRV,TRYSRV,
tables/CObjBase_functions.tbl,CObjBase_functions,CObjBase::sm_szVerbKeys,OV_,functions,52,UID,UID,
tables/CObjBase_functions.tbl,CObjBase_functions,CObjBase::sm_szVerbKeys,OV_,functions,53,UPDATE,UPDATE,
tables/CObjBase_functions.tbl,CObjBase_functions,CObjBase::sm_szVerbKeys,OV_,functions,54,UPDATEX,UPDATEX,
tables/CObjBase_functions.tbl,CObjBase_functions,CObjBase::sm_szVerbKeys,OV_,functions,55,USEITEM,USEITEM,
tables/CObjBase_functions.tbl,CObjBase_functions,CObjBase::sm_szVerbKeys,OV_,functions,56,Z,Z,
tables/CObjBase_props.tbl,CObjBase_props,CObjBase::sm_szLoadKeys,OC_,attributes,0,ABILITYPRIMARY,ABILITYPRIMARY,
tables/CObjBase_props.tbl,CObjBase_props,CObjBase::sm_szLoadKeys,OC_,attributes,1,ABILITYSECONDARY,ABILITYSECONDARY,
tables/CObjBase_props.tbl,CObjBase_props,CObjBase::sm_szLoadKeys,OC_,attributes,2,ARMOR,ARMOR,
tables/CObjBase_props.tbl,CObjBase_props,CObjBase::sm_szLoadKeys,OC_,attributes,3,CAN,CAN,
tables/CObjBase_props.tbl,CObjBase_props,CObjBase::sm_szLoadKeys,OC_,attributes,4,CANMASK,CANMASK,
tables/CObjBase_props.tbl,CObjBase_props,CObjBase::sm_szLoadKeys,OC_,attributes,5,CANSEE,CANSEE,
tables/CObjBase_props.tbl,CObjBase_props,CObjBase::sm_szLoadKeys,OC_,attributes,6,CANSEELOS,CANSEELOS,
tables/CObjBase_props.tbl,CObjBase_props,CObjBase::sm_szLoadKeys,OC_,attributes,7,CANSEELOSFLAG,CANSEELOSFLAG,
tables/CObjBase_props.tbl,CObjBase_props,CObjBase::sm_szLoadKeys,OC_,attributes,8,CLILOC,CLILOC,
tables/CObjBase_props.tbl,CObjBase_props,CObjBase::sm_szLoadKeys,OC_,attributes,9,CLILOCCOUNT,CLILOCCOUNT,
tables/CObjBase_props.tbl,CObjBase_props,CObjBase::sm_szLoadKeys,OC_,attributes,10,COLOR,COLOR,
tables/CObjBase_props.tbl,CObjBase_props,CObjBase::sm_szLoadKeys,OC_,attributes,11,COMPLEXITY,COMPLEXITY,
tables/CObjBase_props.tbl,CObjBase_props,CObjBase::sm_szLoadKeys,OC_,attributes,12,CTAGCOUNT,CTAGCOUNT,
tables/CObjBase_props.tbl,CObjBase_props,CObjBase::sm_szLoadKeys,OC_,attributes,13,DAM,DAM,
tables/CObjBase_props.tbl,CObjBase_props,CObjBase::sm_szLoadKeys,OC_,attributes,14,DIALOGLIST,DIALOGLIST,
tables/CObjBase_props.tbl,CObjBase_props,CObjBase::sm_szLoadKeys,OC_,attributes,15,DISTANCE,DISTANCE,
tables/CObjBase_props.tbl,CObjBase_props,CObjBase::sm_szLoadKeys,OC_,attributes,16,EVENTS,EVENTS,
tables/CObjBase_props.tbl,CObjBase_props,CObjBase::sm_szLoadKeys,OC_,attributes,17,FACING,FACING,
tables/CObjBase_props.tbl,CObjBase_props,CObjBase::sm_szLoadKeys,OC_,attributes,18,HASCOMPONENTPROPS,HASCOMPONENTPROPS,
tables/CObjBase_props.tbl,CObjBase_props,CObjBase::sm_szLoadKeys,OC_,attributes,19,ISARMOR,ISARMOR,
tables/CObjBase_props.tbl,CObjBase_props,CObjBase::sm_szLoadKeys,OC_,attributes,20,ISCHAR,ISCHAR,
tables/CObjBase_props.tbl,CObjBase_props,CObjBase::sm_szLoadKeys,OC_,attributes,21,ISCONT,ISCONT,
tables/CObjBase_props.tbl,CObjBase_props,CObjBase::sm_szLoadKeys,OC_,attributes,22,ISDIALOGOPEN,ISDIALOGOPEN,
tables/CObjBase_props.tbl,CObjBase_props,CObjBase::sm_szLoadKeys,OC_,attributes,23,ISEVENT,ISEVENT,
tables/CObjBase_props.tbl,CObjBase_props,CObjBase::sm_szLoadKeys,OC_,attributes,24,ISITEM,ISITEM,
tables/CObjBase_props.tbl,CObjBase_props,CObjBase::sm_szLoadKeys,OC_,attributes,25,ISNEARTYPE,ISNEARTYPE,
tables/CObjBase_props.tbl,CObjBase_props,CObjBase::sm_szLoadKeys,OC_,attributes,26,ISNEARTYPETOP,ISNEARTYPETOP,
tables/CObjBase_props.tbl,CObjBase_props,CObjBase::sm_szLoadKeys,OC_,attributes,27,ISPLAYER,ISPLAYER,
tables/CObjBase_props.tbl,CObjBase_props,CObjBase::sm_szLoadKeys,OC_,attributes,28,ISSLEEPING,ISSLEEPING,
tables/CObjBase_props.tbl,CObjBase_props,CObjBase::sm_szLoadKeys,OC_,attributes,29,ISTEVENT,ISTEVENT,
tables/CObjBase_props.tbl,CObjBase_props,CObjBase::sm_szLoadKeys,OC_,attributes,30,ISTIMERF,ISTIMERF,
tables/CObjBase_props.tbl,CObjBase_props,CObjBase::sm_szLoadKeys,OC_,attributes,31,ISWEAPON,ISWEAPON,
tables/CObjBase_props.tbl,CObjBase_props,CObjBase::sm_szLoadKeys,OC_,attributes,32,MAP,MAP,
tables/CObjBase_props.tbl,CObjBase_props,CObjBase::sm_szLoadKeys,OC_,attributes,33,MODAC,MODAC,
tables/CObjBase_props.tbl,CObjBase_props,CObjBase::sm_szLoadKeys,OC_,attributes,34,MODAR,MODAR,
tables/CObjBase_props.tbl,CObjBase_props,CObjBase::sm_szLoadKeys,OC_,attributes,35,MODMAXWEIGHT,MODMAXWEIGHT,
tables/CObjBase_props.tbl,CObjBase_props,CObjBase::sm_szLoadKeys,OC_,attributes,36,NAME,NAME,
tables/CObjBase_props.tbl,CObjBase_props,CObjBase::sm_szLoadKeys,OC_,attributes,37,NAMELOC,NAMELOC,
tables/CObjBase_props.tbl,CObjBase_props,CObjBase::sm_szLoadKeys,OC_,attributes,38,ONAME,ONAME,
tables/CObjBase_props.tbl,CObjBase_props,CObjBase::sm_szLoadKeys,OC_,attributes,39,P,P,
tables/CObjBase_props.tbl,CObjBase_props,CObjBase::sm_szLoadKeys,OC_,attributes,40,PROPSAT,PROPSAT,
tables/CObjBase_props.tbl,CObjBase_props,CObjBase::sm_szLoadKeys,OC_,attributes,41,PROPSCOUNT,PROPSCOUNT,
tables/CObjBase_props.tbl,CObjBase_props,CObjBase::sm_szLoadKeys,OC_,attributes,42,RECIPEALCHEMY,RECIPEALCHEMY,
tables/CObjBase_props.tbl,CObjBase_props,CObjBase::sm_szLoadKeys,OC_,attributes,43,RECIPEBLACKSMITH,RECIPEBLACKSMITH,
tables/CObjBase_props.tbl,CObjBase_props,CObjBase::sm_szLoadKeys,OC_,attributes,44,RECIPEBOWCRAFT,RECIPEBOWCRAFT,
tables/CObjBase_props.tbl,CObjBase_props,CObjBase::sm_szLoadKeys,OC_,attributes,45,RECIPECARPENTRY,RECIPECARPENTRY,
tables/CObjBase_props.tbl,CObjBase_props,CObjBase::sm_szLoadKeys,OC_,attributes,46,RECIPECARTOPGRAHY,RECIPECARTOGRAPHY,
tables/CObjBase_props.tbl,CObjBase_props,CObjBase::sm_szLoadKeys,OC_,attributes,47,RECIPECOOKING,RECIPECOOKING,
tables/CObjBase_props.tbl,CObjBase_props,CObjBase::sm_szLoadKeys,OC_,attributes,48,RECIPEGLASSBLOWING,RECIPEGLASSBLOWING,
tables/CObjBase_props.tbl,CObjBase_props,CObjBase::sm_szLoadKeys,OC_,attributes,49,RECIPEINSCRIPTION,RECIPEINSCRIPTION,
tables/CObjBase_props.tbl,CObjBase_props,CObjBase::sm_szLoadKeys,OC_,attributes,50,RECIPEMASONRY,RECIPEMASONRY,
tables/CObjBase_props.tbl,CObjBase_props,CObjBase::sm_szLoadKeys,OC_,attributes,51,RECIPETAILORING,RECIPETAILORING,
tables/CObjBase_props.tbl,CObjBase_props,CObjBase::sm_szLoadKeys,OC_,attributes,52,RECIPETINKERING,RECIPETINKERING,
tables/CObjBase_props.tbl,CObjBase_props,CObjBase::sm_szLoadKeys,OC_,attributes,53,RESDISPDNHUE,RESDISPDNHUE,
tables/CObjBase_props.tbl,CObjBase_props,CObjBase::sm_szLoadKeys,OC_,attributes,54,SERIAL,SERIAL,
tables/CObjBase_props.tbl,CObjBase_props,CObjBase::sm_szLoadKeys,OC_,attributes,55,SEXTANTP,SEXTANTP,
tables/CObjBase_props.tbl,CObjBase_props,CObjBase::sm_szLoadKeys,OC_,attributes,56,SPAWNITEM,SPAWNITEM,
tables/CObjBase_props.tbl,CObjBase_props,CObjBase::sm_szLoadKeys,OC_,attributes,57,SPEED,SPEED,
tables/CObjBase_props.tbl,CObjBase_props,CObjBase::sm_szLoadKeys,OC_,attributes,58,TAG,TAG,
tables/CObjBase_props.tbl,CObjBase_props,CObjBase::sm_szLoadKeys,OC_,attributes,59,TAG0,TAG0,
tables/CObjBase_props.tbl,CObjBase_props,CObjBase::sm_szLoadKeys,OC_,attributes,60,TAGAT,TAGAT,
tables/CObjBase_props.tbl,CObjBase_props,CObjBase::sm_szLoadKeys,OC_,attributes,61,TAGCOUNT,TAGCOUNT,
tables/CObjBase_props.tbl,CObjBase_props,CObjBase::sm_szLoadKeys,OC_,attributes,62,TEXTF,TEXTF,
tables/CObjBase_props.tbl,CObjBase_props,CObjBase::sm_szLoadKeys,OC_,attributes,63,TIMER,TIMER,
tables/CObjBase_props.tbl,CObjBase_props,CObjBase::sm_szLoadKeys,OC_,attributes,64,TIMERD,TIMERD,
tables/CObjBase_props.tbl,CObjBase_props,CObjBase::sm_szLoadKeys,OC_,attributes,65,TIMERMS,TIMERMS,
tables/CObjBase_props.tbl,CObjBase_props,CObjBase::sm_szLoadKeys,OC_,attributes,66,TIMESTAMP,TIMESTAMP,
tables/CObjBase_props.tbl,CObjBase_props,CObjBase::sm_szLoadKeys,OC_,attributes,67,TOPOBJ,TOPOBJ,
tables/CObjBase_props.tbl,CObjBase_props,CObjBase::sm_szLoadKeys,OC_,attributes,68,TRIGGER,TRIGGER,
tables/CObjBase_props.tbl,CObjBase_props,CObjBase::sm_szLoadKeys,OC_,attributes,69,UID,UID,
tables/CObjBase_props.tbl,CObjBase_props,CObjBase::sm_szLoadKeys,OC_,attributes,70,VERSION,VERSION,
tables/CObjBase_props.tbl,CObjBase_props,CObjBase::sm_szLoadKeys,OC_,attributes,71,WEIGHT,WEIGHT,
tables/CObjBase_props.tbl,CObjBase_props,CObjBase::sm_szLoadKeys,OC_,attributes,72,Z,Z,
tables/CParty_functions.tbl,CParty_functions,CPartyDef::sm_szVerbKeys,PDV_,functions,0,ADDMEMBER,ADDMEMBER,
tables/CParty_functions.tbl,CParty_functions,CPartyDef::sm_szVerbKeys,PDV_,functions,1,ADDMEMBERFORCED,ADDMEMBERFORCED,
tables/CParty_functions.tbl,CParty_functions,CPartyDef::sm_szVerbKeys,PDV_,functions,2,CLEARTAGS,CLEARTAGS,
tables/CParty_functions.tbl,CParty_functions,CPartyDef::sm_szVerbKeys,PDV_,functions,3,CREATE,CREATE,
tables/CParty_functions.tbl,CParty_functions,CPartyDef::sm_szVerbKeys,PDV_,functions,4,DISBAND,DISBAND,
tables/CParty_functions.tbl,CParty_functions,CPartyDef::sm_szVerbKeys,PDV_,functions,5,MESSAGE,MESSAGE,
tables/CParty_functions.tbl,CParty_functions,CPartyDef::sm_szVerbKeys,PDV_,functions,6,REMOVEMEMBER,REMOVEMEMBER,
tables/CParty_functions.tbl,CParty_functions,CPartyDef::sm_szVerbKeys,PDV_,functions,7,SETMASTER,SETMASTER,
tables/CParty_functions.tbl,CParty_functions,CPartyDef::sm_szVerbKeys,PDV_,functions,8,SYSMESSAGE,SYSMESSAGE,
tables/CParty_functions.tbl,CParty_functions,CPartyDef::sm_szVerbKeys,PDV_,functions,9,TAGLIST,TAGLIST,
tables/CParty_props.tbl,CParty_props,CPartyDef::sm_szLoadKeys,PDC_,attributes,0,ISSAMEPARTYOF,ISSAMEPARTYOF,
tables/CParty_props.tbl,CParty_props,CPartyDef::sm_szLoadKeys,PDC_,attributes,1,MEMBERS,MEMBERS,
tables/CParty_props.tbl,CParty_props,CPartyDef::sm_szLoadKeys,PDC_,attributes,2,SPEECHFILTER,SPEECHFILTER,
tables/CParty_props.tbl,CParty_props,CPartyDef::sm_szLoadKeys,PDC_,attributes,3,TAG,TAG,
tables/CParty_props.tbl,CParty_props,CPartyDef::sm_szLoadKeys,PDC_,attributes,4,TAG0,TAG0,
tables/CParty_props.tbl,CParty_props,CPartyDef::sm_szLoadKeys,PDC_,attributes,5,TAGAT,TAGAT,
tables/CParty_props.tbl,CParty_props,CPartyDef::sm_szLoadKeys,PDC_,attributes,6,TAGCOUNT,TAGCOUNT,
tables/CSFileObjContainer_functions.tbl,CSFileObjContainer_functions,CSFileObjContainer::sm_szVerbKeys,CFOV_,functions,0,CLOSEOBJECT,CLOSEOBJECT,
tables/CSFileObjContainer_functions.tbl,CSFileObjContainer_functions,CSFileObjContainer::sm_szVerbKeys,CFOV_,functions,1,RESETOBJECT,RESETOBJECT,
tables/CSFileObjContainer_props.tbl,CSFileObjContainer_props,CSFileObjContainer::sm_szLoadKeys,CFO_,attributes,0,GLOBALTIMEOUT,GLOBALTIMEOUT,
tables/CSFileObjContainer_props.tbl,CSFileObjContainer_props,CSFileObjContainer::sm_szLoadKeys,CFO_,attributes,1,OBJECTPOOL,OBJECTPOOL,
tables/CSFileObj_functions.tbl,CSFileObj_functions,CSFileObj::sm_szVerbKeys,FOV_,functions,0,CLOSE,CLOSE,
tables/CSFileObj_functions.tbl,CSFileObj_functions,CSFileObj::sm_szVerbKeys,FOV_,functions,1,DELETEFILE,DELETEFILE,
tables/CSFileObj_functions.tbl,CSFileObj_functions,CSFileObj::sm_szVerbKeys,FOV_,functions,2,FLUSH,FLUSH,
tables/CSFileObj_props.tbl,CSFileObj_props,CSFileObj::sm_szLoadKeys,FO_,attributes,0,FILEEXIST,FILEEXIST,
tables/CSFileObj_props.tbl,CSFileObj_props,CSFileObj::sm_szLoadKeys,FO_,attributes,1,FILELINES,FILELINES,
tables/CSFileObj_props.tbl,CSFileObj_props,CSFileObj::sm_szLoadKeys,FO_,attributes,2,FILEPATH,FILEPATH,
tables/CSFileObj_props.tbl,CSFileObj_props,CSFileObj::sm_szLoadKeys,FO_,attributes,3,INUSE,INUSE,
tables/CSFileObj_props.tbl,CSFileObj_props,CSFileObj::sm_szLoadKeys,FO_,attributes,4,ISEOF,ISEOF,
tables/CSFileObj_props.tbl,CSFileObj_props,CSFileObj::sm_szLoadKeys,FO_,attributes,5,LENGTH,LENGTH,
tables/CSFileObj_props.tbl,CSFileObj_props,CSFileObj::sm_szLoadKeys,FO_,attributes,6,OPEN,OPEN,
tables/CSFileObj_props.tbl,CSFileObj_props,CSFileObj::sm_szLoadKeys,FO_,attributes,7,POSITION,POSITION,
tables/CSFileObj_props.tbl,CSFileObj_props,CSFileObj::sm_szLoadKeys,FO_,attributes,8,READBYTE,READBYTE,
tables/CSFileObj_props.tbl,CSFileObj_props,CSFileObj::sm_szLoadKeys,FO_,attributes,9,READCHAR,READCHAR,
tables/CSFileObj_props.tbl,CSFileObj_props,CSFileObj::sm_szLoadKeys,FO_,attributes,10,READLINE,READLINE,
tables/CSFileObj_props.tbl,CSFileObj_props,CSFileObj::sm_szLoadKeys,FO_,attributes,11,SEEK,SEEK,
tables/CSFileObj_props.tbl,CSFileObj_props,CSFileObj::sm_szLoadKeys,FO_,attributes,12,WRITE,WRITE,
tables/CSFileObj_props.tbl,CSFileObj_props,CSFileObj::sm_szLoadKeys,FO_,attributes,13,WRITECHR,WRITECHR,
tables/CSFileObj_props.tbl,CSFileObj_props,CSFileObj::sm_szLoadKeys,FO_,attributes,14,WRITELINE,WRITELINE,
tables/CScriptObj_functions.tbl,CScriptObj_functions,CScriptObj::sm_szLoadKeys,SSC_,functions,0,ASC,ASC,
tables/CScriptObj_functions.tbl,CScriptObj_functions,CScriptObj::sm_szLoadKeys,SSC_,functions,1,ASCPAD,ASCPAD,
tables/CScriptObj_functions.tbl,CScriptObj_functions,CScriptObj::sm_szLoadKeys,SSC_,functions,2,BCRYPTHASH,BCRYPTHASH,
tables/CScriptObj_functions.tbl,CScriptObj_functions,CScriptObj::sm_szLoadKeys,SSC_,functions,3,BCRYPTVALIDATE,BCRYPTVALIDATE,
tables/CScriptObj_functions.tbl,CScriptObj_functions,CScriptObj::sm_szLoadKeys,SSC_,functions,4,BETWEEN,BETWEEN,
tables/CScriptObj_functions.tbl,CScriptObj_functions,CScriptObj::sm_szLoadKeys,SSC_,functions,5,BETWEEN2,BETWEEN2,
tables/CScriptObj_functions.tbl,CScriptObj_functions,CScriptObj::sm_szLoadKeys,SSC_,functions,6,CATEGORY,CATEGORY,
tables/CScriptObj_functions.tbl,CScriptObj_functions,CScriptObj::sm_szLoadKeys,SSC_,functions,7,CHR,CHR,
tables/CScriptObj_functions.tbl,CScriptObj_functions,CScriptObj::sm_szLoadKeys,SSC_,functions,8,CLRBIT,CLRBIT,
tables/CScriptObj_functions.tbl,CScriptObj_functions,CScriptObj::sm_szLoadKeys,SSC_,functions,9,DEF,DEF,
tables/CScriptObj_functions.tbl,CScriptObj_functions,CScriptObj::sm_szLoadKeys,SSC_,functions,10,DEF0,DEF0,
tables/CScriptObj_functions.tbl,CScriptObj_functions,CScriptObj::sm_szLoadKeys,SSC_,functions,11,DEFLIST,DEFLIST,
tables/CScriptObj_functions.tbl,CScriptObj_functions,CScriptObj::sm_szLoadKeys,SSC_,functions,12,DEFMSG,DEFMSG,
tables/CScriptObj_functions.tbl,CScriptObj_functions,CScriptObj::sm_szLoadKeys,SSC_,functions,13,DESCRIPTION,DESCRIPTION,
tables/CScriptObj_functions.tbl,CScriptObj_functions,CScriptObj::sm_szLoadKeys,SSC_,functions,14,EVAL,EVAL,
tables/CScriptObj_functions.tbl,CScriptObj_functions,CScriptObj::sm_szLoadKeys,SSC_,functions,15,EXPLODE,EXPLODE,
tables/CScriptObj_functions.tbl,CScriptObj_functions,CScriptObj::sm_szLoadKeys,SSC_,functions,16,FEVAL,FEVAL,
tables/CScriptObj_functions.tbl,CScriptObj_functions,CScriptObj::sm_szLoadKeys,SSC_,functions,17,FHVAL,FHVAL,
tables/CScriptObj_functions.tbl,CScriptObj_functions,CScriptObj::sm_szLoadKeys,SSC_,functions,18,FLOATVAL,FLOATVAL,
tables/CScriptObj_functions.tbl,CScriptObj_functions,CScriptObj::sm_szLoadKeys,SSC_,functions,19,FVAL,FVAL,
tables/CScriptObj_functions.tbl,CScriptObj_functions,CScriptObj::sm_szLoadKeys,SSC_,functions,20,HVAL,HVAL,
tables/CScriptObj_functions.tbl,CScriptObj_functions,CScriptObj::sm_szLoadKeys,SSC_,functions,21,ISBIT,ISBIT,
tables/CScriptObj_functions.tbl,CScriptObj_functions,CScriptObj::sm_szLoadKeys,SSC_,functions,22,ISEMPTY,ISEMPTY,
tables/CScriptObj_functions.tbl,CScriptObj_functions,CScriptObj::sm_szLoadKeys,SSC_,functions,23,ISNUM,ISNUM,
tables/CScriptObj_functions.tbl,CScriptObj_functions,CScriptObj::sm_szLoadKeys,SSC_,functions,24,LIST,LIST,
tables/CScriptObj_functions.tbl,CScriptObj_functions,CScriptObj::sm_szLoadKeys,SSC_,functions,25,LISTCOL,LISTCOL,
tables/CScriptObj_functions.tbl,CScriptObj_functions,CScriptObj::sm_szLoadKeys,SSC_,functions,26,MD5HASH,MD5HASH,
tables/CScriptObj_functions.tbl,CScriptObj_functions,CScriptObj::sm_szLoadKeys,SSC_,functions,27,MULDIV,MULDIV,
tables/CScriptObj_functions.tbl,CScriptObj_functions,CScriptObj::sm_szLoadKeys,SSC_,functions,28,NEW,NEW,
tables/CScriptObj_functions.tbl,CScriptObj_functions,CScriptObj::sm_szLoadKeys,SSC_,functions,29,OBJ,OBJ,
tables/CScriptObj_functions.tbl,CScriptObj_functions,CScriptObj::sm_szLoadKeys,SSC_,functions,30,RESDEF,RESDEF,
tables/CScriptObj_functions.tbl,CScriptObj_functions,CScriptObj::sm_szLoadKeys,SSC_,functions,31,RESDEF0,RESDEF0,
tables/CScriptObj_functions.tbl,CScriptObj_functions,CScriptObj::sm_szLoadKeys,SSC_,functions,32,RESOURCEINDEX,RESOURCEINDEX,
tables/CScriptObj_functions.tbl,CScriptObj_functions,CScriptObj::sm_szLoadKeys,SSC_,functions,33,RESOURCETYPE,RESOURCETYPE,
tables/CScriptObj_functions.tbl,CScriptObj_functions,CScriptObj::sm_szLoadKeys,SSC_,functions,34,SETBIT,SETBIT,
tables/CScriptObj_functions.tbl,CScriptObj_functions,CScriptObj::sm_szLoadKeys,SSC_,functions,35,SRC,SRC,
tables/CScriptObj_functions.tbl,CScriptObj_functions,CScriptObj::sm_szLoadKeys,SSC_,functions,36,StrArg,STRARG,
tables/CScriptObj_functions.tbl,CScriptObj_functions,CScriptObj::sm_szLoadKeys,SSC_,functions,37,StrEat,STREAT,
tables/CScriptObj_functions.tbl,CScriptObj_functions,CScriptObj::sm_szLoadKeys,SSC_,functions,38,StrFirstCap,STRFIRSTCAP,
tables/CScriptObj_functions.tbl,CScriptObj_functions,CScriptObj::sm_szLoadKeys,SSC_,functions,39,StrPos,STRPOS,
tables/CScriptObj_functions.tbl,CScriptObj_functions,CScriptObj::sm_szLoadKeys,SSC_,functions,40,STRRANDRANGE,STRRANDRANGE,
tables/CScriptObj_functions.tbl,CScriptObj_functions,CScriptObj::sm_szLoadKeys,SSC_,functions,41,StrRegexNew,STRREGEXNEW,
tables/CScriptObj_functions.tbl,CScriptObj_functions,CScriptObj::sm_szLoadKeys,SSC_,functions,42,StrReverse,STRREVERSE,
tables/CScriptObj_functions.tbl,CScriptObj_functions,CScriptObj::sm_szLoadKeys,SSC_,functions,43,StrSub,STRSUB,
tables/CScriptObj_functions.tbl,CScriptObj_functions,CScriptObj::sm_szLoadKeys,SSC_,functions,44,StrToken,STRTOKEN,
tables/CScriptObj_functions.tbl,CScriptObj_functions,CScriptObj::sm_szLoadKeys,SSC_,functions,45,StrToLower,STRTOLOWER,
tables/CScriptObj_functions.tbl,CScriptObj_functions,CScriptObj::sm_szLoadKeys,SSC_,functions,46,StrToUpper,STRTOUPPER,
tables/CScriptObj_functions.tbl,CScriptObj_functions,CScriptObj::sm_szLoadKeys,SSC_,functions,47,StrTrim,STRTRIM,
tables/CScriptObj_functions.tbl,CScriptObj_functions,CScriptObj::sm_szLoadKeys,SSC_,functions,48,SUBSECTION,SUBSECTION,
tables/CScriptObj_functions.tbl,CScriptObj_functions,CScriptObj::sm_szLoadKeys,SSC_,functions,49,SYSCMD,SYSCMD,
tables/CScriptObj_functions.tbl,CScriptObj_functions,CScriptObj::sm_szLoadKeys,SSC_,functions,50,SYSSPAWN,SYSSPAWN,
tables/CScriptObj_functions.tbl,CScriptObj_functions,CScriptObj::sm_szLoadKeys,SSC_,functions,51,UVAL,UVAL,
tables/CScriptObj_functions.tbl,CScriptObj_functions,CScriptObj::sm_szLoadKeys,SSC_,functions,52,VAR,VAR,
tables/CScriptObj_functions.tbl,CScriptObj_functions,CScriptObj::sm_szLoadKeys,SSC_,functions,53,VAR0,VAR0,
tables/CSector_functions.tbl,CSector_functions,CSector::sm_szVerbKeys,SEV_,functions,0,ALLCHARS,ALLCHARS,
tables/CSector_functions.tbl,CSector_functions,CSector::sm_szVerbKeys,SEV_,functions,1,ALLCHARSIDLE,ALLCHARSIDLE,
tables/CSector_functions.tbl,CSector_functions,CSector::sm_szVerbKeys,SEV_,functions,2,ALLCLIENTS,ALLCLIENTS,
tables/CSector_functions.tbl,CSector_functions,CSector::sm_szVerbKeys,SEV_,functions,3,ALLITEMS,ALLITEMS,
tables/CSector_functions.tbl,CSector_functions,CSector::sm_szVerbKeys,SEV_,functions,4,AWAKE,AWAKE,
tables/CSector_functions.tbl,CSector_functions,CSector::sm_szVerbKeys,SEV_,functions,5,DRY,DRY,
tables/CSector_functions.tbl,CSector_functions,CSector::sm_szVerbKeys,SEV_,functions,6,LIGHT,LIGHT,
tables/CSector_functions.tbl,CSector_functions,CSector::sm_szVerbKeys,SEV_,functions,7,RAIN,RAIN,
tables/CSector_functions.tbl,CSector_functions,CSector::sm_szVerbKeys,SEV_,functions,8,RESPAWN,RESPAWN,
tables/CSector_functions.tbl,CSector_functions,CSector::sm_szVerbKeys,SEV_,functions,9,RESTOCK,RESTOCK,
tables/CSector_functions.tbl,CSector_functions,CSector::sm_szVerbKeys,SEV_,functions,10,SEASON,SEASON,
tables/CSector_functions.tbl,CSector_functions,CSector::sm_szVerbKeys,SEV_,functions,11,SLEEP,SLEEP,
tables/CSector_functions.tbl,CSector_functions,CSector::sm_szVerbKeys,SEV_,functions,12,SNOW,SNOW,
tables/CStoneMember_props.tbl,CStoneMember_props,CStoneMember::sm_szLoadKeys,STMM_,attributes,0,ACCOUNTGOLD,ACCOUNTGOLD,
tables/CStoneMember_props.tbl,CStoneMember_props,CStoneMember::sm_szLoadKeys,STMM_,attributes,1,TITLE,GUILDTITLE,
tables/CStoneMember_props.tbl,CStoneMember_props,CStoneMember::sm_szLoadKeys,STMM_,attributes,2,GUILD_ISALLY,ISALLY,
tables/CStoneMember_props.tbl,CStoneMember_props,CStoneMember::sm_szLoadKeys,STMM_,attributes,3,ISCANDIDATE,ISCANDIDATE,
tables/CStoneMember_props.tbl,CStoneMember_props,CStoneMember::sm_szLoadKeys,STMM_,attributes,4,GUILD_ISENEMY,ISENEMY,
tables/CStoneMember_props.tbl,CStoneMember_props,CStoneMember::sm_szLoadKeys,STMM_,attributes,5,ISMASTER,ISMASTER,
tables/CStoneMember_props.tbl,CStoneMember_props,CStoneMember::sm_szLoadKeys,STMM_,attributes,6,ISMEMBER,ISMEMBER,
tables/CStoneMember_props.tbl,CStoneMember_props,CStoneMember::sm_szLoadKeys,STMM_,attributes,7,LOYALTO,LOYALTO,
tables/CStoneMember_props.tbl,CStoneMember_props,CStoneMember::sm_szLoadKeys,STMM_,attributes,8,PRIV,PRIV,
tables/CStoneMember_props.tbl,CStoneMember_props,CStoneMember::sm_szLoadKeys,STMM_,attributes,9,PRIVNAME,PRIVNAME,
tables/CStoneMember_props.tbl,CStoneMember_props,CStoneMember::sm_szLoadKeys,STMM_,attributes,10,SHOWABBREV,SHOWABBREV,
tables/CStoneMember_props.tbl,CStoneMember_props,CStoneMember::sm_szLoadKeys,STMM_,attributes,11,GUILD_THEYALLIANCE,THEYALLIANCE,
tables/CStoneMember_props.tbl,CStoneMember_props,CStoneMember::sm_szLoadKeys,STMM_,attributes,12,GUILD_THEYWAR,THEYWAR,
tables/CStoneMember_props.tbl,CStoneMember_props,CStoneMember::sm_szLoadKeys,STMM_,attributes,13,GUILD_WEALLIANCE,WEALLIANCE,
tables/CStoneMember_props.tbl,CStoneMember_props,CStoneMember::sm_szLoadKeys,STMM_,attributes,14,GUILD_WEWAR,WEWAR,
tables/classnames.tbl,classnames,classnames,,class,0,CAccount,CAccount,
tables/classnames.tbl,classnames,classnames,,class,1,CAccounts,CAccounts,
tables/classnames.tbl,classnames,classnames,,class,2,CResourceLink,CResourceLink,
tables/classnames.tbl,classnames,classnames,,class,3,CCChampion,CCChampion,
tables/classnames.tbl,classnames,classnames,,class,4,CCChampionDef,CCChampionDef,
tables/classnames.tbl,classnames,classnames,,class,5,CChar,CChar,
tables/classnames.tbl,classnames,classnames,,class,6,CCharBase,CCharBase,
tables/classnames.tbl,classnames,classnames,,class,7,CCharNPC,CCharNPC,
tables/classnames.tbl,classnames,classnames,,class,8,CCharPlayer,CCharPlayer,
tables/classnames.tbl,classnames,classnames,,class,9,CClient,CClient,
tables/classnames.tbl,classnames,classnames,,class,10,CDialogDef,CDialogDef,
tables/classnames.tbl,classnames,classnames,,class,11,CDialogResponseArgs,CDialogResponseArgs,
tables/classnames.tbl,classnames,classnames,,class,12,CEntity,CEntity,
tables/classnames.tbl,classnames,classnames,,class,13,CExpression,CExpression,
tables/classnames.tbl,classnames,classnames,,class,14,CSFileObj,CSFileObj,
tables/classnames.tbl,classnames,classnames,,class,15,CSFileObjContainer,CSFileObjContainer,
tables/classnames.tbl,classnames,classnames,,class,16,CScriptObj,CScriptObj,
tables/classnames.tbl,classnames,classnames,,class,17,CScriptTriggerArgs,CScriptTriggerArgs,
tables/classnames.tbl,classnames,classnames,,class,18,CScript,CScript,
tables/classnames.tbl,classnames,classnames,,class,19,CResourceRefArray,CResourceRefArray,
tables/classnames.tbl,classnames,classnames,,class,20,CRegionWorld,CRegionWorld,
tables/classnames.tbl,classnames,classnames,,class,21,CRegion,CRegion,
tables/classnames.tbl,classnames,classnames,,class,22,CWorld,CWorld,
tables/classnames.tbl,classnames,classnames,,class,23,CWorldCache,CWorldCache,
tables/classnames.tbl,classnames,classnames,,class,24,CWorldComm,CWorldComm,
tables/classnames.tbl,classnames,classnames,,class,25,CWorldGameTime,CWorldGameTime,
tables/classnames.tbl,classnames,classnames,,class,26,CWorldMap,CWorldMap,
tables/classnames.tbl,classnames,classnames,,class,27,CWorldTicker,CWorldTicker,
tables/classnames.tbl,classnames,classnames,,class,28,CWorldTickingList,CWorldTickingList,
tables/classnames.tbl,classnames,classnames,,class,29,CWorldThread,CWorldThread,
tables/classnames.tbl,classnames,classnames,,class,30,CWebPageDef,CWebPageDef,
tables/classnames.tbl,classnames,classnames,,class,31,CServerDef,CServerDef,
tables/classnames.tbl,classnames,classnames,,class,32,CServer,CServer,
tables/classnames.tbl,classnames,classnames,,class,33,CSector,CSector,
tables/classnames.tbl,classnames,classnames,,class,34,CSectorBase,CSectorBase,
tables/classnames.tbl,classnames,classnames,,class,35,CSectorList,CSectorList,
tables/classnames.tbl,classnames,classnames,,class,36,CRegionResourceDef,CRegionResourceDef,
tables/classnames.tbl,classnames,classnames,,class,37,CRandGroupDef,CRandGroupDef,
tables/classnames.tbl,classnames,classnames,,class,38,CSpellDef,CSpellDef,
tables/classnames.tbl,classnames,classnames,,class,39,CSkillClassDef,CSkillClassDef,
tables/classnames.tbl,classnames,classnames,,class,40,CItemTypeDef,CItemTypeDef,
tables/classnames.tbl,classnames,classnames,,class,41,CServerConfig,CServerConfig,
tables/classnames.tbl,classnames,classnames,,class,42,CObjBase,CObjBase,
tables/classnames.tbl,classnames,classnames,,class,43,CContainer,CContainer,
tables/classnames.tbl,classnames,classnames,,class,44,CItemContainer,CItemContainer,
tables/classnames.tbl,classnames,classnames,,class,45,CGMPage,CGMPage,
tables/classnames.tbl,classnames,classnames,,class,46,CItemBase,CItemBase,
tables/classnames.tbl,classnames,classnames,,class,47,CItem,CItem,
tables/classnames.tbl,classnames,classnames,,class,48,CItemCommCrystal,CItemCommCrystal,
tables/classnames.tbl,classnames,classnames,,class,49,CItemCorpse,CItemCorpse,
tables/classnames.tbl,classnames,classnames,,class,50,CItemMulti,CItemMulti,
tables/classnames.tbl,classnames,classnames,,class,51,CItemMultiCustom,CItemMultiCustom,
tables/classnames.tbl,classnames,classnames,,class,52,CItemMap,CItemMap,
tables/classnames.tbl,classnames,classnames,,class,53,CItemMessage,CItemMessage,
tables/classnames.tbl,classnames,classnames,,class,54,CItemVendable,CItemVendable,
tables/classnames.tbl,classnames,classnames,,class,55,CItemShip,CItemShip,
tables/classnames.tbl,classnames,classnames,,class,56,CCSpawn,CCSpawn,
tables/classnames.tbl,classnames,classnames,,class,57,CItemStone,CItemStone,
tables/classnames.tbl,classnames,classnames,,class,58,CDataBase,CDataBase,
tables/classnames.tbl,classnames,classnames,,class,59,CItemBaseMulti,CItemBaseMulti,
tables/classnames.tbl,classnames,classnames,,class,60,CPathFinder,CPathFinder,
tables/classnames.tbl,classnames,classnames,,class,61,CPartyDef,CPartyDef,
tables/classnames.tbl,classnames,classnames,,class,62,CSObjCont,CSObjCont,
tables/classnames.tbl,classnames,classnames,,class,63,CSObjList,CSObjList,
tables/classnames.tbl,classnames,classnames,,class,64,CSQLite,CSQLite,
tables/classnames.tbl,classnames,classnames,,class,65,CStoneMember,CStoneMember,
tables/classnames.tbl,classnames,classnames,,class,66,CTimedObject,CTimedObject,
tables/classnames.tbl,classnames,classnames,,class,67,CVarDefCont,CVarDefCont,
tables/classnames.tbl,classnames,classnames,,class,68,CVarDefContNum,CVarDefContNum,
tables/classnames.tbl,classnames,classnames,,class,69,CVarDefContStr,CVarDefContStr,
tables/classnames.tbl,classnames,classnames,,class,70,CVarDefMap,CVarDefMap,
tables/classnames.tbl,classnames,classnames,,class,71,CNetworkInput,CNetworkInput,
tables/classnames.tbl,classnames,classnames,,class,72,CNetworkOutput,CNetworkOutput,
tables/classnames.tbl,classnames,classnames,,class,73,CNetworkThread,CNetworkThread,
tables/classnames.tbl,classnames,classnames,,class,74,CNetworkManager,CNetworkManager,
tables/classnames.tbl,classnames,classnames,,class,75,ProfileTask,ProfileTask,
tables/classnames.tbl,classnames,classnames,,class,76,CNTWindow,CNTWindow,
tables/defmessages.tbl,defmessages,CExprGlobals::sm_szDefMsgNames,DEFMSG_,attributes,0,ANATOMY_DEX_1,very clumsy,
tables/defmessages.tbl,defmessages,CExprGlobals::sm_szDefMsgNames,DEFMSG_,attributes,1,ANATOMY_DEX_10,superhumanly agile,
tables/defmessages.tbl,defmessages,CExprGlobals::sm_szDefMsgNames,DEFMSG_,attributes,2,ANATOMY_DEX_2,somewhat uncoordinated,
tables/defmessages.tbl,defmessages,CExprGlobals::sm_szDefMsgNames,DEFMSG_,attributes,3,ANATOMY_DEX_3,moderately dexterous,
tables/defmessages.tbl,defmessages,CExprGlobals::sm_szDefMsgNames,DEFMSG_,attributes,4,ANATOMY_DEX_4,somewhat agile,
tables/defmessages.tbl,defmessages,CExprGlobals::sm_szDefMsgNames,DEFMSG_,attributes,5,ANATOMY_DEX_5,very agile,
tables/defmessages.tbl,defmessages,CExprGlobals::sm_szDefMsgNames,DEFMSG_,attributes,6,ANATOMY_DEX_6,extremely agile,
tables/defmessages.tbl,defmessages,CExprGlobals::sm_szDefMsgNames,DEFMSG_,attributes,7,ANATOMY_DEX_7,extraordinarily agile,
tables/defmessages.tbl,defmessages,CExprGlobals::sm_szDefMsgNames,DEFMSG_,attributes,8,ANATOMY_DEX_8,like they move like quicksilver,
tables/defmessages.tbl,defmessages,CExprGlobals::sm_szDefMsgNames,DEFMSG_,attributes,9,ANATOMY_DEX_9,like one of the fastest people you have ever seen,
tables/defmessages.tbl,defmessages,CExprGlobals::sm_szDefMsgNames,DEFMSG_,attributes,10,ANATOMY_MAGIC,This is a magical creature,
tables/defmessages.tbl,defmessages,CExprGlobals::sm_szDefMsgNames,DEFMSG_,attributes,11,ANATOMY_RESULT,%s looks %s and %s.,
tables/defmessages.tbl,defmessages,CExprGlobals::sm_szDefMsgNames,DEFMSG_,attributes,12,ANATOMY_STR_1,rather feeble,
tables/defmessages.tbl,defmessages,CExprGlobals::sm_szDefMsgNames,DEFMSG_,attributes,13,ANATOMY_STR_10,superhumanly strong,
tables/defmessages.tbl,defmessages,CExprGlobals::sm_szDefMsgNames,DEFMSG_,attributes,14,ANATOMY_STR_2,somewhat weak,
tables/defmessages.tbl,defmessages,CExprGlobals::sm_szDefMsgNames,DEFMSG_,attributes,15,ANATOMY_STR_3,to be of normal strength,
tables/defmessages.tbl,defmessages,CExprGlobals::sm_szDefMsgNames,DEFMSG_,attributes,16,ANATOMY_STR_4,somewhat strong,
tables/defmessages.tbl,defmessages,CExprGlobals::sm_szDefMsgNames,DEFMSG_,attributes,17,ANATOMY_STR_5,very strong,
tables/defmessages.tbl,defmessages,CExprGlobals::sm_szDefMsgNames,DEFMSG_,attributes,18,ANATOMY_STR_6,extremely strong,
tables/defmessages.tbl,defmessages,CExprGlobals::sm_szDefMsgNames,DEFMSG_,attributes,19,ANATOMY_STR_7,extraordinarily strong,
tables/defmessages.tbl,defmessages,CExprGlobals::sm_szDefMsgNames,DEFMSG_,attributes,20,ANATOMY_STR_8,as strong as an ox,
tables/defmessages.tbl,defmessages,CExprGlobals::sm_szDefMsgNames,DEFMSG_,attributes,21,ANATOMY_STR_9,like one of the strongest people you have ever seen,
tables/defmessages.tbl,defmessages,CExprGlobals::sm_szDefMsgNames,DEFMSG_,attributes,22,ANIMALLORE_CONJURED,like a conjured creature,
tables/defmessages.tbl,defmessages,CExprGlobals::sm_szDefMsgNames,DEFMSG_,attributes,23,ANIMALLORE_FOOD,%s looks %s.,
tables/defmessages.tbl,defmessages,CExprGlobals::sm_szDefMsgNames,DEFMSG_,attributes,24,ANIMALLORE_FREE,%s is %s own master,
tables/defmessages.tbl,defmessages,CExprGlobals::sm_szDefMsgNames,DEFMSG_,attributes,25,ANIMALLORE_MASTER,%s is loyal to %s,
tables/defmessages.tbl,defmessages,CExprGlobals::sm_szDefMsgNames,DEFMSG_,attributes,26,ANIMALLORE_MASTER_YOU,you,
tables/defmessages.tbl,defmessages,CExprGlobals::sm_szDefMsgNames,DEFMSG_,attributes,27,ANIMALLORE_RESULT,%s is a %s,
tables/defmessages.tbl,defmessages,CExprGlobals::sm_szDefMsgNames,DEFMSG_,attributes,28,ARMSLORE_DAM,Attack [%i].,
tables/defmessages.tbl,defmessages,CExprGlobals::sm_szDefMsgNames,DEFMSG_,attributes,29,ARMSLORE_DEF,Defense [%i].,
tables/defmessages.tbl,defmessages,CExprGlobals::sm_szDefMsgNames,DEFMSG_,attributes,30,ARMSLORE_PSN_1,You see no poison.,
tables/defmessages.tbl,defmessages,CExprGlobals::sm_szDefMsgNames,DEFMSG_,attributes,31,ARMSLORE_PSN_10,You see enough poison to kill almost anything.,
tables/defmessages.tbl,defmessages,CExprGlobals::sm_szDefMsgNames,DEFMSG_,attributes,32,ARMSLORE_PSN_2,You detect a tiny amount of poison.,
tables/defmessages.tbl,defmessages,CExprGlobals::sm_szDefMsgNames,DEFMSG_,attributes,33,ARMSLORE_PSN_3,You find a small amount of poison.,
tables/defmessages.tbl,defmessages,CExprGlobals::sm_szDefMsgNames,DEFMSG_,attributes,34,ARMSLORE_PSN_4,You find a little poison.,
tables/defmessages.tbl,defmessages,CExprGlobals::sm_szDefMsgNames,DEFMSG_,attributes,35,ARMSLORE_PSN_5,You find some poison.,
tables/defmessages.tbl,defmessages,CExprGlobals::sm_szDefMsgNames,DEFMSG_,attributes,36,ARMSLORE_PSN_6,There is poison on that.,
tables/defmessages.tbl,defmessages,CExprGlobals::sm_szDefMsgNames,DEFMSG_,attributes,37,ARMSLORE_PSN_7,You find a lot of poison.,
tables/defmessages.tbl,defmessages,CExprGlobals::sm_szDefMsgNames,DEFMSG_,attributes,38,ARMSLORE_PSN_8,You find a large amount of poison.,
tables/defmessages.tbl,defmessages,CExprGlobals::sm_szDefMsgNames,DEFMSG_,attributes,39,ARMSLORE_PSN_9,You find a huge amount of poison.,
tables/defmessages.tbl,defmessages,CExprGlobals::sm_szDefMsgNames,DEFMSG_,attributes,40,ARMSLORE_REP,This item is %s.,
tables/defmessages.tbl,defmessages,CExprGlobals::sm_szDefMsgNames,DEFMSG_,attributes,41,ARMSLORE_REP_0, It looks quite fragile.,
tables/defmessages.tbl,defmessages,CExprGlobals::sm_szDefMsgNames,DEFMSG_,attributes,42,ARMSLORE_UNABLE,That does not appear to be a weapon or armor.,
tables/defmessages.tbl,defmessages,CExprGlobals::sm_szDefMsgNames,DEFMSG_,attributes,43,AXIS_DENIED,Access to Axis' database has been denied!,
tables/defmessages.tbl,defmessages,CExprGlobals::sm_szDefMsgNames,DEFMSG_,attributes,44,AXIS_FILE_ERROR,ERROR: Unable to open Axis' database file,
tables/defmessages.tbl,defmessages,CExprGlobals::sm_szDefMsgNames,DEFMSG_,attributes,45,AXIS_INFO_ERROR,ERROR: Unable to retrieve Axis' database info,
tables/defmessages.tbl,defmessages,CExprGlobals::sm_szDefMsgNames,DEFMSG_,attributes,46,AXIS_NOT_PRIV,This account does not exist or is not privileged to access Axis' database.,
tables/defmessages.tbl,defmessages,CExprGlobals::sm_szDefMsgNames,DEFMSG_,attributes,47,BEGGING_START,You grovel at %s's feet,
tables/defmessages.tbl,defmessages,CExprGlobals::sm_szDefMsgNames,DEFMSG_,attributes,48,BVBOX_DEPOSITED,%d gold was deposited in your account.,
tables/defmessages.tbl,defmessages,CExprGlobals::sm_szDefMsgNames,DEFMSG_,attributes,49,BVBOX_FULL_ITEMS,Your bankbox can't hold more items.,
tables/defmessages.tbl,defmessages,CExprGlobals::sm_szDefMsgNames,DEFMSG_,attributes,50,BVBOX_FULL_WEIGHT,Your bankbox can't hold more weight.,
tables/defmessages.tbl,defmessages,CExprGlobals::sm_szDefMsgNames,DEFMSG_,attributes,51,BVBOX_OPEN_OTHER,%s has %d stones in %s %s,
tables/defmessages.tbl,defmessages,CExprGlobals::sm_szDefMsgNames,DEFMSG_,attributes,52,BVBOX_OPEN_SELF,You have %d stones in your %s,
tables/defmessages.tbl,defmessages,CExprGlobals::sm_szDefMsgNames,DEFMSG_,attributes,53,CANT_MAKE,You can't make that.,
tables/defmessages.tbl,defmessages,CExprGlobals::sm_szDefMsgNames,DEFMSG_,attributes,54,CANT_MAKE_RES,You can't make anything with what you have.,
tables/defmessages.tbl,defmessages,CExprGlobals::sm_szDefMsgNames,DEFMSG_,attributes,55,CARVE_CORPSE_FEATHERS,You pluck the bird. The feathers are now on the corpse.,
tables/defmessages.tbl,defmessages,CExprGlobals::sm_szDefMsgNames,DEFMSG_,attributes,56,CARVE_CORPSE_HIDES,"You skin it, and the hides are now in the corpse.",
tables/defmessages.tbl,defmessages,CExprGlobals::sm_szDefMsgNames,DEFMSG_,attributes,57,CARVE_CORPSE_MEAT,"You carve some meat, which remains on the corpse.",
tables/defmessages.tbl,defmessages,CExprGlobals::sm_szDefMsgNames,DEFMSG_,attributes,58,CARVE_CORPSE_NOTHING,You see nothing useful to carve from the corpse.,
tables/defmessages.tbl,defmessages,CExprGlobals::sm_szDefMsgNames,DEFMSG_,attributes,59,CARVE_CORPSE_SCALES,"You cut away some scales, but they remain on the corpse.",
tables/defmessages.tbl,defmessages,CExprGlobals::sm_szDefMsgNames,DEFMSG_,attributes,60,CARVE_CORPSE_WOOL,"You shear it, and the wool is now on the corpse.",
tables/defmessages.tbl,defmessages,CExprGlobals::sm_szDefMsgNames,DEFMSG_,attributes,61,CMD_INVALID,Not a valid command or format,
tables/defmessages.tbl,defmessages,CExprGlobals::sm_szDefMsgNames,DEFMSG_,attributes,62,CMD_REMOVE_PLAYER,"Can't remove players this way, Try 'kick' or 'remove 1'",
tables/defmessages.tbl,defmessages,CExprGlobals::sm_szDefMsgNames,DEFMSG_,attributes,63,CMDAFK_ENTER,You go into AFK mode,
tables/defmessages.tbl,defmessages,CExprGlobals::sm_szDefMsgNames,DEFMSG_,attributes,64,CMDAFK_LEAVE,You leave AFK mode,
tables/defmessages.tbl,defmessages,CExprGlobals::sm_szDefMsgNames,DEFMSG_,attributes,65,COOKING_FIRE_SOURCE,You must be near a fire source to cook.,
tables/defmessages.tbl,defmessages,CExprGlobals::sm_szDefMsgNames,DEFMSG_,attributes,66,COMBAT_ARCH_NOAMMO,You have no ammunition.,
tables/defmessages.tbl,defmessages,CExprGlobals::sm_szDefMsgNames,DEFMSG_,attributes,67,COMBAT_ARCH_TOOCLOSE,You are too close.,
tables/defmessages.tbl,defmessages,CExprGlobals::sm_szDefMsgNames,DEFMSG_,attributes,68,COMBAT_ATTACKO,*%s is attacking %s!*,
tables/defmessages.tbl,defmessages,CExprGlobals::sm_szDefMsgNames,DEFMSG_,attributes,69,COMBAT_ATTACKS,*%s is attacking you!*,
tables/defmessages.tbl,defmessages,CExprGlobals::sm_szDefMsgNames,DEFMSG_,attributes,70,COMBAT_INSIDESHIP,You cannot hit characters inside the ship.,
tables/defmessages.tbl,defmessages,CExprGlobals::sm_szDefMsgNames,DEFMSG_,attributes,71,COMBAT_MISSO,%s missed you.,
tables/defmessages.tbl,defmessages,CExprGlobals::sm_szDefMsgNames,DEFMSG_,attributes,72,COMBAT_MISSS,You miss %s.,
tables/defmessages.tbl,defmessages,CExprGlobals::sm_szDefMsgNames,DEFMSG_,attributes,73,COMBAT_OUTSIDESHIP,You cannot hit characters outside the ship.,
tables/defmessages.tbl,defmessages,CExprGlobals::sm_szDefMsgNames,DEFMSG_,attributes,74,COMBAT_PARRY,Your attack was parried!,
tables/defmessages.tbl,defmessages,CExprGlobals::sm_szDefMsgNames,DEFMSG_,attributes,75,CONT_ITEMS," (%d items, %d stones)",
tables/defmessages.tbl,defmessages,CExprGlobals::sm_szDefMsgNames,DEFMSG_,attributes,76,CONT_FULL_ITEMS,That container cannot hold more items.,
tables/defmessages.tbl,defmessages,CExprGlobals::sm_szDefMsgNames,DEFMSG_,attributes,77,CONT_FULL_WEIGHT,That container cannot hold more weight.,
tables/defmessages.tbl,defmessages,CExprGlobals::sm_szDefMsgNames,DEFMSG_,attributes,78,CONT_TOOSMALL,The container is too small for that,
tables/defmessages.tbl,defmessages,CExprGlobals::sm_szDefMsgNames,DEFMSG_,attributes,79,CORPSE_NAME,%s of %s,
tables/defmessages.tbl,defmessages,CExprGlobals::sm_szDefMsgNames,DEFMSG_,attributes,80,DETECTHIDDEN_SUCC,You find %s,
tables/defmessages.tbl,defmessages,CExprGlobals::sm_szDefMsgNames,DEFMSG_,attributes,81,DRINK_CANTMOVE,You can't move the item.,
tables/defmessages.tbl,defmessages,CExprGlobals::sm_szDefMsgNames,DEFMSG_,attributes,82,DRINK_POTION_DELAY,You can't drink another potion yet,
tables/defmessages.tbl,defmessages,CExprGlobals::sm_szDefMsgNames,DEFMSG_,attributes,83,DRINK_NOT_ENOUGH,You don't have enough %s to drink this.,
tables/defmessages.tbl,defmessages,CExprGlobals::sm_szDefMsgNames,DEFMSG_,attributes,84,EVALINT_INT_1,dumb as a rock,
tables/defmessages.tbl,defmessages,CExprGlobals::sm_szDefMsgNames,DEFMSG_,attributes,85,EVALINT_INT_10,superhumanly intelligent,
tables/defmessages.tbl,defmessages,CExprGlobals::sm_szDefMsgNames,DEFMSG_,attributes,86,EVALINT_INT_2,fairly stupid,
tables/defmessages.tbl,defmessages,CExprGlobals::sm_szDefMsgNames,DEFMSG_,attributes,87,EVALINT_INT_3,not the brightest,
tables/defmessages.tbl,defmessages,CExprGlobals::sm_szDefMsgNames,DEFMSG_,attributes,88,EVALINT_INT_4,about average,
tables/defmessages.tbl,defmessages,CExprGlobals::sm_szDefMsgNames,DEFMSG_,attributes,89,EVALINT_INT_5,moderately intelligent,
tables/defmessages.tbl,defmessages,CExprGlobals::sm_szDefMsgNames,DEFMSG_,attributes,90,EVALINT_INT_6,very intelligent,
tables/defmessages.tbl,defmessages,CExprGlobals::sm_szDefMsgNames,DEFMSG_,attributes,91,EVALINT_INT_7,like a formidable intellect,
tables/defmessages.tbl,defmessages,CExprGlobals::sm_szDefMsgNames,DEFMSG_,attributes,92,EVALINT_INT_8,extraordinarily intelligent,
tables/defmessages.tbl,defmessages,CExprGlobals::sm_szDefMsgNames,DEFMSG_,attributes,93,EVALINT_INT_9,like a definite genius,
tables/defmessages.tbl,defmessages,CExprGlobals::sm_szDefMsgNames,DEFMSG_,attributes,94,EVALINT_MAG_1,clueless about magic,
tables/defmessages.tbl,defmessages,CExprGlobals::sm_szDefMsgNames,DEFMSG_,attributes,95,EVALINT_MAG_2,to have vague grasp of magic,
tables/defmessages.tbl,defmessages,CExprGlobals::sm_szDefMsgNames,DEFMSG_,attributes,96,EVALINT_MAG_3,capable of using magic,
tables/defmessages.tbl,defmessages,CExprGlobals::sm_szDefMsgNames,DEFMSG_,attributes,97,EVALINT_MAG_4,higly capable with magic,
tables/defmessages.tbl,defmessages,CExprGlobals::sm_szDefMsgNames,DEFMSG_,attributes,98,EVALINT_MAG_5,to be adept of magic,
tables/defmessages.tbl,defmessages,CExprGlobals::sm_szDefMsgNames,DEFMSG_,attributes,99,EVALINT_MAG_6,to have mastery of magic,
tables/defmessages.tbl,defmessages,CExprGlobals::sm_szDefMsgNames,DEFMSG_,attributes,100,EVALINT_MAN_1,nearly absent of mana,
tables/defmessages.tbl,defmessages,CExprGlobals::sm_szDefMsgNames,DEFMSG_,attributes,101,EVALINT_MAN_2,low on mana,
tables/defmessages.tbl,defmessages,CExprGlobals::sm_szDefMsgNames,DEFMSG_,attributes,102,EVALINT_MAN_3,half drained of mana,
tables/defmessages.tbl,defmessages,CExprGlobals::sm_szDefMsgNames,DEFMSG_,attributes,103,EVALINT_MAN_4,have a high charge of mana,
tables/defmessages.tbl,defmessages,CExprGlobals::sm_szDefMsgNames,DEFMSG_,attributes,104,EVALINT_MAN_5,full of mana,
tables/defmessages.tbl,defmessages,CExprGlobals::sm_szDefMsgNames,DEFMSG_,attributes,105,EVALINT_MAN_6,super charged with mana,
tables/defmessages.tbl,defmessages,CExprGlobals::sm_szDefMsgNames,DEFMSG_,attributes,106,EVALINT_RESULT,%s looks %s.,
tables/defmessages.tbl,defmessages,CExprGlobals::sm_szDefMsgNames,DEFMSG_,attributes,107,EVALINT_RESULT_2,They look %s and %s.,
tables/defmessages.tbl,defmessages,CExprGlobals::sm_szDefMsgNames,DEFMSG_,attributes,108,FISHING_1,Try fishing elsewhere,
tables/defmessages.tbl,defmessages,CExprGlobals::sm_szDefMsgNames,DEFMSG_,attributes,109,FISHING_2,There are no fish here.,
tables/defmessages.tbl,defmessages,CExprGlobals::sm_szDefMsgNames,DEFMSG_,attributes,110,FISHING_3,You can't fish from where you are standing.,
tables/defmessages.tbl,defmessages,CExprGlobals::sm_szDefMsgNames,DEFMSG_,attributes,111,FISHING_4,Try fishing in water.,
tables/defmessages.tbl,defmessages,CExprGlobals::sm_szDefMsgNames,DEFMSG_,attributes,112,FISHING_CLOSE,You cannot fish so close to yourself.,
tables/defmessages.tbl,defmessages,CExprGlobals::sm_szDefMsgNames,DEFMSG_,attributes,113,FISHING_LOS,You have no line of sight to that location.,
tables/defmessages.tbl,defmessages,CExprGlobals::sm_szDefMsgNames,DEFMSG_,attributes,114,FISHING_PROMT,Where would you like to fish?,
tables/defmessages.tbl,defmessages,CExprGlobals::sm_szDefMsgNames,DEFMSG_,attributes,115,FISHING_REACH,That is too far away.,
tables/defmessages.tbl,defmessages,CExprGlobals::sm_szDefMsgNames,DEFMSG_,attributes,116,FISHING_SUCCESS,You pull out a %s!,
tables/defmessages.tbl,defmessages,CExprGlobals::sm_szDefMsgNames,DEFMSG_,attributes,117,FOOD_CANTEAT,You are not capable of eating.,
tables/defmessages.tbl,defmessages,CExprGlobals::sm_szDefMsgNames,DEFMSG_,attributes,118,FOOD_CANTEATF,You are simply too full to eat any more!,
tables/defmessages.tbl,defmessages,CExprGlobals::sm_szDefMsgNames,DEFMSG_,attributes,119,FOOD_CANTMOVE,You can't move the item.,
tables/defmessages.tbl,defmessages,CExprGlobals::sm_szDefMsgNames,DEFMSG_,attributes,120,FOOD_FULL_1,"You eat the food, but are still extremely hungry.",
tables/defmessages.tbl,defmessages,CExprGlobals::sm_szDefMsgNames,DEFMSG_,attributes,121,FOOD_FULL_2,"After eating the food, you feel much less hungry.",
tables/defmessages.tbl,defmessages,CExprGlobals::sm_szDefMsgNames,DEFMSG_,attributes,122,FOOD_FULL_3,"You eat the food, and begin to feel more satiated.",
tables/defmessages.tbl,defmessages,CExprGlobals::sm_szDefMsgNames,DEFMSG_,attributes,123,FOOD_FULL_4,"You are nearly stuffed, but manage to eat the food.",
tables/defmessages.tbl,defmessages,CExprGlobals::sm_szDefMsgNames,DEFMSG_,attributes,124,FOOD_FULL_5,You feel quite full after consuming the food.,
tables/defmessages.tbl,defmessages,CExprGlobals::sm_szDefMsgNames,DEFMSG_,attributes,125,FOOD_FULL_6,You are stuffed!,
tables/defmessages.tbl,defmessages,CExprGlobals::sm_szDefMsgNames,DEFMSG_,attributes,126,FOOD_RCANTEAT,You can't really eat this.,
tables/defmessages.tbl,defmessages,CExprGlobals::sm_szDefMsgNames,DEFMSG_,attributes,127,FORENSICS_ALIVE,%s is unconscious but alive.,
tables/defmessages.tbl,defmessages,CExprGlobals::sm_szDefMsgNames,DEFMSG_,attributes,128,FORENSICS_CARVE_1,This is the corpse of %s and it has been carved up.,
tables/defmessages.tbl,defmessages,CExprGlobals::sm_szDefMsgNames,DEFMSG_,attributes,129,FORENSICS_CARVE_2,It looks to have been carved by %s,
tables/defmessages.tbl,defmessages,CExprGlobals::sm_szDefMsgNames,DEFMSG_,attributes,130,FORENSICS_CORPSE,Forensics must be used on a corpse.,
tables/defmessages.tbl,defmessages,CExprGlobals::sm_szDefMsgNames,DEFMSG_,attributes,131,FORENSICS_FAILNAME,You cannot determine who killed it,
tables/defmessages.tbl,defmessages,CExprGlobals::sm_szDefMsgNames,DEFMSG_,attributes,132,FORENSICS_NAME,It looks to have been killed by %s,
tables/defmessages.tbl,defmessages,CExprGlobals::sm_szDefMsgNames,DEFMSG_,attributes,133,FORENSICS_REACH,You are too far away to tell much.,
tables/defmessages.tbl,defmessages,CExprGlobals::sm_szDefMsgNames,DEFMSG_,attributes,134,FORENSICS_TIMER,This is %s and it is %lld seconds old. ,
tables/defmessages.tbl,defmessages,CExprGlobals::sm_szDefMsgNames,DEFMSG_,attributes,135,GMPAGE_PENDING,There are %d GM page(s) pending. Use %cPAGE command to view.,
tables/defmessages.tbl,defmessages,CExprGlobals::sm_szDefMsgNames,DEFMSG_,attributes,136,GMPAGE_PROMPT,Please enter a brief description of your problem:,
tables/defmessages.tbl,defmessages,CExprGlobals::sm_szDefMsgNames,DEFMSG_,attributes,137,GMPAGE_PROMPT_CANCEL,Request aborted.,
tables/defmessages.tbl,defmessages,CExprGlobals::sm_szDefMsgNames,DEFMSG_,attributes,138,GMPAGE_QUEUE,Thank you for paging. Queue status : %d,
tables/defmessages.tbl,defmessages,CExprGlobals::sm_szDefMsgNames,DEFMSG_,attributes,139,GMPAGE_RECEIVED,GM page from %s [0%lx] @ %s: %s,
tables/defmessages.tbl,defmessages,CExprGlobals::sm_szDefMsgNames,DEFMSG_,attributes,140,GMPAGE_SENT,The next available Game Master will respond as soon as possible. Please check your Journal for messages every few minutes.,
tables/defmessages.tbl,defmessages,CExprGlobals::sm_szDefMsgNames,DEFMSG_,attributes,141,GMPAGE_UPDATED,Your existing GM page has been updated.,
tables/defmessages.tbl,defmessages,CExprGlobals::sm_szDefMsgNames,DEFMSG_,attributes,142,GRANDMASTER_MARK,%s crafted by %s,
tables/defmessages.tbl,defmessages,CExprGlobals::sm_szDefMsgNames,DEFMSG_,attributes,143,HEALING_AM,Your resurrection attempt is blocked by antimagic.,
tables/defmessages.tbl,defmessages,CExprGlobals::sm_szDefMsgNames,DEFMSG_,attributes,144,HEALING_ATTEMPT,%s is attempting to apply bandages to %s,
tables/defmessages.tbl,defmessages,CExprGlobals::sm_szDefMsgNames,DEFMSG_,attributes,145,HEALING_ATTEMPTF,"%s is attempting to apply bandages to %s, but has failed",
tables/defmessages.tbl,defmessages,CExprGlobals::sm_szDefMsgNames,DEFMSG_,attributes,146,HEALING_BEYOND,This creature is beyond help.,
tables/defmessages.tbl,defmessages,CExprGlobals::sm_szDefMsgNames,DEFMSG_,attributes,147,HEALING_CORPSEG,Put the corpse on the ground.,
tables/defmessages.tbl,defmessages,CExprGlobals::sm_szDefMsgNames,DEFMSG_,attributes,148,HEALING_CURE_1,You cure %s of poisons!,
tables/defmessages.tbl,defmessages,CExprGlobals::sm_szDefMsgNames,DEFMSG_,attributes,149,HEALING_CURE_2,%s has cured you of poisons!,
tables/defmessages.tbl,defmessages,CExprGlobals::sm_szDefMsgNames,DEFMSG_,attributes,150,HEALING_CURE_3,You have failed to cure your target!,
tables/defmessages.tbl,defmessages,CExprGlobals::sm_szDefMsgNames,DEFMSG_,attributes,151,HEALING_CURE_4,The attempt to cure you has failed.,
tables/defmessages.tbl,defmessages,CExprGlobals::sm_szDefMsgNames,DEFMSG_,attributes,152,HEALING_GHOST,You can't heal a ghost! Try healing their corpse.,
tables/defmessages.tbl,defmessages,CExprGlobals::sm_szDefMsgNames,DEFMSG_,attributes,153,HEALING_HEALTHY,You are healthy,
tables/defmessages.tbl,defmessages,CExprGlobals::sm_szDefMsgNames,DEFMSG_,attributes,154,HEALING_INTERRUPT,Your healing was interrupted by the hit!,
tables/defmessages.tbl,defmessages,CExprGlobals::sm_szDefMsgNames,DEFMSG_,attributes,155,HEALING_NOAIDS,Where are your bandages?,
tables/defmessages.tbl,defmessages,CExprGlobals::sm_szDefMsgNames,DEFMSG_,attributes,156,HEALING_NONCHAR,Try healing a creature.,
tables/defmessages.tbl,defmessages,CExprGlobals::sm_szDefMsgNames,DEFMSG_,attributes,157,HEALING_NONEED,%s does not require you to heal or cure them!,
tables/defmessages.tbl,defmessages,CExprGlobals::sm_szDefMsgNames,DEFMSG_,attributes,158,HEALING_REACH,You must be able to reach the target,
tables/defmessages.tbl,defmessages,CExprGlobals::sm_szDefMsgNames,DEFMSG_,attributes,159,HEALING_RES,Resurrect %s,
tables/defmessages.tbl,defmessages,CExprGlobals::sm_szDefMsgNames,DEFMSG_,attributes,160,HEALING_RES_LOS,The ghost must be in line of sight of its corpse.,
tables/defmessages.tbl,defmessages,CExprGlobals::sm_szDefMsgNames,DEFMSG_,attributes,161,HEALING_RES_MANIFEST,The ghost must manifest to be resurrected.,
tables/defmessages.tbl,defmessages,CExprGlobals::sm_szDefMsgNames,DEFMSG_,attributes,162,HEALING_RES_TOOFAR,The ghost is too far away from its corpse.,
tables/defmessages.tbl,defmessages,CExprGlobals::sm_szDefMsgNames,DEFMSG_,attributes,163,HEALING_SELF,apply bandages to self,
tables/defmessages.tbl,defmessages,CExprGlobals::sm_szDefMsgNames,DEFMSG_,attributes,164,HEALING_TO,apply bandages to %s,
tables/defmessages.tbl,defmessages,CExprGlobals::sm_szDefMsgNames,DEFMSG_,attributes,165,HEALING_TOOFAR,You are too far away to apply bandages on %s,
tables/defmessages.tbl,defmessages,CExprGlobals::sm_szDefMsgNames,DEFMSG_,attributes,166,HEALING_WHO,you,
tables/defmessages.tbl,defmessages,CExprGlobals::sm_szDefMsgNames,DEFMSG_,attributes,167,HEALING_WITEM,Use a bandage,
tables/defmessages.tbl,defmessages,CExprGlobals::sm_szDefMsgNames,DEFMSG_,attributes,168,HERDING_LTARG,You lost your target!,
tables/defmessages.tbl,defmessages,CExprGlobals::sm_szDefMsgNames,DEFMSG_,attributes,169,HERDING_NOCROOK,You lost your crook!,
tables/defmessages.tbl,defmessages,CExprGlobals::sm_szDefMsgNames,DEFMSG_,attributes,170,HERDING_SUCCESS,The animal goes where it is instructed,
tables/defmessages.tbl,defmessages,CExprGlobals::sm_szDefMsgNames,DEFMSG_,attributes,171,HIDING_REVEALED,You have been revealed,
tables/defmessages.tbl,defmessages,CExprGlobals::sm_szDefMsgNames,DEFMSG_,attributes,172,HIDING_STUMBLE,You stumble apon %s hidden.,
tables/defmessages.tbl,defmessages,CExprGlobals::sm_szDefMsgNames,DEFMSG_,attributes,173,HIDING_STUMBLE_OSILIKE,"Being perfectly rested, you shove something invisible out of the way.",
tables/defmessages.tbl,defmessages,CExprGlobals::sm_szDefMsgNames,DEFMSG_,attributes,174,HIDING_SUCCESS,You have hidden yourself well,
tables/defmessages.tbl,defmessages,CExprGlobals::sm_szDefMsgNames,DEFMSG_,attributes,175,HIDING_TOOLIT,You are too well lit to hide,
tables/defmessages.tbl,defmessages,CExprGlobals::sm_szDefMsgNames,DEFMSG_,attributes,176,INSCRIPTION_FAIL,You have no blank scrolls,
tables/defmessages.tbl,defmessages,CExprGlobals::sm_szDefMsgNames,DEFMSG_,attributes,177,ITEM_CANTDROPTRADE,That item cannot be dropped or traded.,
tables/defmessages.tbl,defmessages,CExprGlobals::sm_szDefMsgNames,DEFMSG_,attributes,178,ITEM_MAGIC, It is magical.,
tables/defmessages.tbl,defmessages,CExprGlobals::sm_szDefMsgNames,DEFMSG_,attributes,179,ITEM_NEWBIE, It has a slight magical aura.,
tables/defmessages.tbl,defmessages,CExprGlobals::sm_szDefMsgNames,DEFMSG_,attributes,180,ITEM_REPAIR, It is not repairable.,
tables/defmessages.tbl,defmessages,CExprGlobals::sm_szDefMsgNames,DEFMSG_,attributes,181,ITEMID_GOLD,You estimate %d gold for '%s',
tables/defmessages.tbl,defmessages,CExprGlobals::sm_szDefMsgNames,DEFMSG_,attributes,182,ITEMID_MADEOF,It is made of ,
tables/defmessages.tbl,defmessages,CExprGlobals::sm_szDefMsgNames,DEFMSG_,attributes,183,ITEMID_NOVAL,The item does not apear to have any real resale value.,
tables/defmessages.tbl,defmessages,CExprGlobals::sm_szDefMsgNames,DEFMSG_,attributes,184,ITEMID_RESULT,That appears to be '%s'.,
tables/defmessages.tbl,defmessages,CExprGlobals::sm_szDefMsgNames,DEFMSG_,attributes,185,ITEMUSE_ARCHBUTTE_CLEAN,You need to remove what is on the target before you can train here.,
tables/defmessages.tbl,defmessages,CExprGlobals::sm_szDefMsgNames,DEFMSG_,attributes,186,ITEMUSE_ARCHBUTTE_GATHER,You gather the arrows and bolts.,
tables/defmessages.tbl,defmessages,CExprGlobals::sm_szDefMsgNames,DEFMSG_,attributes,187,ITEMUSE_ARCHBUTTE_HIT1,hits the outer ring.,
tables/defmessages.tbl,defmessages,CExprGlobals::sm_szDefMsgNames,DEFMSG_,attributes,188,ITEMUSE_ARCHBUTTE_HIT2,hits the middle ring.,
tables/defmessages.tbl,defmessages,CExprGlobals::sm_szDefMsgNames,DEFMSG_,attributes,189,ITEMUSE_ARCHBUTTE_HIT3,hits the inner ring!,
tables/defmessages.tbl,defmessages,CExprGlobals::sm_szDefMsgNames,DEFMSG_,attributes,190,ITEMUSE_ARCHBUTTE_HIT4,hits the bullseye!,
tables/defmessages.tbl,defmessages,CExprGlobals::sm_szDefMsgNames,DEFMSG_,attributes,191,ITEMUSE_ARCHBUTTE_MISS,misses the target altogether.,
tables/defmessages.tbl,defmessages,CExprGlobals::sm_szDefMsgNames,DEFMSG_,attributes,192,ITEMUSE_ARCHBUTTE_NOAMMO,You do not have any arrows with which to practice.,
tables/defmessages.tbl,defmessages,CExprGlobals::sm_szDefMsgNames,DEFMSG_,attributes,193,ITEMUSE_ARCHBUTTE_RANGED,You must practice with ranged weapons on this.,
tables/defmessages.tbl,defmessages,CExprGlobals::sm_szDefMsgNames,DEFMSG_,attributes,194,ITEMUSE_ARCHBUTTE_SKILL,You can't learn any more by using an archery butte.,
tables/defmessages.tbl,defmessages,CExprGlobals::sm_szDefMsgNames,DEFMSG_,attributes,195,ITEMUSE_ARCHBUTTE_TOOCLOSE,You are too close to the target.,
tables/defmessages.tbl,defmessages,CExprGlobals::sm_szDefMsgNames,DEFMSG_,attributes,196,ITEMUSE_ARCHBUTTE_TOOFAR,You are too far away from the archery butte to get an accurate shot.,
tables/defmessages.tbl,defmessages,CExprGlobals::sm_szDefMsgNames,DEFMSG_,attributes,197,ITEMUSE_ARCHBUTTE_WRONGALIGN,You aren't properly lined up with the archery butte to get an accurate shot.,
tables/defmessages.tbl,defmessages,CExprGlobals::sm_szDefMsgNames,DEFMSG_,attributes,198,ITEMUSE_ARCHBUTTE_WRONGPOS,You would do better to stand in front of the archery butte.,
tables/defmessages.tbl,defmessages,CExprGlobals::sm_szDefMsgNames,DEFMSG_,attributes,199,ITEMUSE_BANDAGE_CLEAN,Clean bloody bandages in water,
tables/defmessages.tbl,defmessages,CExprGlobals::sm_szDefMsgNames,DEFMSG_,attributes,200,ITEMUSE_BANDAGE_PROMT,What do you want to use this on?,
tables/defmessages.tbl,defmessages,CExprGlobals::sm_szDefMsgNames,DEFMSG_,attributes,201,ITEMUSE_BANDAGE_REACH,You can't reach this.,
tables/defmessages.tbl,defmessages,CExprGlobals::sm_szDefMsgNames,DEFMSG_,attributes,202,ITEMUSE_BBOARD_COR,Corrupt bboard message,
tables/defmessages.tbl,defmessages,CExprGlobals::sm_szDefMsgNames,DEFMSG_,attributes,203,ITEMUSE_BBOARD_DEL,This board message is not yours,
tables/defmessages.tbl,defmessages,CExprGlobals::sm_szDefMsgNames,DEFMSG_,attributes,204,ITEMUSE_BBOARD_REACH,You can't reach the bboard,
tables/defmessages.tbl,defmessages,CExprGlobals::sm_szDefMsgNames,DEFMSG_,attributes,205,ITEMUSE_BEDROLL,Put this on the ground to open it.,
tables/defmessages.tbl,defmessages,CExprGlobals::sm_szDefMsgNames,DEFMSG_,attributes,206,ITEMUSE_BEEHIVE,The hive appears to be unproductive,
tables/defmessages.tbl,defmessages,CExprGlobals::sm_szDefMsgNames,DEFMSG_,attributes,207,ITEMUSE_BEEHIVE_STING,Ouch! Bee sting!,
tables/defmessages.tbl,defmessages,CExprGlobals::sm_szDefMsgNames,DEFMSG_,attributes,208,ITEMUSE_BOLT_1,You start a new bolt of cloth.,
tables/defmessages.tbl,defmessages,CExprGlobals::sm_szDefMsgNames,DEFMSG_,attributes,209,ITEMUSE_BOLT_2,The bolt of cloth needs a good deal more.,
tables/defmessages.tbl,defmessages,CExprGlobals::sm_szDefMsgNames,DEFMSG_,attributes,210,ITEMUSE_BOLT_3,The bolt of cloth needs a little more.,
tables/defmessages.tbl,defmessages,CExprGlobals::sm_szDefMsgNames,DEFMSG_,attributes,211,ITEMUSE_BOLT_4,The bolt of cloth is nearly finished.,
tables/defmessages.tbl,defmessages,CExprGlobals::sm_szDefMsgNames,DEFMSG_,attributes,212,ITEMUSE_BOLT_5,The bolt of cloth is finished.,
tables/defmessages.tbl,defmessages,CExprGlobals::sm_szDefMsgNames,DEFMSG_,attributes,213,ITEMUSE_BOOK_FAIL,The book apears to be ruined!,
tables/defmessages.tbl,defmessages,CExprGlobals::sm_szDefMsgNames,DEFMSG_,attributes,214,ITEMUSE_BOW_SHIELD,Your shield prevents you from using your bow correctly.,
tables/defmessages.tbl,defmessages,CExprGlobals::sm_szDefMsgNames,DEFMSG_,attributes,215,ITEMUSE_CANNON_EMPTY,Feed shot and powder into the cannon muzzle.,
tables/defmessages.tbl,defmessages,CExprGlobals::sm_szDefMsgNames,DEFMSG_,attributes,216,ITEMUSE_CANNON_HPOWDER,The cannon already has powder.,
tables/defmessages.tbl,defmessages,CExprGlobals::sm_szDefMsgNames,DEFMSG_,attributes,217,ITEMUSE_CANNON_HSHOT,The cannon already has shot.,
tables/defmessages.tbl,defmessages,CExprGlobals::sm_szDefMsgNames,DEFMSG_,attributes,218,ITEMUSE_CANNON_LPOWDER,Powder loaded.,
tables/defmessages.tbl,defmessages,CExprGlobals::sm_szDefMsgNames,DEFMSG_,attributes,219,ITEMUSE_CANNON_LSHOT,Shot loaded.,
tables/defmessages.tbl,defmessages,CExprGlobals::sm_szDefMsgNames,DEFMSG_,attributes,220,ITEMUSE_CANNON_POWDER,The cannon needs powder,
tables/defmessages.tbl,defmessages,CExprGlobals::sm_szDefMsgNames,DEFMSG_,attributes,221,ITEMUSE_CANNON_SHOT,The cannon needs shot,
tables/defmessages.tbl,defmessages,CExprGlobals::sm_szDefMsgNames,DEFMSG_,attributes,222,ITEMUSE_CANNON_TARG,Armed and ready. What is the target?,
tables/defmessages.tbl,defmessages,CExprGlobals::sm_szDefMsgNames,DEFMSG_,attributes,223,ITEMUSE_CANTTHINK,You can't think of a way to use that item.,
tables/defmessages.tbl,defmessages,CExprGlobals::sm_szDefMsgNames,DEFMSG_,attributes,224,ITEMUSE_CANTMOUNTED,You cannot use this while mounted.,
tables/defmessages.tbl,defmessages,CExprGlobals::sm_szDefMsgNames,DEFMSG_,attributes,225,ITEMUSE_CANTMOUNTEDFLYING,You cannot use this while mounted or flying.,
tables/defmessages.tbl,defmessages,CExprGlobals::sm_szDefMsgNames,DEFMSG_,attributes,226,ITEMUSE_CBALL_PROMT,What do you want to use the %s on?,
tables/defmessages.tbl,defmessages,CExprGlobals::sm_szDefMsgNames,DEFMSG_,attributes,227,ITEMUSE_COTTON_CREATE,You create some thread.,
tables/defmessages.tbl,defmessages,CExprGlobals::sm_szDefMsgNames,DEFMSG_,attributes,228,ITEMUSE_CROOK_PROMT,What would you like to herd?,
tables/defmessages.tbl,defmessages,CExprGlobals::sm_szDefMsgNames,DEFMSG_,attributes,229,ITEMUSE_CROOK_TRY,Try just picking up inanimate objects,
tables/defmessages.tbl,defmessages,CExprGlobals::sm_szDefMsgNames,DEFMSG_,attributes,230,ITEMUSE_CROOK_TARGET,Where do you want them to go ?,
tables/defmessages.tbl,defmessages,CExprGlobals::sm_szDefMsgNames,DEFMSG_,attributes,231,ITEMUSE_DYE_FAIL,The dye just drips off this.,
tables/defmessages.tbl,defmessages,CExprGlobals::sm_szDefMsgNames,DEFMSG_,attributes,232,ITEMUSE_DYE_NOHAIR,You have no hair to dye!,
tables/defmessages.tbl,defmessages,CExprGlobals::sm_szDefMsgNames,DEFMSG_,attributes,233,ITEMUSE_DYE_REACH,You must have the item in your backpack or on your person.,
tables/defmessages.tbl,defmessages,CExprGlobals::sm_szDefMsgNames,DEFMSG_,attributes,234,ITEMUSE_DYE_REACH1,You can't reach it.,
tables/defmessages.tbl,defmessages,CExprGlobals::sm_szDefMsgNames,DEFMSG_,attributes,235,ITEMUSE_DYE_TARG,Select the object to use this on.,
tables/defmessages.tbl,defmessages,CExprGlobals::sm_szDefMsgNames,DEFMSG_,attributes,236,ITEMUSE_DYE_UNABLE,You can only use this item on a dye vat.,
tables/defmessages.tbl,defmessages,CExprGlobals::sm_szDefMsgNames,DEFMSG_,attributes,237,ITEMUSE_DYE_VAT,Which dye vat will you use this on?,
tables/defmessages.tbl,defmessages,CExprGlobals::sm_szDefMsgNames,DEFMSG_,attributes,238,ITEMUSE_FISH_FAIL,Use a knife to cut this up,
tables/defmessages.tbl,defmessages,CExprGlobals::sm_szDefMsgNames,DEFMSG_,attributes,239,ITEMUSE_FISH_UNABLE,You can't move this.,
tables/defmessages.tbl,defmessages,CExprGlobals::sm_szDefMsgNames,DEFMSG_,attributes,240,ITEMUSE_FORGE,Select ore to smelt.,
tables/defmessages.tbl,defmessages,CExprGlobals::sm_szDefMsgNames,DEFMSG_,attributes,241,ITEMUSE_GAMEBOARD_FAIL,Can't open game board in a container,
tables/defmessages.tbl,defmessages,CExprGlobals::sm_szDefMsgNames,DEFMSG_,attributes,242,ITEMUSE_GUILDSTONE_NEW,What is the new name?,
tables/defmessages.tbl,defmessages,CExprGlobals::sm_szDefMsgNames,DEFMSG_,attributes,243,ITEMUSE_HATCH_FAIL,You can only open the hatch on board the ship,
tables/defmessages.tbl,defmessages,CExprGlobals::sm_szDefMsgNames,DEFMSG_,attributes,244,ITEMUSE_JUNK_REACH,You can't reach this.,
tables/defmessages.tbl,defmessages,CExprGlobals::sm_szDefMsgNames,DEFMSG_,attributes,245,ITEMUSE_KEY_FAIL,The key must be on your person,
tables/defmessages.tbl,defmessages,CExprGlobals::sm_szDefMsgNames,DEFMSG_,attributes,246,ITEMUSE_KEY_NOKEY,You don't have a key for this.,
tables/defmessages.tbl,defmessages,CExprGlobals::sm_szDefMsgNames,DEFMSG_,attributes,247,ITEMUSE_KEY_NOLOCK,That does not have a lock.,
tables/defmessages.tbl,defmessages,CExprGlobals::sm_szDefMsgNames,DEFMSG_,attributes,248,ITEMUSE_KEY_PROMT,Select item to use the key on.,
tables/defmessages.tbl,defmessages,CExprGlobals::sm_szDefMsgNames,DEFMSG_,attributes,249,ITEMUSE_KINDLING_CONT,You can't light the kindling in a container,
tables/defmessages.tbl,defmessages,CExprGlobals::sm_szDefMsgNames,DEFMSG_,attributes,250,ITEMUSE_KINDLING_FAIL,You fail to ignite the fire.,
tables/defmessages.tbl,defmessages,CExprGlobals::sm_szDefMsgNames,DEFMSG_,attributes,251,ITEMUSE_LOCKED,This item is locked.,
tables/defmessages.tbl,defmessages,CExprGlobals::sm_szDefMsgNames,DEFMSG_,attributes,252,ITEMUSE_SECURED,This item is secured.,
tables/defmessages.tbl,defmessages,CExprGlobals::sm_szDefMsgNames,DEFMSG_,attributes,253,ITEMUSE_SECURE_ON,This item is secure.,
tables/defmessages.tbl,defmessages,CExprGlobals::sm_szDefMsgNames,DEFMSG_,attributes,254,ITEMUSE_SECURE_OFF,This item is no longer secure.,
tables/defmessages.tbl,defmessages,CExprGlobals::sm_szDefMsgNames,DEFMSG_,attributes,255,ITEMUSE_LOG_UNABLE,You can't move this.,
tables/defmessages.tbl,defmessages,CExprGlobals::sm_szDefMsgNames,DEFMSG_,attributes,256,ITEMUSE_LOG_USE,Use a dagger on wood to create bows or shafts.,
tables/defmessages.tbl,defmessages,CExprGlobals::sm_szDefMsgNames,DEFMSG_,attributes,257,ITEMUSE_LOOM,Use thread or yarn on looms,
tables/defmessages.tbl,defmessages,CExprGlobals::sm_szDefMsgNames,DEFMSG_,attributes,258,ITEMUSE_LOOM_REMOVE,You remove the previously uncompleted weave.,
tables/defmessages.tbl,defmessages,CExprGlobals::sm_szDefMsgNames,DEFMSG_,attributes,259,ITEMUSE_MACEPICK_TARG,Where do you want to use the %s?,
tables/defmessages.tbl,defmessages,CExprGlobals::sm_szDefMsgNames,DEFMSG_,attributes,260,ITEMUSE_MULTI_BLOCKED,The structure is blocked.,
tables/defmessages.tbl,defmessages,CExprGlobals::sm_szDefMsgNames,DEFMSG_,attributes,261,ITEMUSE_MULTI_BUMP,Terrain is too bumpy to place structure here.,
tables/defmessages.tbl,defmessages,CExprGlobals::sm_szDefMsgNames,DEFMSG_,attributes,262,ITEMUSE_MULTI_COLLAPSE,The structure collapses.,
tables/defmessages.tbl,defmessages,CExprGlobals::sm_szDefMsgNames,DEFMSG_,attributes,263,ITEMUSE_MULTI_FAIL,No building is allowed here.,
tables/defmessages.tbl,defmessages,CExprGlobals::sm_szDefMsgNames,DEFMSG_,attributes,264,ITEMUSE_MULTI_INTWAY,%s is in your way.,
tables/defmessages.tbl,defmessages,CExprGlobals::sm_szDefMsgNames,DEFMSG_,attributes,265,ITEMUSE_MULTI_SHIPW,The ship would not be completely in the water.,
tables/defmessages.tbl,defmessages,CExprGlobals::sm_szDefMsgNames,DEFMSG_,attributes,266,ITEMUSE_PICKPOCKET_FAIL,You carelessly bump the dip and start it swinging.,
tables/defmessages.tbl,defmessages,CExprGlobals::sm_szDefMsgNames,DEFMSG_,attributes,267,ITEMUSE_PICKPOCKET_MOUNT,You can't practice on this while on a mount.,
tables/defmessages.tbl,defmessages,CExprGlobals::sm_szDefMsgNames,DEFMSG_,attributes,268,ITEMUSE_PICKPOCKET_SKILL,Your ability to steal cannot improve any further by simply practicing on a dummy.,
tables/defmessages.tbl,defmessages,CExprGlobals::sm_szDefMsgNames,DEFMSG_,attributes,269,ITEMUSE_PICKPOCKET_SUCCESS,You successfully avoid disturbing the dip while searching it.,
tables/defmessages.tbl,defmessages,CExprGlobals::sm_szDefMsgNames,DEFMSG_,attributes,270,ITEMUSE_PICKPOCKET_TOOFAR,You are too far away to do that.,
tables/defmessages.tbl,defmessages,CExprGlobals::sm_szDefMsgNames,DEFMSG_,attributes,271,ITEMUSE_PITCHER_FILL,Fill pitcher with some liquid.,
tables/defmessages.tbl,defmessages,CExprGlobals::sm_szDefMsgNames,DEFMSG_,attributes,272,ITEMUSE_PITCHER_REACH,You can't reach this.,
tables/defmessages.tbl,defmessages,CExprGlobals::sm_szDefMsgNames,DEFMSG_,attributes,273,ITEMUSE_PITCHER_TARG,Where do you want to use the %s?,
tables/defmessages.tbl,defmessages,CExprGlobals::sm_szDefMsgNames,DEFMSG_,attributes,274,ITEMUSE_PORT_LOCKED,You can't move the gate.,
tables/defmessages.tbl,defmessages,CExprGlobals::sm_szDefMsgNames,DEFMSG_,attributes,275,ITEMUSE_POTION_FAIL,You can't move the item.,
tables/defmessages.tbl,defmessages,CExprGlobals::sm_szDefMsgNames,DEFMSG_,attributes,276,ITEMUSE_RUNE_NAME,Please enter a description for this marked object.,
tables/defmessages.tbl,defmessages,CExprGlobals::sm_szDefMsgNames,DEFMSG_,attributes,277,ITEMUSE_SCISSORS_USE,Use scissors on hair or cloth to cut,
tables/defmessages.tbl,defmessages,CExprGlobals::sm_szDefMsgNames,DEFMSG_,attributes,278,ITEMUSE_SEWKIT_PROMT,What do you want to use the %s on?,
tables/defmessages.tbl,defmessages,CExprGlobals::sm_szDefMsgNames,DEFMSG_,attributes,279,ITEMUSE_SEXTANT,"I am in %s, %s",
tables/defmessages.tbl,defmessages,CExprGlobals::sm_szDefMsgNames,DEFMSG_,attributes,280,ITEMUSE_SEXTANT_T2A,I cannot tell where I'm at.,
tables/defmessages.tbl,defmessages,CExprGlobals::sm_szDefMsgNames,DEFMSG_,attributes,281,ITEMUSE_SHIPSIDE,That is locked,
tables/defmessages.tbl,defmessages,CExprGlobals::sm_szDefMsgNames,DEFMSG_,attributes,282,ITEMUSE_SHRINE,You have a feeling of holiness,
tables/defmessages.tbl,defmessages,CExprGlobals::sm_szDefMsgNames,DEFMSG_,attributes,283,ITEMUSE_SKIT_UNABLE,You can't use a sewing kit on that.,
tables/defmessages.tbl,defmessages,CExprGlobals::sm_szDefMsgNames,DEFMSG_,attributes,284,ITEMUSE_SPAWN_NEG,You negate the spawn.,
tables/defmessages.tbl,defmessages,CExprGlobals::sm_szDefMsgNames,DEFMSG_,attributes,285,ITEMUSE_SPAWN_RESET,You negate the spawn and activate it.,
tables/defmessages.tbl,defmessages,CExprGlobals::sm_szDefMsgNames,DEFMSG_,attributes,286,ITEMUSE_SPINWHEEL,Use wool or cotton on spinning wheels,
tables/defmessages.tbl,defmessages,CExprGlobals::sm_szDefMsgNames,DEFMSG_,attributes,287,ITEMUSE_SPYGLASS_FE,Felucca is in the %s phase.,
tables/defmessages.tbl,defmessages,CExprGlobals::sm_szDefMsgNames,DEFMSG_,attributes,288,ITEMUSE_SPYGLASS_M1,new moon,
tables/defmessages.tbl,defmessages,CExprGlobals::sm_szDefMsgNames,DEFMSG_,attributes,289,ITEMUSE_SPYGLASS_M2,waxing crescent,
tables/defmessages.tbl,defmessages,CExprGlobals::sm_szDefMsgNames,DEFMSG_,attributes,290,ITEMUSE_SPYGLASS_M3,first quarter,
tables/defmessages.tbl,defmessages,CExprGlobals::sm_szDefMsgNames,DEFMSG_,attributes,291,ITEMUSE_SPYGLASS_M4,waxing gibbous,
tables/defmessages.tbl,defmessages,CExprGlobals::sm_szDefMsgNames,DEFMSG_,attributes,292,ITEMUSE_SPYGLASS_M5,full moon,
tables/defmessages.tbl,defmessages,CExprGlobals::sm_szDefMsgNames,DEFMSG_,attributes,293,ITEMUSE_SPYGLASS_M6,waning gibbous,
tables/defmessages.tbl,defmessages,CExprGlobals::sm_szDefMsgNames,DEFMSG_,attributes,294,ITEMUSE_SPYGLASS_M7,third quarter,
tables/defmessages.tbl,defmessages,CExprGlobals::sm_szDefMsgNames,DEFMSG_,attributes,295,ITEMUSE_SPYGLASS_M8,waning crescent,
tables/defmessages.tbl,defmessages,CExprGlobals::sm_szDefMsgNames,DEFMSG_,attributes,296,ITEMUSE_SPYGLASS_TR,Trammel is in the %s phase.,
tables/defmessages.tbl,defmessages,CExprGlobals::sm_szDefMsgNames,DEFMSG_,attributes,297,ITEMUSE_STEAL,You must steal this first.,
tables/defmessages.tbl,defmessages,CExprGlobals::sm_szDefMsgNames,DEFMSG_,attributes,298,ITEMUSE_SWEB_STUCK,You are stuck on the %s,
tables/defmessages.tbl,defmessages,CExprGlobals::sm_szDefMsgNames,DEFMSG_,attributes,299,ITEMUSE_TRAININGDUMMY_MOUNT,You can't practice on this while on a mount.,
tables/defmessages.tbl,defmessages,CExprGlobals::sm_szDefMsgNames,DEFMSG_,attributes,300,ITEMUSE_TRAININGDUMMY_RANGED,You can't practice ranged weapons on this.,
tables/defmessages.tbl,defmessages,CExprGlobals::sm_szDefMsgNames,DEFMSG_,attributes,301,ITEMUSE_TRAININGDUMMY_SKILL,Your skill cannot improve any further by simply practicing with a dummy.,
tables/defmessages.tbl,defmessages,CExprGlobals::sm_szDefMsgNames,DEFMSG_,attributes,302,ITEMUSE_TRAININGDUMMY_TOOFAR,You are too far away to do that.,
tables/defmessages.tbl,defmessages,CExprGlobals::sm_szDefMsgNames,DEFMSG_,attributes,303,ITEMUSE_TELESCOPE,Wow you can see the sky!,
tables/defmessages.tbl,defmessages,CExprGlobals::sm_szDefMsgNames,DEFMSG_,attributes,304,ITEMUSE_TILLERMAN,Arrg stop that.,
tables/defmessages.tbl,defmessages,CExprGlobals::sm_szDefMsgNames,DEFMSG_,attributes,305,ITEMUSE_TOOFAR,Target is too far away,
tables/defmessages.tbl,defmessages,CExprGlobals::sm_szDefMsgNames,DEFMSG_,attributes,306,ITEMUSE_TRACKER_ATTUNE,Who do you want to attune to ?,
tables/defmessages.tbl,defmessages,CExprGlobals::sm_szDefMsgNames,DEFMSG_,attributes,307,ITEMUSE_TRASHCAN,You trash the item. It will decay in 15 seconds.,
tables/defmessages.tbl,defmessages,CExprGlobals::sm_szDefMsgNames,DEFMSG_,attributes,308,ITEMUSE_UNABLE,You can't think of a way to use that item.,
tables/defmessages.tbl,defmessages,CExprGlobals::sm_szDefMsgNames,DEFMSG_,attributes,309,ITEMUSE_WEAPON_IMMUNE,It appears immune to your blow,
tables/defmessages.tbl,defmessages,CExprGlobals::sm_szDefMsgNames,DEFMSG_,attributes,310,ITEMUSE_WEAPON_PROMT,What do you want to use this on?,
tables/defmessages.tbl,defmessages,CExprGlobals::sm_szDefMsgNames,DEFMSG_,attributes,311,ITEMUSE_WEAPON_WWAIT,You must wait for the wool to grow back,
tables/defmessages.tbl,defmessages,CExprGlobals::sm_szDefMsgNames,DEFMSG_,attributes,312,ITEMUSE_WOOL_CREATE,You create some yarn.,
tables/defmessages.tbl,defmessages,CExprGlobals::sm_szDefMsgNames,DEFMSG_,attributes,313,LOCKPICKING_NOPICK,You need a lock pick.,
tables/defmessages.tbl,defmessages,CExprGlobals::sm_szDefMsgNames,DEFMSG_,attributes,314,LOCKPICKING_PREACH,Your pick must be on your person.,
tables/defmessages.tbl,defmessages,CExprGlobals::sm_szDefMsgNames,DEFMSG_,attributes,315,LOCKPICKING_REACH,You can't reach that.,
tables/defmessages.tbl,defmessages,CExprGlobals::sm_szDefMsgNames,DEFMSG_,attributes,316,LOCKPICKING_WITEM,Use the lock pick on a lockable item.,
tables/defmessages.tbl,defmessages,CExprGlobals::sm_szDefMsgNames,DEFMSG_,attributes,317,LOGIN_LASTLOGGED,Last logged: %s,
tables/defmessages.tbl,defmessages,CExprGlobals::sm_szDefMsgNames,DEFMSG_,attributes,318,LOGIN_PLAYER,There is 1 other player here.,
tables/defmessages.tbl,defmessages,CExprGlobals::sm_szDefMsgNames,DEFMSG_,attributes,319,LOGIN_PLAYERS,There are %d other players here.,
tables/defmessages.tbl,defmessages,CExprGlobals::sm_szDefMsgNames,DEFMSG_,attributes,320,LUMBERJACKING_1,Try chopping elsewhere.,
tables/defmessages.tbl,defmessages,CExprGlobals::sm_szDefMsgNames,DEFMSG_,attributes,321,LUMBERJACKING_2,There is nothing here to chop.,
tables/defmessages.tbl,defmessages,CExprGlobals::sm_szDefMsgNames,DEFMSG_,attributes,322,LUMBERJACKING_3,This is not a tree.,
tables/defmessages.tbl,defmessages,CExprGlobals::sm_szDefMsgNames,DEFMSG_,attributes,323,LUMBERJACKING_4,There is no wood left to harvest.,
tables/defmessages.tbl,defmessages,CExprGlobals::sm_szDefMsgNames,DEFMSG_,attributes,324,LUMBERJACKING_5,You hack at the tree and produce some kindling.,
tables/defmessages.tbl,defmessages,CExprGlobals::sm_szDefMsgNames,DEFMSG_,attributes,325,LUMBERJACKING_6,Try chopping a tree.,
tables/defmessages.tbl,defmessages,CExprGlobals::sm_szDefMsgNames,DEFMSG_,attributes,326,LUMBERJACKING_CLOSE,You cannot chop so close to yourself.,
tables/defmessages.tbl,defmessages,CExprGlobals::sm_szDefMsgNames,DEFMSG_,attributes,327,LUMBERJACKING_LOS,You have no line of sight to that location.,
tables/defmessages.tbl,defmessages,CExprGlobals::sm_szDefMsgNames,DEFMSG_,attributes,328,LUMBERJACKING_REACH,That is too far away.,
tables/defmessages.tbl,defmessages,CExprGlobals::sm_szDefMsgNames,DEFMSG_,attributes,329,LUMBERJACKING_TOOL,You must use an axe.,
tables/defmessages.tbl,defmessages,CExprGlobals::sm_szDefMsgNames,DEFMSG_,attributes,330,MAGERY_1,You cannot target an item with this spell.,
tables/defmessages.tbl,defmessages,CExprGlobals::sm_szDefMsgNames,DEFMSG_,attributes,331,MAGERY_2,You cannot target a character with this spell.,
tables/defmessages.tbl,defmessages,CExprGlobals::sm_szDefMsgNames,DEFMSG_,attributes,332,MAGERY_3,You cannot target yourself with this spell.,
tables/defmessages.tbl,defmessages,CExprGlobals::sm_szDefMsgNames,DEFMSG_,attributes,333,MAGERY_4,You must target the ground with this spell.,
tables/defmessages.tbl,defmessages,CExprGlobals::sm_szDefMsgNames,DEFMSG_,attributes,334,MAGERY_5,You have not yet finished preparing the spell.,
tables/defmessages.tbl,defmessages,CExprGlobals::sm_szDefMsgNames,DEFMSG_,attributes,335,MAGERY_6,An anti-magic field disturbs the spell.,
tables/defmessages.tbl,defmessages,CExprGlobals::sm_szDefMsgNames,DEFMSG_,attributes,336,MAGERY_7,You cannot target a player with this spell.,
tables/defmessages.tbl,defmessages,CExprGlobals::sm_szDefMsgNames,DEFMSG_,attributes,337,MAGERY_8,You cannot target an NPC with this spell.,
tables/defmessages.tbl,defmessages,CExprGlobals::sm_szDefMsgNames,DEFMSG_,attributes,338,MAKESUCCESS_1,"Due to your poor skill, the item is of shoddy quality",
tables/defmessages.tbl,defmessages,CExprGlobals::sm_szDefMsgNames,DEFMSG_,attributes,339,MAKESUCCESS_2,You were barely able to make this item. It is of poor quality,
tables/defmessages.tbl,defmessages,CExprGlobals::sm_szDefMsgNames,DEFMSG_,attributes,340,MAKESUCCESS_3,"You make the item, but it is of below average quality",
tables/defmessages.tbl,defmessages,CExprGlobals::sm_szDefMsgNames,DEFMSG_,attributes,341,MAKESUCCESS_4,The item is of above average quality,
tables/defmessages.tbl,defmessages,CExprGlobals::sm_szDefMsgNames,DEFMSG_,attributes,342,MAKESUCCESS_5,The item is of excellent quality,
tables/defmessages.tbl,defmessages,CExprGlobals::sm_szDefMsgNames,DEFMSG_,attributes,343,MAKESUCCESS_6,"Due to your exceptional skill, the item is of superior quality",
tables/defmessages.tbl,defmessages,CExprGlobals::sm_szDefMsgNames,DEFMSG_,attributes,344,MACRO_OPENDOOR,Opening door...,
tables/defmessages.tbl,defmessages,CExprGlobals::sm_szDefMsgNames,DEFMSG_,attributes,345,MEDITATION_PEACE_1,You are at peace.,
tables/defmessages.tbl,defmessages,CExprGlobals::sm_szDefMsgNames,DEFMSG_,attributes,346,MEDITATION_PEACE_2,You are at peace.,
tables/defmessages.tbl,defmessages,CExprGlobals::sm_szDefMsgNames,DEFMSG_,attributes,347,MEDITATION_TRY,You attempt a meditative trance.,
tables/defmessages.tbl,defmessages,CExprGlobals::sm_szDefMsgNames,DEFMSG_,attributes,348,MEDITATION_SUCCESS,You enter a meditative trance.,
tables/defmessages.tbl,defmessages,CExprGlobals::sm_szDefMsgNames,DEFMSG_,attributes,349,MINING_1,Try mining elsewhere.,
tables/defmessages.tbl,defmessages,CExprGlobals::sm_szDefMsgNames,DEFMSG_,attributes,350,MINING_2,There is nothing here to mine for.,
tables/defmessages.tbl,defmessages,CExprGlobals::sm_szDefMsgNames,DEFMSG_,attributes,351,MINING_3,There is no ore here to mine.,
tables/defmessages.tbl,defmessages,CExprGlobals::sm_szDefMsgNames,DEFMSG_,attributes,352,MINING_4,Try mining in rock!,
tables/defmessages.tbl,defmessages,CExprGlobals::sm_szDefMsgNames,DEFMSG_,attributes,353,MINING_CANTUSE,You can't use the %s where it is.,
tables/defmessages.tbl,defmessages,CExprGlobals::sm_szDefMsgNames,DEFMSG_,attributes,354,MINING_CLOSE,You cannot mine so close to yourself.,
tables/defmessages.tbl,defmessages,CExprGlobals::sm_szDefMsgNames,DEFMSG_,attributes,355,MINING_CONSUMED,It is consumed in the fire.,
tables/defmessages.tbl,defmessages,CExprGlobals::sm_szDefMsgNames,DEFMSG_,attributes,356,MINING_FIRE,The fire is not hot enough to melt this.,
tables/defmessages.tbl,defmessages,CExprGlobals::sm_szDefMsgNames,DEFMSG_,attributes,357,MINING_FORGE,You must be near a forge to smelt,
tables/defmessages.tbl,defmessages,CExprGlobals::sm_szDefMsgNames,DEFMSG_,attributes,358,MINING_INGOTS,Use a smith hammer to make items from ingots.,
tables/defmessages.tbl,defmessages,CExprGlobals::sm_szDefMsgNames,DEFMSG_,attributes,359,MINING_LOS,You have no line of sight to that location,
tables/defmessages.tbl,defmessages,CExprGlobals::sm_szDefMsgNames,DEFMSG_,attributes,360,MINING_NOT_ORE,You need to target the ore you want to smelt,
tables/defmessages.tbl,defmessages,CExprGlobals::sm_szDefMsgNames,DEFMSG_,attributes,361,MINING_NOTHING,You smelt the %s but are left with nothing useful.,
tables/defmessages.tbl,defmessages,CExprGlobals::sm_szDefMsgNames,DEFMSG_,attributes,362,MINING_REACH,That is too far away.,
tables/defmessages.tbl,defmessages,CExprGlobals::sm_szDefMsgNames,DEFMSG_,attributes,363,MINING_SKILL,You lack the skill to smelt %s,
tables/defmessages.tbl,defmessages,CExprGlobals::sm_szDefMsgNames,DEFMSG_,attributes,364,MINING_TOOL,You must use a shovel or pick.,
tables/defmessages.tbl,defmessages,CExprGlobals::sm_szDefMsgNames,DEFMSG_,attributes,365,MINING_SMELT,smelt,
tables/defmessages.tbl,defmessages,CExprGlobals::sm_szDefMsgNames,DEFMSG_,attributes,366,MSG_ACC_BADPASS,Bad password for this account.,
tables/defmessages.tbl,defmessages,CExprGlobals::sm_szDefMsgNames,DEFMSG_,attributes,367,MSG_ACC_BLOCK,Account '%s' blocked,
tables/defmessages.tbl,defmessages,CExprGlobals::sm_szDefMsgNames,DEFMSG_,attributes,368,MSG_ACC_BLOCKED,Account blocked. Send email to admin %s.,
tables/defmessages.tbl,defmessages,CExprGlobals::sm_szDefMsgNames,DEFMSG_,attributes,369,MSG_ACC_DENIED,"Sorry, but your access has been denied.",
tables/defmessages.tbl,defmessages,CExprGlobals::sm_szDefMsgNames,DEFMSG_,attributes,370,MSG_ACC_GUSED,All guest accounts are currently used.,
tables/defmessages.tbl,defmessages,CExprGlobals::sm_szDefMsgNames,DEFMSG_,attributes,371,MSG_ACC_KICK,A'%s' was %sed by '%s',
tables/defmessages.tbl,defmessages,CExprGlobals::sm_szDefMsgNames,DEFMSG_,attributes,372,MSG_ACC_NEEDPASS,Must supply a password.,
tables/defmessages.tbl,defmessages,CExprGlobals::sm_szDefMsgNames,DEFMSG_,attributes,373,MSG_ACC_PRIV,You are not privileged to do that,
tables/defmessages.tbl,defmessages,CExprGlobals::sm_szDefMsgNames,DEFMSG_,attributes,374,MSG_ACC_UNK,Unknown account name '%s'. Try using a 'guest' account.,
tables/defmessages.tbl,defmessages,CExprGlobals::sm_szDefMsgNames,DEFMSG_,attributes,375,MSG_ACC_WCLI,Bad login format. Check Client Version '%s' ?,
tables/defmessages.tbl,defmessages,CExprGlobals::sm_szDefMsgNames,DEFMSG_,attributes,376,MSG_ACC_PASSCLEAR,Password has been cleared.,
tables/defmessages.tbl,defmessages,CExprGlobals::sm_szDefMsgNames,DEFMSG_,attributes,377,MSG_ACC_PASSCLEAR_RELOG,"Log out, then back in to set the new password.",
tables/defmessages.tbl,defmessages,CExprGlobals::sm_szDefMsgNames,DEFMSG_,attributes,378,MSG_ACC_ACCEPTPASS,Password has been set.,
tables/defmessages.tbl,defmessages,CExprGlobals::sm_szDefMsgNames,DEFMSG_,attributes,379,MSG_ACC_INVALIDPASS,Invalid password.,
tables/defmessages.tbl,defmessages,CExprGlobals::sm_szDefMsgNames,DEFMSG_,attributes,380,MSG_ACC_GUESTHIT,The guest curse strikes you.,
tables/defmessages.tbl,defmessages,CExprGlobals::sm_szDefMsgNames,DEFMSG_,attributes,381,MSG_ALREADYONLINE,Already online,
tables/defmessages.tbl,defmessages,CExprGlobals::sm_szDefMsgNames,DEFMSG_,attributes,382,MSG_ARRDEP_1,%s has %s %s.,
tables/defmessages.tbl,defmessages,CExprGlobals::sm_szDefMsgNames,DEFMSG_,attributes,383,MSG_ARRDEP_2,arrived in,
tables/defmessages.tbl,defmessages,CExprGlobals::sm_szDefMsgNames,DEFMSG_,attributes,384,MSG_ARRDEP_3,departed from,
tables/defmessages.tbl,defmessages,CExprGlobals::sm_szDefMsgNames,DEFMSG_,attributes,385,MSG_BOUNCE_PACK,in your pack,
tables/defmessages.tbl,defmessages,CExprGlobals::sm_szDefMsgNames,DEFMSG_,attributes,386,MSG_BOUNCE_CONT,in the %s,
tables/defmessages.tbl,defmessages,CExprGlobals::sm_szDefMsgNames,DEFMSG_,attributes,387,MSG_CANTPUSH,You are not strong enough to push %s out of the way.,
tables/defmessages.tbl,defmessages,CExprGlobals::sm_szDefMsgNames,DEFMSG_,attributes,388,MSG_CANTSLEEP,Can't sleep here,
tables/defmessages.tbl,defmessages,CExprGlobals::sm_szDefMsgNames,DEFMSG_,attributes,389,MSG_CMD_LACKPRIV,You lack privilege to do this.,
tables/defmessages.tbl,defmessages,CExprGlobals::sm_szDefMsgNames,DEFMSG_,attributes,390,MSG_CORPSE_OF,The remains of %s,
tables/defmessages.tbl,defmessages,CExprGlobals::sm_szDefMsgNames,DEFMSG_,attributes,391,MSG_COWARD_1,You have retreated from the battle with %s,
tables/defmessages.tbl,defmessages,CExprGlobals::sm_szDefMsgNames,DEFMSG_,attributes,392,MSG_COWARD_2,%s has retreated from the battle.,
tables/defmessages.tbl,defmessages,CExprGlobals::sm_szDefMsgNames,DEFMSG_,attributes,393,MSG_EATSOME,eat some %s,
tables/defmessages.tbl,defmessages,CExprGlobals::sm_szDefMsgNames,DEFMSG_,attributes,394,MSG_EMOTE_1,*You see %ss %s %s*,
tables/defmessages.tbl,defmessages,CExprGlobals::sm_szDefMsgNames,DEFMSG_,attributes,395,MSG_EMOTE_2,*Your %s %s*,
tables/defmessages.tbl,defmessages,CExprGlobals::sm_szDefMsgNames,DEFMSG_,attributes,396,MSG_EMOTE_3,*You see %ss %s*,
tables/defmessages.tbl,defmessages,CExprGlobals::sm_szDefMsgNames,DEFMSG_,attributes,397,MSG_EMOTE_4,*Your %s*,
tables/defmessages.tbl,defmessages,CExprGlobals::sm_szDefMsgNames,DEFMSG_,attributes,398,MSG_EMOTE_5,*You see %s %s*,
tables/defmessages.tbl,defmessages,CExprGlobals::sm_szDefMsgNames,DEFMSG_,attributes,399,MSG_EMOTE_6,*You %s*,
tables/defmessages.tbl,defmessages,CExprGlobals::sm_szDefMsgNames,DEFMSG_,attributes,400,MSG_EMOTE_7,*You see %s %s*,
tables/defmessages.tbl,defmessages,CExprGlobals::sm_szDefMsgNames,DEFMSG_,attributes,401,MSG_ERR_INVSET,Invalid Set,
tables/defmessages.tbl,defmessages,CExprGlobals::sm_szDefMsgNames,DEFMSG_,attributes,402,MSG_ERR_NOBLANKRING,You can't put blank keys on a keyring.,
tables/defmessages.tbl,defmessages,CExprGlobals::sm_szDefMsgNames,DEFMSG_,attributes,403,MSG_ERR_NOT4SALE,That's not a saleable item.,
tables/defmessages.tbl,defmessages,CExprGlobals::sm_szDefMsgNames,DEFMSG_,attributes,404,MSG_ERR_NOTGAMEPIECE,That is not a game piece,
tables/defmessages.tbl,defmessages,CExprGlobals::sm_szDefMsgNames,DEFMSG_,attributes,405,MSG_ERR_NOTKEY,This is not a key.,
tables/defmessages.tbl,defmessages,CExprGlobals::sm_szDefMsgNames,DEFMSG_,attributes,406,MSG_EXP_CHANGE_0,You have %s %s experience.,
tables/defmessages.tbl,defmessages,CExprGlobals::sm_szDefMsgNames,DEFMSG_,attributes,407,MSG_EXP_CHANGE_1,a bit of,
tables/defmessages.tbl,defmessages,CExprGlobals::sm_szDefMsgNames,DEFMSG_,attributes,408,MSG_EXP_CHANGE_2,a small amount of,
tables/defmessages.tbl,defmessages,CExprGlobals::sm_szDefMsgNames,DEFMSG_,attributes,409,MSG_EXP_CHANGE_3,a little,
tables/defmessages.tbl,defmessages,CExprGlobals::sm_szDefMsgNames,DEFMSG_,attributes,410,MSG_EXP_CHANGE_4,some,
tables/defmessages.tbl,defmessages,CExprGlobals::sm_szDefMsgNames,DEFMSG_,attributes,411,MSG_EXP_CHANGE_5,a moderate amount of,
tables/defmessages.tbl,defmessages,CExprGlobals::sm_szDefMsgNames,DEFMSG_,attributes,412,MSG_EXP_CHANGE_6,alot of,
tables/defmessages.tbl,defmessages,CExprGlobals::sm_szDefMsgNames,DEFMSG_,attributes,413,MSG_EXP_CHANGE_7,large amounts of,
tables/defmessages.tbl,defmessages,CExprGlobals::sm_szDefMsgNames,DEFMSG_,attributes,414,MSG_EXP_CHANGE_8,huge amounts of,
tables/defmessages.tbl,defmessages,CExprGlobals::sm_szDefMsgNames,DEFMSG_,attributes,415,MSG_EXP_CHANGE_GAIN,gained,
tables/defmessages.tbl,defmessages,CExprGlobals::sm_szDefMsgNames,DEFMSG_,attributes,416,MSG_EXP_CHANGE_LOST,lost,
tables/defmessages.tbl,defmessages,CExprGlobals::sm_szDefMsgNames,DEFMSG_,attributes,417,MSG_EXP_LVLCHANGE_0,You have %s a level,
tables/defmessages.tbl,defmessages,CExprGlobals::sm_szDefMsgNames,DEFMSG_,attributes,418,MSG_EXP_LVLCHANGE_1,You have %s some levels,
tables/defmessages.tbl,defmessages,CExprGlobals::sm_szDefMsgNames,DEFMSG_,attributes,419,MSG_EXP_LVLCHANGE_GAIN,gained,
tables/defmessages.tbl,defmessages,CExprGlobals::sm_szDefMsgNames,DEFMSG_,attributes,420,MSG_EXP_LVLCHANGE_LOST,lost,
tables/defmessages.tbl,defmessages,CExprGlobals::sm_szDefMsgNames,DEFMSG_,attributes,421,MSG_FATIGUE,You are too fatigued to move.,
tables/defmessages.tbl,defmessages,CExprGlobals::sm_szDefMsgNames,DEFMSG_,attributes,422,MSG_FATIGUE_WEIGHT,"You are too fatigued to move, because you are carrying too much weight!",
tables/defmessages.tbl,defmessages,CExprGlobals::sm_szDefMsgNames,DEFMSG_,attributes,423,MSG_FEET,at your feet. It is too heavy.,
tables/defmessages.tbl,defmessages,CExprGlobals::sm_szDefMsgNames,DEFMSG_,attributes,424,MSG_FIGURINE_NOTYOURS,This figurine is not yours,
tables/defmessages.tbl,defmessages,CExprGlobals::sm_szDefMsgNames,DEFMSG_,attributes,425,MSG_FOLLOW_ARROW,Follow the Arrow,
tables/defmessages.tbl,defmessages,CExprGlobals::sm_szDefMsgNames,DEFMSG_,attributes,426,MSG_FOOD_LVL_1,starving,
tables/defmessages.tbl,defmessages,CExprGlobals::sm_szDefMsgNames,DEFMSG_,attributes,427,MSG_FOOD_LVL_2,very hungry,
tables/defmessages.tbl,defmessages,CExprGlobals::sm_szDefMsgNames,DEFMSG_,attributes,428,MSG_FOOD_LVL_3,hungry,
tables/defmessages.tbl,defmessages,CExprGlobals::sm_szDefMsgNames,DEFMSG_,attributes,429,MSG_FOOD_LVL_4,fairly content,
tables/defmessages.tbl,defmessages,CExprGlobals::sm_szDefMsgNames,DEFMSG_,attributes,430,MSG_FOOD_LVL_5,content,
tables/defmessages.tbl,defmessages,CExprGlobals::sm_szDefMsgNames,DEFMSG_,attributes,431,MSG_FOOD_LVL_6,fed,
tables/defmessages.tbl,defmessages,CExprGlobals::sm_szDefMsgNames,DEFMSG_,attributes,432,MSG_FOOD_LVL_7,well fed,
tables/defmessages.tbl,defmessages,CExprGlobals::sm_szDefMsgNames,DEFMSG_,attributes,433,MSG_FOOD_LVL_8,stuffed,
tables/defmessages.tbl,defmessages,CExprGlobals::sm_szDefMsgNames,DEFMSG_,attributes,434,MSG_FOOD_LVL_LOOKS,looks %s,
tables/defmessages.tbl,defmessages,CExprGlobals::sm_szDefMsgNames,DEFMSG_,attributes,435,MSG_FOOD_LVL_OTHER,%s looks %s,
tables/defmessages.tbl,defmessages,CExprGlobals::sm_szDefMsgNames,DEFMSG_,attributes,436,MSG_FOOD_LVL_SELF,You are %s,
tables/defmessages.tbl,defmessages,CExprGlobals::sm_szDefMsgNames,DEFMSG_,attributes,437,MSG_FORGIVEN,You have been forgiven,
tables/defmessages.tbl,defmessages,CExprGlobals::sm_szDefMsgNames,DEFMSG_,attributes,438,MSG_FROZEN,You are frozen and can not move.,
tables/defmessages.tbl,defmessages,CExprGlobals::sm_szDefMsgNames,DEFMSG_,attributes,439,MSG_GUARDS,Guards can now be called on you!,
tables/defmessages.tbl,defmessages,CExprGlobals::sm_szDefMsgNames,DEFMSG_,attributes,440,MSG_GUEST,Your guest curse prevents you from taking this action,
tables/defmessages.tbl,defmessages,CExprGlobals::sm_szDefMsgNames,DEFMSG_,attributes,441,MSG_GUILDRESIGN,You cannot quit your %s while in a fight,
tables/defmessages.tbl,defmessages,CExprGlobals::sm_szDefMsgNames,DEFMSG_,attributes,442,MSG_HEAVY,That is too heavy. You can't move that.,
tables/defmessages.tbl,defmessages,CExprGlobals::sm_szDefMsgNames,DEFMSG_,attributes,443,MSG_HUNGER,You are %s,
tables/defmessages.tbl,defmessages,CExprGlobals::sm_szDefMsgNames,DEFMSG_,attributes,444,MSG_INVIS_OFF,Invis OFF,
tables/defmessages.tbl,defmessages,CExprGlobals::sm_szDefMsgNames,DEFMSG_,attributes,445,MSG_INVIS_ON,Invis ON,
tables/defmessages.tbl,defmessages,CExprGlobals::sm_szDefMsgNames,DEFMSG_,attributes,446,MSG_INVUL_OFF,Invulnerability OFF,
tables/defmessages.tbl,defmessages,CExprGlobals::sm_szDefMsgNames,DEFMSG_,attributes,447,MSG_INVUL_ON,Invulnerability ON,
tables/defmessages.tbl,defmessages,CExprGlobals::sm_szDefMsgNames,DEFMSG_,attributes,448,MSG_IT_IS_DEAD,It is dead.,
tables/defmessages.tbl,defmessages,CExprGlobals::sm_szDefMsgNames,DEFMSG_,attributes,449,MSG_ITEMPLACE,You put the %s %s.,
tables/defmessages.tbl,defmessages,CExprGlobals::sm_szDefMsgNames,DEFMSG_,attributes,450,MSG_JAILED,You have been jailed,
tables/defmessages.tbl,defmessages,CExprGlobals::sm_szDefMsgNames,DEFMSG_,attributes,451,MSG_KEY_BLANKS,Both keys are blank.,
tables/defmessages.tbl,defmessages,CExprGlobals::sm_szDefMsgNames,DEFMSG_,attributes,452,MSG_KEY_CANTREACH,You can't reach it.,
tables/defmessages.tbl,defmessages,CExprGlobals::sm_szDefMsgNames,DEFMSG_,attributes,453,MSG_KEY_DOORLOCKED,This door is locked.,
tables/defmessages.tbl,defmessages,CExprGlobals::sm_szDefMsgNames,DEFMSG_,attributes,454,MSG_KEY_DUPEBANK,The duplicate key is in your bank account.,
tables/defmessages.tbl,defmessages,CExprGlobals::sm_szDefMsgNames,DEFMSG_,attributes,455,MSG_KEY_FAILC,You fail to copy the key.,
tables/defmessages.tbl,defmessages,CExprGlobals::sm_szDefMsgNames,DEFMSG_,attributes,456,MSG_KEY_ISBLANK,The key is a blank.,
tables/defmessages.tbl,defmessages,CExprGlobals::sm_szDefMsgNames,DEFMSG_,attributes,457,MSG_KEY_NOLOCK,That does not have a lock.,
tables/defmessages.tbl,defmessages,CExprGlobals::sm_szDefMsgNames,DEFMSG_,attributes,458,MSG_KEY_NOTBLANKS,To copy keys get a blank key,
tables/defmessages.tbl,defmessages,CExprGlobals::sm_szDefMsgNames,DEFMSG_,attributes,459,MSG_KEY_SETNAME,What would you like to name the key?,
tables/defmessages.tbl,defmessages,CExprGlobals::sm_szDefMsgNames,DEFMSG_,attributes,460,MSG_KEY_TARG,Use a key on a locked item or another key to copy.,
tables/defmessages.tbl,defmessages,CExprGlobals::sm_szDefMsgNames,DEFMSG_,attributes,461,MSG_KEY_TARG_CONT_LOCK,You lock the container.,
tables/defmessages.tbl,defmessages,CExprGlobals::sm_szDefMsgNames,DEFMSG_,attributes,462,MSG_KEY_TARG_CONT_ULOCK,You unlock the container.,
tables/defmessages.tbl,defmessages,CExprGlobals::sm_szDefMsgNames,DEFMSG_,attributes,463,MSG_KEY_TARG_DOOR_LOCK,You lock the door.,
tables/defmessages.tbl,defmessages,CExprGlobals::sm_szDefMsgNames,DEFMSG_,attributes,464,MSG_KEY_TARG_DOOR_ULOCK,You unlock the door.,
tables/defmessages.tbl,defmessages,CExprGlobals::sm_szDefMsgNames,DEFMSG_,attributes,465,MSG_KEY_TARG_HOLD_LOCK,You lock the hold.,
tables/defmessages.tbl,defmessages,CExprGlobals::sm_szDefMsgNames,DEFMSG_,attributes,466,MSG_KEY_TARG_HOLD_ULOCK,You unlock the hold.,
tables/defmessages.tbl,defmessages,CExprGlobals::sm_szDefMsgNames,DEFMSG_,attributes,467,MSG_KEY_TARG_NOLOCK,That does not have a lock.,
tables/defmessages.tbl,defmessages,CExprGlobals::sm_szDefMsgNames,DEFMSG_,attributes,468,MSG_KEY_TARG_REACH,You can't reach it.,
tables/defmessages.tbl,defmessages,CExprGlobals::sm_szDefMsgNames,DEFMSG_,attributes,469,MSG_KEY_TARG_SHIP_LOCK,You lock the ship.,
tables/defmessages.tbl,defmessages,CExprGlobals::sm_szDefMsgNames,DEFMSG_,attributes,470,MSG_KEY_TARG_SHIP_ULOCK,You unlock the ship.,
tables/defmessages.tbl,defmessages,CExprGlobals::sm_szDefMsgNames,DEFMSG_,attributes,471,MSG_KEY_TARG_SIGN,What should the sign say?,
tables/defmessages.tbl,defmessages,CExprGlobals::sm_szDefMsgNames,DEFMSG_,attributes,472,MSG_KEY_WRONGLOCK,The key does not fit into that lock.,
tables/defmessages.tbl,defmessages,CExprGlobals::sm_szDefMsgNames,DEFMSG_,attributes,473,MSG_KILLED_BY,%c'%s' was killed by ,
tables/defmessages.tbl,defmessages,CExprGlobals::sm_szDefMsgNames,DEFMSG_,attributes,474,MSG_MAILBAG_DROP_1,Drop mail on other players,
tables/defmessages.tbl,defmessages,CExprGlobals::sm_szDefMsgNames,DEFMSG_,attributes,475,MSG_MAILBAG_DROP_2,'%s' has dropped mail on you.,
tables/defmessages.tbl,defmessages,CExprGlobals::sm_szDefMsgNames,DEFMSG_,attributes,476,MSG_MAXCHARS,You already have %d character(s).,
tables/defmessages.tbl,defmessages,CExprGlobals::sm_szDefMsgNames,DEFMSG_,attributes,477,MSG_SUMMON_CEILING,The ceiling is too low for the summoned creature!,
tables/defmessages.tbl,defmessages,CExprGlobals::sm_szDefMsgNames,DEFMSG_,attributes,478,MSG_SUMMON_INVALIDTARG,The creature cannot be summoned at this location.,
tables/defmessages.tbl,defmessages,CExprGlobals::sm_szDefMsgNames,DEFMSG_,attributes,479,MSG_MOUNT_CEILING,The ceiling is too low for you!,
tables/defmessages.tbl,defmessages,CExprGlobals::sm_szDefMsgNames,DEFMSG_,attributes,480,MSG_MOUNT_DIST,You can't reach the creature.,
tables/defmessages.tbl,defmessages,CExprGlobals::sm_szDefMsgNames,DEFMSG_,attributes,481,MSG_MOUNT_DONTOWN,You dont own that horse.,
tables/defmessages.tbl,defmessages,CExprGlobals::sm_szDefMsgNames,DEFMSG_,attributes,482,MSG_MOUNT_UNABLE,You are not physically capable of riding a horse.,
tables/defmessages.tbl,defmessages,CExprGlobals::sm_szDefMsgNames,DEFMSG_,attributes,483,MSG_BONDED_DEAD_CANTMOUNT,The creature is dead and cannot be mounted.,
tables/defmessages.tbl,defmessages,CExprGlobals::sm_szDefMsgNames,DEFMSG_,attributes,484,MSG_MURDERER,Murderer!,
tables/defmessages.tbl,defmessages,CExprGlobals::sm_szDefMsgNames,DEFMSG_,attributes,485,MSG_NOTO_CHANGE_0,You have %s %s %s.,
tables/defmessages.tbl,defmessages,CExprGlobals::sm_szDefMsgNames,DEFMSG_,attributes,486,MSG_NOTO_CHANGE_1,a bit of,
tables/defmessages.tbl,defmessages,CExprGlobals::sm_szDefMsgNames,DEFMSG_,attributes,487,MSG_NOTO_CHANGE_2,a small amount of,
tables/defmessages.tbl,defmessages,CExprGlobals::sm_szDefMsgNames,DEFMSG_,attributes,488,MSG_NOTO_CHANGE_3,a little,
tables/defmessages.tbl,defmessages,CExprGlobals::sm_szDefMsgNames,DEFMSG_,attributes,489,MSG_NOTO_CHANGE_4,some,
tables/defmessages.tbl,defmessages,CExprGlobals::sm_szDefMsgNames,DEFMSG_,attributes,490,MSG_NOTO_CHANGE_5,a moderate amount of,
tables/defmessages.tbl,defmessages,CExprGlobals::sm_szDefMsgNames,DEFMSG_,attributes,491,MSG_NOTO_CHANGE_6,alot of,
tables/defmessages.tbl,defmessages,CExprGlobals::sm_szDefMsgNames,DEFMSG_,attributes,492,MSG_NOTO_CHANGE_7,large amounts of,
tables/defmessages.tbl,defmessages,CExprGlobals::sm_szDefMsgNames,DEFMSG_,attributes,493,MSG_NOTO_CHANGE_8,huge amounts of,
tables/defmessages.tbl,defmessages,CExprGlobals::sm_szDefMsgNames,DEFMSG_,attributes,494,MSG_NOTO_CHANGE_GAIN,gained,
tables/defmessages.tbl,defmessages,CExprGlobals::sm_szDefMsgNames,DEFMSG_,attributes,495,MSG_NOTO_CHANGE_LOST,lost,
tables/defmessages.tbl,defmessages,CExprGlobals::sm_szDefMsgNames,DEFMSG_,attributes,496,MSG_NOTO_GETTITLE,You are now %s,
tables/defmessages.tbl,defmessages,CExprGlobals::sm_szDefMsgNames,DEFMSG_,attributes,497,MSG_PET_FOOD_1,confused,
tables/defmessages.tbl,defmessages,CExprGlobals::sm_szDefMsgNames,DEFMSG_,attributes,498,MSG_PET_FOOD_2,very unhappy,
tables/defmessages.tbl,defmessages,CExprGlobals::sm_szDefMsgNames,DEFMSG_,attributes,499,MSG_PET_FOOD_3,unhappy,
tables/defmessages.tbl,defmessages,CExprGlobals::sm_szDefMsgNames,DEFMSG_,attributes,500,MSG_PET_FOOD_4,fairly content,
tables/defmessages.tbl,defmessages,CExprGlobals::sm_szDefMsgNames,DEFMSG_,attributes,501,MSG_PET_FOOD_5,content,
tables/defmessages.tbl,defmessages,CExprGlobals::sm_szDefMsgNames,DEFMSG_,attributes,502,MSG_PET_FOOD_6,happy,
tables/defmessages.tbl,defmessages,CExprGlobals::sm_szDefMsgNames,DEFMSG_,attributes,503,MSG_PET_FOOD_7,very happy,
tables/defmessages.tbl,defmessages,CExprGlobals::sm_szDefMsgNames,DEFMSG_,attributes,504,MSG_PET_FOOD_8,extremely happy,
tables/defmessages.tbl,defmessages,CExprGlobals::sm_szDefMsgNames,DEFMSG_,attributes,505,MSG_PET_HAPPY_1,confused,
tables/defmessages.tbl,defmessages,CExprGlobals::sm_szDefMsgNames,DEFMSG_,attributes,506,MSG_PET_HAPPY_2,ravenously hungry,
tables/defmessages.tbl,defmessages,CExprGlobals::sm_szDefMsgNames,DEFMSG_,attributes,507,MSG_PET_HAPPY_3,very hungry,
tables/defmessages.tbl,defmessages,CExprGlobals::sm_szDefMsgNames,DEFMSG_,attributes,508,MSG_PET_HAPPY_4,hungry,
tables/defmessages.tbl,defmessages,CExprGlobals::sm_szDefMsgNames,DEFMSG_,attributes,509,MSG_PET_HAPPY_5,a little hungry,
tables/defmessages.tbl,defmessages,CExprGlobals::sm_szDefMsgNames,DEFMSG_,attributes,510,MSG_PET_HAPPY_6,satisfied,
tables/defmessages.tbl,defmessages,CExprGlobals::sm_szDefMsgNames,DEFMSG_,attributes,511,MSG_PET_HAPPY_7,very satisfied,
tables/defmessages.tbl,defmessages,CExprGlobals::sm_szDefMsgNames,DEFMSG_,attributes,512,MSG_PET_HAPPY_8,full,
tables/defmessages.tbl,defmessages,CExprGlobals::sm_szDefMsgNames,DEFMSG_,attributes,513,MSG_PUSH,You shove %s out of the way.,
tables/defmessages.tbl,defmessages,CExprGlobals::sm_szDefMsgNames,DEFMSG_,attributes,514,MSG_REGION_ENTER,You have entered %s,
tables/defmessages.tbl,defmessages,CExprGlobals::sm_szDefMsgNames,DEFMSG_,attributes,515,MSG_REGION_GUARD_ART,the,
tables/defmessages.tbl,defmessages,CExprGlobals::sm_szDefMsgNames,DEFMSG_,attributes,516,MSG_REGION_GUARDS_1,You are now under the protection of %s guards,
tables/defmessages.tbl,defmessages,CExprGlobals::sm_szDefMsgNames,DEFMSG_,attributes,517,MSG_REGION_GUARDS_2,You have left the protection of %s guards,
tables/defmessages.tbl,defmessages,CExprGlobals::sm_szDefMsgNames,DEFMSG_,attributes,518,MSG_REGION_GUARDSP,You are under the protection of %s guards,
tables/defmessages.tbl,defmessages,CExprGlobals::sm_szDefMsgNames,DEFMSG_,attributes,519,MSG_REGION_GUARDSPT,the,
tables/defmessages.tbl,defmessages,CExprGlobals::sm_szDefMsgNames,DEFMSG_,attributes,520,MSG_REGION_PVPNOT,You lose your safety from other players.,
tables/defmessages.tbl,defmessages,CExprGlobals::sm_szDefMsgNames,DEFMSG_,attributes,521,MSG_REGION_PVPSAFE,You are safe from other players here.,
tables/defmessages.tbl,defmessages,CExprGlobals::sm_szDefMsgNames,DEFMSG_,attributes,522,MSG_REGION_SAFETYGET,You have a feeling of complete safety,
tables/defmessages.tbl,defmessages,CExprGlobals::sm_szDefMsgNames,DEFMSG_,attributes,523,MSG_REGION_SAFETYLOSE,You lose your feeling of safety,
tables/defmessages.tbl,defmessages,CExprGlobals::sm_szDefMsgNames,DEFMSG_,attributes,524,MSG_REGION_REDDEF,You have %s the red region.,
tables/defmessages.tbl,defmessages,CExprGlobals::sm_szDefMsgNames,DEFMSG_,attributes,525,MSG_REGION_REDENTER,entered,
tables/defmessages.tbl,defmessages,CExprGlobals::sm_szDefMsgNames,DEFMSG_,attributes,526,MSG_REGION_REDLEFT,left,
tables/defmessages.tbl,defmessages,CExprGlobals::sm_szDefMsgNames,DEFMSG_,attributes,527,MSG_REGION_WATER_1,You are stranded in the water !,
tables/defmessages.tbl,defmessages,CExprGlobals::sm_szDefMsgNames,DEFMSG_,attributes,528,MSG_REGION_WATER_2,You have drifted to the nearest shore.,
tables/defmessages.tbl,defmessages,CExprGlobals::sm_szDefMsgNames,DEFMSG_,attributes,529,MSG_RENAME_CANCEL,%s Renaming Canceled,
tables/defmessages.tbl,defmessages,CExprGlobals::sm_szDefMsgNames,DEFMSG_,attributes,530,MSG_RENAME_SUCCESS,%s renamed: %s,
tables/defmessages.tbl,defmessages,CExprGlobals::sm_szDefMsgNames,DEFMSG_,attributes,531,MSG_RENAME_WNAME,%s name %s is not allowed.,
tables/defmessages.tbl,defmessages,CExprGlobals::sm_szDefMsgNames,DEFMSG_,attributes,532,MSG_SEED_ATREE,Already a tree here,
tables/defmessages.tbl,defmessages,CExprGlobals::sm_szDefMsgNames,DEFMSG_,attributes,533,MSG_SEED_NOGOOD,These seeds are no good,
tables/defmessages.tbl,defmessages,CExprGlobals::sm_szDefMsgNames,DEFMSG_,attributes,534,MSG_SEED_REACH,You can't reach this,
tables/defmessages.tbl,defmessages,CExprGlobals::sm_szDefMsgNames,DEFMSG_,attributes,535,MSG_SEED_TARGSOIL,Try planting in soil,
tables/defmessages.tbl,defmessages,CExprGlobals::sm_szDefMsgNames,DEFMSG_,attributes,536,MSG_SERV_AO,Server is in admin only mode.,
tables/defmessages.tbl,defmessages,CExprGlobals::sm_szDefMsgNames,DEFMSG_,attributes,537,MSG_SERV_FULL,Sorry the server is full. Try again later.,
tables/defmessages.tbl,defmessages,CExprGlobals::sm_szDefMsgNames,DEFMSG_,attributes,538,MSG_SERV_LD,Server is in local debug mode.,
tables/defmessages.tbl,defmessages,CExprGlobals::sm_szDefMsgNames,DEFMSG_,attributes,539,MSG_SERV_SHUTDOWN,Server going down in %lld minute(s).,
tables/defmessages.tbl,defmessages,CExprGlobals::sm_szDefMsgNames,DEFMSG_,attributes,540,MSG_SERV_SHUTDOWN_CANCEL,Shutdown has been interrupted.,
tables/defmessages.tbl,defmessages,CExprGlobals::sm_szDefMsgNames,DEFMSG_,attributes,541,MSG_SERV_SHUTDOWN_SOON,WARNING: The system is scheduled to shutdown soon,
tables/defmessages.tbl,defmessages,CExprGlobals::sm_szDefMsgNames,DEFMSG_,attributes,542,MSG_SHIPNAME_PROMT,What would you like to name the ship?,
tables/defmessages.tbl,defmessages,CExprGlobals::sm_szDefMsgNames,DEFMSG_,attributes,543,MSG_STEAL,That is not yours. You will have to steal the item,
tables/defmessages.tbl,defmessages,CExprGlobals::sm_szDefMsgNames,DEFMSG_,attributes,544,MSG_STEPON_BODY,You step on the body of %s.,
tables/defmessages.tbl,defmessages,CExprGlobals::sm_szDefMsgNames,DEFMSG_,attributes,545,MSG_STONEREG_TIME,It will regenerate in %d seconds,
tables/defmessages.tbl,defmessages,CExprGlobals::sm_szDefMsgNames,DEFMSG_,attributes,546,MSG_TARG_LINK,"First object must be a dynamic item, try again.",
tables/defmessages.tbl,defmessages,CExprGlobals::sm_szDefMsgNames,DEFMSG_,attributes,547,MSG_TARG_LINK_SAME,That's the same object. Link cancelled.,
tables/defmessages.tbl,defmessages,CExprGlobals::sm_szDefMsgNames,DEFMSG_,attributes,548,MSG_TARG_LINK2,What do you want to link it to ?,
tables/defmessages.tbl,defmessages,CExprGlobals::sm_szDefMsgNames,DEFMSG_,attributes,549,MSG_TARG_LINKS,These items are now linked.,
tables/defmessages.tbl,defmessages,CExprGlobals::sm_szDefMsgNames,DEFMSG_,attributes,550,MSG_TARG_PC,Pick other corner:,
tables/defmessages.tbl,defmessages,CExprGlobals::sm_szDefMsgNames,DEFMSG_,attributes,551,MSG_TARG_UNEXPECTED,Unexpected target info,
tables/defmessages.tbl,defmessages,CExprGlobals::sm_szDefMsgNames,DEFMSG_,attributes,552,MSG_TARG_DYNAMIC,Must select a dynamic object.,
tables/defmessages.tbl,defmessages,CExprGlobals::sm_szDefMsgNames,DEFMSG_,attributes,553,MSG_TARG_MOVED,Targetted item moved?,
tables/defmessages.tbl,defmessages,CExprGlobals::sm_szDefMsgNames,DEFMSG_,attributes,554,MSG_TARG_GONE,Targetted item is gone?,
tables/defmessages.tbl,defmessages,CExprGlobals::sm_szDefMsgNames,DEFMSG_,attributes,555,MSG_PROMPT_UNEXPECTED,Unexpected prompt info.,
tables/defmessages.tbl,defmessages,CExprGlobals::sm_szDefMsgNames,DEFMSG_,attributes,556,MSG_TOOFAR_VENDOR,Too far away from the Vendor,
tables/defmessages.tbl,defmessages,CExprGlobals::sm_szDefMsgNames,DEFMSG_,attributes,557,MSG_TRADE_CANTMOVE,You cannot move items that are in trade windows.,
tables/defmessages.tbl,defmessages,CExprGlobals::sm_szDefMsgNames,DEFMSG_,attributes,558,MSG_TRADE_SENT_GOLD,You traded %u gold to %s.,
tables/defmessages.tbl,defmessages,CExprGlobals::sm_szDefMsgNames,DEFMSG_,attributes,559,MSG_TRADE_SENT_PLAT,You traded %u platinum to %s.,
tables/defmessages.tbl,defmessages,CExprGlobals::sm_szDefMsgNames,DEFMSG_,attributes,560,MSG_TRADE_SENT_PLAT_GOLD,You traded %u platinum and %u gold to %s.,
tables/defmessages.tbl,defmessages,CExprGlobals::sm_szDefMsgNames,DEFMSG_,attributes,561,MSG_TRADE_RECEIVED_GOLD,You received %u gold from %s.,
tables/defmessages.tbl,defmessages,CExprGlobals::sm_szDefMsgNames,DEFMSG_,attributes,562,MSG_TRADE_RECEIVED_PLAT,You received %u platinum from %s.,
tables/defmessages.tbl,defmessages,CExprGlobals::sm_szDefMsgNames,DEFMSG_,attributes,563,MSG_TRADE_RECEIVED_PLAT_GOLD,You received %u platinum and %u gold from %s.,
tables/defmessages.tbl,defmessages,CExprGlobals::sm_szDefMsgNames,DEFMSG_,attributes,564,MSG_TRADE_REFUSE,%s is refusing all trades.,
tables/defmessages.tbl,defmessages,CExprGlobals::sm_szDefMsgNames,DEFMSG_,attributes,565,MSG_TRADE_TOOFAR,You are too far away to trade items,
tables/defmessages.tbl,defmessages,CExprGlobals::sm_szDefMsgNames,DEFMSG_,attributes,566,MSG_TRADE_WAIT,You should wait %i seconds more before accepting.,
tables/defmessages.tbl,defmessages,CExprGlobals::sm_szDefMsgNames,DEFMSG_,attributes,567,MSG_UNCONSCIOUS,You are unconscious and can't move.,
tables/defmessages.tbl,defmessages,CExprGlobals::sm_szDefMsgNames,DEFMSG_,attributes,568,MSG_WHERE_AREA,I am in %s (%s),
tables/defmessages.tbl,defmessages,CExprGlobals::sm_szDefMsgNames,DEFMSG_,attributes,569,MSG_WHERE_ROOM,I am in %s in %s (%s),
tables/defmessages.tbl,defmessages,CExprGlobals::sm_szDefMsgNames,DEFMSG_,attributes,570,MSG_WHERE,I am at %s.,
tables/defmessages.tbl,defmessages,CExprGlobals::sm_szDefMsgNames,DEFMSG_,attributes,571,MSG_YOUNOTICE_1,You notice %s %s %s.,
tables/defmessages.tbl,defmessages,CExprGlobals::sm_szDefMsgNames,DEFMSG_,attributes,572,MSG_YOUNOTICE_2,You notice %s %s %s%s %s,
tables/defmessages.tbl,defmessages,CExprGlobals::sm_szDefMsgNames,DEFMSG_,attributes,573,MSG_YOUNOTICE_S,'s,
tables/defmessages.tbl,defmessages,CExprGlobals::sm_szDefMsgNames,DEFMSG_,attributes,574,MSG_YOUNOTICE_YOUR,your,
tables/defmessages.tbl,defmessages,CExprGlobals::sm_szDefMsgNames,DEFMSG_,attributes,575,MULTI_LOCKDOWN,The item has been locked down.,
tables/defmessages.tbl,defmessages,CExprGlobals::sm_szDefMsgNames,DEFMSG_,attributes,576,MULTI_LOCKUP,The item has been un-locked from the structure.,
tables/defmessages.tbl,defmessages,CExprGlobals::sm_szDefMsgNames,DEFMSG_,attributes,577,MUSICANSHIP_NOTOOL,You have no musical instrument available,
tables/defmessages.tbl,defmessages,CExprGlobals::sm_szDefMsgNames,DEFMSG_,attributes,578,MUSICANSHIP_POOR,You play poorly.,
tables/defmessages.tbl,defmessages,CExprGlobals::sm_szDefMsgNames,DEFMSG_,attributes,579,NPC_VENDOR_GUARDS,"Ahh, Guards my goods are gone !!",
tables/defmessages.tbl,defmessages,CExprGlobals::sm_szDefMsgNames,DEFMSG_,attributes,580,NPC_VENDOR_SELL_TY,"Here you are, %d gold coin%s. I thank thee for thy business.",
tables/defmessages.tbl,defmessages,CExprGlobals::sm_szDefMsgNames,DEFMSG_,attributes,581,NON_ALIVE,That does not appear to be a living being.,
tables/defmessages.tbl,defmessages,CExprGlobals::sm_szDefMsgNames,DEFMSG_,attributes,582,NPC_BANKER_DEPOSIT,I shall deposit %d gold in your account,
tables/defmessages.tbl,defmessages,CExprGlobals::sm_szDefMsgNames,DEFMSG_,attributes,583,NPC_EAT_GRASS,grass,
tables/defmessages.tbl,defmessages,CExprGlobals::sm_szDefMsgNames,DEFMSG_,attributes,584,NPC_GENERIC_CRIM,Help! Guards a Criminal!,
tables/defmessages.tbl,defmessages,CExprGlobals::sm_szDefMsgNames,DEFMSG_,attributes,585,NPC_GENERIC_DONTWANT,They don't appear to want the item,
tables/defmessages.tbl,defmessages,CExprGlobals::sm_szDefMsgNames,DEFMSG_,attributes,586,NPC_GENERIC_GONE_1,Well it was nice speaking to you %s but I must go about my business,
tables/defmessages.tbl,defmessages,CExprGlobals::sm_szDefMsgNames,DEFMSG_,attributes,587,NPC_GENERIC_GONE_2,Nice speaking to you %s,
tables/defmessages.tbl,defmessages,CExprGlobals::sm_szDefMsgNames,DEFMSG_,attributes,588,NPC_GENERIC_INTERRUPT,"Excuse me %s, but %s wants to speak to me",
tables/defmessages.tbl,defmessages,CExprGlobals::sm_szDefMsgNames,DEFMSG_,attributes,589,NPC_GENERIC_SEECRIM,Help! Guards a Criminal!,
tables/defmessages.tbl,defmessages,CExprGlobals::sm_szDefMsgNames,DEFMSG_,attributes,590,NPC_GENERIC_SEEMONS,Help! Guards a Monster!,
tables/defmessages.tbl,defmessages,CExprGlobals::sm_szDefMsgNames,DEFMSG_,attributes,591,NPC_GENERIC_SNOOPED_1,"Get thee hence, busybody!",
tables/defmessages.tbl,defmessages,CExprGlobals::sm_szDefMsgNames,DEFMSG_,attributes,592,NPC_GENERIC_SNOOPED_2,What do you think your doing ?,
tables/defmessages.tbl,defmessages,CExprGlobals::sm_szDefMsgNames,DEFMSG_,attributes,593,NPC_GENERIC_SNOOPED_3,"Ack, away with you!",
tables/defmessages.tbl,defmessages,CExprGlobals::sm_szDefMsgNames,DEFMSG_,attributes,594,NPC_GENERIC_SNOOPED_4,Beware or I'll call the guards!,
tables/defmessages.tbl,defmessages,CExprGlobals::sm_szDefMsgNames,DEFMSG_,attributes,595,NPC_GUARD_STRIKE_1,"Thou shalt regret thine actions, swine!",
tables/defmessages.tbl,defmessages,CExprGlobals::sm_szDefMsgNames,DEFMSG_,attributes,596,NPC_GUARD_STRIKE_2,Death to all evil!,
tables/defmessages.tbl,defmessages,CExprGlobals::sm_szDefMsgNames,DEFMSG_,attributes,597,NPC_GUARD_STRIKE_3,Take this vile criminal!,
tables/defmessages.tbl,defmessages,CExprGlobals::sm_szDefMsgNames,DEFMSG_,attributes,598,NPC_GUARD_STRIKE_4,Evildoers shay pay!,
tables/defmessages.tbl,defmessages,CExprGlobals::sm_szDefMsgNames,DEFMSG_,attributes,599,NPC_GUARD_STRIKE_5,Take this swine!,
tables/defmessages.tbl,defmessages,CExprGlobals::sm_szDefMsgNames,DEFMSG_,attributes,600,NPC_GUARD_THREAT_1,%s thou art a cowardly swine.,
tables/defmessages.tbl,defmessages,CExprGlobals::sm_szDefMsgNames,DEFMSG_,attributes,601,NPC_GUARD_THREAT_2,You shall get whats coming to you %s,
tables/defmessages.tbl,defmessages,CExprGlobals::sm_szDefMsgNames,DEFMSG_,attributes,602,NPC_GUARD_THREAT_3,Evildoers shay pay %s!,
tables/defmessages.tbl,defmessages,CExprGlobals::sm_szDefMsgNames,DEFMSG_,attributes,603,NPC_GUARD_THREAT_4,Beware of me foul %s,
tables/defmessages.tbl,defmessages,CExprGlobals::sm_szDefMsgNames,DEFMSG_,attributes,604,NPC_GUARD_THREAT_5,Get thee gone foul %s,
tables/defmessages.tbl,defmessages,CExprGlobals::sm_szDefMsgNames,DEFMSG_,attributes,605,NPC_HEALER_FAIL_1,I'm sorry but I cannot resurrect you,
tables/defmessages.tbl,defmessages,CExprGlobals::sm_szDefMsgNames,DEFMSG_,attributes,606,NPC_HEALER_FAIL_2,Ah! My magic is failing!,
tables/defmessages.tbl,defmessages,CExprGlobals::sm_szDefMsgNames,DEFMSG_,attributes,607,NPC_HEALER_MANIFEST,I can't see you clearly ghost. Manifest for me to heal thee.,
tables/defmessages.tbl,defmessages,CExprGlobals::sm_szDefMsgNames,DEFMSG_,attributes,608,NPC_HEALER_RANGE,You are too far away ghost. Come closer.,
tables/defmessages.tbl,defmessages,CExprGlobals::sm_szDefMsgNames,DEFMSG_,attributes,609,NPC_HEALER_REF_CRIM_1,"Thou art a criminal, I shall not resurrect you.",
tables/defmessages.tbl,defmessages,CExprGlobals::sm_szDefMsgNames,DEFMSG_,attributes,610,NPC_HEALER_REF_CRIM_2,"Because of your lawless ways, I shall not help you.",
tables/defmessages.tbl,defmessages,CExprGlobals::sm_szDefMsgNames,DEFMSG_,attributes,611,NPC_HEALER_REF_CRIM_3,It wouldn't be right to help someone like you.,
tables/defmessages.tbl,defmessages,CExprGlobals::sm_szDefMsgNames,DEFMSG_,attributes,612,NPC_HEALER_REF_EVIL_1,Thou hast committed too many unholy acts to be resurrected,
tables/defmessages.tbl,defmessages,CExprGlobals::sm_szDefMsgNames,DEFMSG_,attributes,613,NPC_HEALER_REF_EVIL_2,Thou hast strayed from the virtues and I shall not resurrect you.,
tables/defmessages.tbl,defmessages,CExprGlobals::sm_szDefMsgNames,DEFMSG_,attributes,614,NPC_HEALER_REF_EVIL_3,Thy soul is too dark for me to resurrect.,
tables/defmessages.tbl,defmessages,CExprGlobals::sm_szDefMsgNames,DEFMSG_,attributes,615,NPC_HEALER_REF_GOOD_1,"You are good, why would I help you.",
tables/defmessages.tbl,defmessages,CExprGlobals::sm_szDefMsgNames,DEFMSG_,attributes,616,NPC_HEALER_REF_GOOD_2,"Change thy virtuous ways, and I may consider resurrecting you.",
tables/defmessages.tbl,defmessages,CExprGlobals::sm_szDefMsgNames,DEFMSG_,attributes,617,NPC_HEALER_REF_GOOD_3,"Muhaaahaa, You have got to be kidding, I shall not resurrect such as thee.",
tables/defmessages.tbl,defmessages,CExprGlobals::sm_szDefMsgNames,DEFMSG_,attributes,618,NPC_HEALER_RES_1,"Thou art dead, but 'tis within my power to resurrect thee. Live!",
tables/defmessages.tbl,defmessages,CExprGlobals::sm_szDefMsgNames,DEFMSG_,attributes,619,NPC_HEALER_RES_2,Allow me to resurrect thee ghost. Thy time of true death has not yet come.,
tables/defmessages.tbl,defmessages,CExprGlobals::sm_szDefMsgNames,DEFMSG_,attributes,620,NPC_HEALER_RES_3,"Perhaps thou shouldst be more careful. Here, I shall resurrect thee.",
tables/defmessages.tbl,defmessages,CExprGlobals::sm_szDefMsgNames,DEFMSG_,attributes,621,NPC_HEALER_RES_4,"Live again, ghost! Thy time in this world is not yet done.",
tables/defmessages.tbl,defmessages,CExprGlobals::sm_szDefMsgNames,DEFMSG_,attributes,622,NPC_HEALER_RES_5,I shall attempt to resurrect thee.,
tables/defmessages.tbl,defmessages,CExprGlobals::sm_szDefMsgNames,DEFMSG_,attributes,623,NPC_PET_CANTSELL,I can't sell this,
tables/defmessages.tbl,defmessages,CExprGlobals::sm_szDefMsgNames,DEFMSG_,attributes,624,NPC_PET_CARRYNOTHING,I'm carrying nothing.,
tables/defmessages.tbl,defmessages,CExprGlobals::sm_szDefMsgNames,DEFMSG_,attributes,625,NPC_PET_CONFUSED,*looks confused*,
tables/defmessages.tbl,defmessages,CExprGlobals::sm_szDefMsgNames,DEFMSG_,attributes,626,NPC_PET_DAYS_LEFT,I have been paid to work for %d more days.,
tables/defmessages.tbl,defmessages,CExprGlobals::sm_szDefMsgNames,DEFMSG_,attributes,627,NPC_PET_DECIDE_MASTER,%s appears to have decided that it is better off without a master!,
tables/defmessages.tbl,defmessages,CExprGlobals::sm_szDefMsgNames,DEFMSG_,attributes,628,NPC_PET_DESERTED,You sense that %s has deserted you.,
tables/defmessages.tbl,defmessages,CExprGlobals::sm_szDefMsgNames,DEFMSG_,attributes,629,NPC_PET_EMPLOYED,Sorry I am already employed.,
tables/defmessages.tbl,defmessages,CExprGlobals::sm_szDefMsgNames,DEFMSG_,attributes,630,NPC_PET_FAILURE,Sorry,
tables/defmessages.tbl,defmessages,CExprGlobals::sm_szDefMsgNames,DEFMSG_,attributes,631,NPC_PET_FOOD_NO,No thank you.,
tables/defmessages.tbl,defmessages,CExprGlobals::sm_szDefMsgNames,DEFMSG_,attributes,632,NPC_PET_FOOD_TY,Mmm. Thank you.,
tables/defmessages.tbl,defmessages,CExprGlobals::sm_szDefMsgNames,DEFMSG_,attributes,633,NPC_PET_GETGOLD_1,Here is %d gold. I will keep 1 days wage on hand. To get any items say 'Inventory',
tables/defmessages.tbl,defmessages,CExprGlobals::sm_szDefMsgNames,DEFMSG_,attributes,634,NPC_PET_GETGOLD_2,I only have %d gold. That is less that a days wage. Tell me 'release' if you want me to leave.,
tables/defmessages.tbl,defmessages,CExprGlobals::sm_szDefMsgNames,DEFMSG_,attributes,635,NPC_PET_HIRE_AMNT,I can be hired for %d gold per day.,
tables/defmessages.tbl,defmessages,CExprGlobals::sm_szDefMsgNames,DEFMSG_,attributes,636,NPC_PET_HIRE_RATE,I require %d gold per day for hire.,
tables/defmessages.tbl,defmessages,CExprGlobals::sm_szDefMsgNames,DEFMSG_,attributes,637,NPC_PET_HIRE_TIME,I will work for you for %d days,
tables/defmessages.tbl,defmessages,CExprGlobals::sm_szDefMsgNames,DEFMSG_,attributes,638,NPC_PET_HIRE_TIMEUP,I'm sorry but my hire time is up.,
tables/defmessages.tbl,defmessages,CExprGlobals::sm_szDefMsgNames,DEFMSG_,attributes,639,NPC_PET_INV_ONLY,You can only price things in my inventory.,
tables/defmessages.tbl,defmessages,CExprGlobals::sm_szDefMsgNames,DEFMSG_,attributes,640,NPC_PET_ITEMS_BUY,This contains the items I have bought.,
tables/defmessages.tbl,defmessages,CExprGlobals::sm_szDefMsgNames,DEFMSG_,attributes,641,NPC_PET_ITEMS_SAMPLE,Put sample items like you want me to purchase in here,
tables/defmessages.tbl,defmessages,CExprGlobals::sm_szDefMsgNames,DEFMSG_,attributes,642,NPC_PET_ITEMS_SELL,Put items you want me to sell in here.,
tables/defmessages.tbl,defmessages,CExprGlobals::sm_szDefMsgNames,DEFMSG_,attributes,643,NPC_PET_MONEY,I will keep this money in account.,
tables/defmessages.tbl,defmessages,CExprGlobals::sm_szDefMsgNames,DEFMSG_,attributes,644,NPC_PET_NOT_ENOUGH,Sorry thats not enough for a days wage.,
tables/defmessages.tbl,defmessages,CExprGlobals::sm_szDefMsgNames,DEFMSG_,attributes,645,NPC_PET_NOT_FOR_HIRE,Sorry I am not available for hire.,
tables/defmessages.tbl,defmessages,CExprGlobals::sm_szDefMsgNames,DEFMSG_,attributes,646,NPC_PET_NOT_WORK,I will not work for you.,
tables/defmessages.tbl,defmessages,CExprGlobals::sm_szDefMsgNames,DEFMSG_,attributes,647,NPC_PET_RENAME_PROMPT,Enter a new name for your pet.,
tables/defmessages.tbl,defmessages,CExprGlobals::sm_szDefMsgNames,DEFMSG_,attributes,648,NPC_PET_RENAME_SUCCESS1,Pet name changed.,
tables/defmessages.tbl,defmessages,CExprGlobals::sm_szDefMsgNames,DEFMSG_,attributes,649,NPC_PET_RENAME_SUCCESS2,Pet %s renamed to %s.,
tables/defmessages.tbl,defmessages,CExprGlobals::sm_szDefMsgNames,DEFMSG_,attributes,650,NPC_PET_SELL,I will attempt to sell this item for you.,
tables/defmessages.tbl,defmessages,CExprGlobals::sm_szDefMsgNames,DEFMSG_,attributes,651,NPC_PET_SETPRICE,What item would you like to set the price of?,
tables/defmessages.tbl,defmessages,CExprGlobals::sm_szDefMsgNames,DEFMSG_,attributes,652,NPC_PET_SUCCESS,Yes Master,
tables/defmessages.tbl,defmessages,CExprGlobals::sm_szDefMsgNames,DEFMSG_,attributes,653,NPC_PET_TARG_ATT,Who do you want to attack?,
tables/defmessages.tbl,defmessages,CExprGlobals::sm_szDefMsgNames,DEFMSG_,attributes,654,NPC_PET_TARG_FOLLOW,Who should they follow?,
tables/defmessages.tbl,defmessages,CExprGlobals::sm_szDefMsgNames,DEFMSG_,attributes,655,NPC_PET_TARG_FRIEND,Click on the player whom you wish to make a co-owner.,
tables/defmessages.tbl,defmessages,CExprGlobals::sm_szDefMsgNames,DEFMSG_,attributes,656,NPC_PET_TARG_FRIEND_ALREADY,That person is already a friend.,
tables/defmessages.tbl,defmessages,CExprGlobals::sm_szDefMsgNames,DEFMSG_,attributes,657,NPC_PET_TARG_FRIEND_SUCCESS1,%s will now accept movement commands from %s.,
tables/defmessages.tbl,defmessages,CExprGlobals::sm_szDefMsgNames,DEFMSG_,attributes,658,NPC_PET_TARG_FRIEND_SUCCESS2,%s has granted you the ability to give orders to their pet %s. This creature will now consider you as a friend.,
tables/defmessages.tbl,defmessages,CExprGlobals::sm_szDefMsgNames,DEFMSG_,attributes,659,NPC_PET_TARG_FRIEND_SUMMONED,Summoned creatures are loyal only to their summoners.,
tables/defmessages.tbl,defmessages,CExprGlobals::sm_szDefMsgNames,DEFMSG_,attributes,660,NPC_PET_TARG_UNFRIEND,Click on the player whom you wish to remove as a co-owner.,
tables/defmessages.tbl,defmessages,CExprGlobals::sm_szDefMsgNames,DEFMSG_,attributes,661,NPC_PET_TARG_UNFRIEND_NOTFRIEND,That person is not a friend.,
tables/defmessages.tbl,defmessages,CExprGlobals::sm_szDefMsgNames,DEFMSG_,attributes,662,NPC_PET_TARG_UNFRIEND_SUCCESS1,%s will no longer accept movement commands from %s.,
tables/defmessages.tbl,defmessages,CExprGlobals::sm_szDefMsgNames,DEFMSG_,attributes,663,NPC_PET_TARG_UNFRIEND_SUCCESS2,%s has no longer granted you the ability to give orders to their pet %s. This creature will no longer consider you as a friend.,
tables/defmessages.tbl,defmessages,CExprGlobals::sm_szDefMsgNames,DEFMSG_,attributes,664,NPC_PET_TARG_GO,Where should they go?,
tables/defmessages.tbl,defmessages,CExprGlobals::sm_szDefMsgNames,DEFMSG_,attributes,665,NPC_PET_TARG_GUARD,What should they guard?,
tables/defmessages.tbl,defmessages,CExprGlobals::sm_szDefMsgNames,DEFMSG_,attributes,666,NPC_PET_TARG_GUARD_SUCCESS,%s is now guarding you.,
tables/defmessages.tbl,defmessages,CExprGlobals::sm_szDefMsgNames,DEFMSG_,attributes,667,NPC_PET_TARG_TRANSFER,Click on the person to transfer ownership to.,
tables/defmessages.tbl,defmessages,CExprGlobals::sm_szDefMsgNames,DEFMSG_,attributes,668,NPC_PET_TARG_TRANSFER_SUMMONED,You cannot transfer ownership of a summoned creature.,
tables/defmessages.tbl,defmessages,CExprGlobals::sm_szDefMsgNames,DEFMSG_,attributes,669,NPC_PET_WAGE_COST,I will work for %d gold,
tables/defmessages.tbl,defmessages,CExprGlobals::sm_szDefMsgNames,DEFMSG_,attributes,670,NPC_PET_WEAK,I'm too weak to carry that. ,
tables/defmessages.tbl,defmessages,CExprGlobals::sm_szDefMsgNames,DEFMSG_,attributes,671,NPC_STABLEMASTER_FEED,feed the %s,
tables/defmessages.tbl,defmessages,CExprGlobals::sm_szDefMsgNames,DEFMSG_,attributes,672,NPC_STABLEMASTER_TOOMANY,You have too many pets in the stables!,
tables/defmessages.tbl,defmessages,CExprGlobals::sm_szDefMsgNames,DEFMSG_,attributes,673,NPC_STABLEMASTER_TARG,Which animal wouldst thou like to stable here?,
tables/defmessages.tbl,defmessages,CExprGlobals::sm_szDefMsgNames,DEFMSG_,attributes,674,NPC_STABLEMASTER_TARG_SUCCESS,Your pet has been stabled.,
tables/defmessages.tbl,defmessages,CExprGlobals::sm_szDefMsgNames,DEFMSG_,attributes,675,NPC_STABLEMASTER_TARG_FAIL,You can't stable that!,
tables/defmessages.tbl,defmessages,CExprGlobals::sm_szDefMsgNames,DEFMSG_,attributes,676,NPC_STABLEMASTER_TARG_LOS,That is too far away.,
tables/defmessages.tbl,defmessages,CExprGlobals::sm_szDefMsgNames,DEFMSG_,attributes,677,NPC_STABLEMASTER_TARG_OWNER,You do not own that pet!,
tables/defmessages.tbl,defmessages,CExprGlobals::sm_szDefMsgNames,DEFMSG_,attributes,678,NPC_STABLEMASTER_TARG_SUMMON,I can not stable summoned creatures.,
tables/defmessages.tbl,defmessages,CExprGlobals::sm_szDefMsgNames,DEFMSG_,attributes,679,NPC_STABLEMASTER_TARG_UNLOAD,You need to unload your pet.,
tables/defmessages.tbl,defmessages,CExprGlobals::sm_szDefMsgNames,DEFMSG_,attributes,680,NPC_STABLEMASTER_CLAIM,Here you go... and good day to you!,
tables/defmessages.tbl,defmessages,CExprGlobals::sm_szDefMsgNames,DEFMSG_,attributes,681,NPC_STABLEMASTER_CLAIM_NOPETS,But I have no animals stabled with me at the moment!,
tables/defmessages.tbl,defmessages,CExprGlobals::sm_szDefMsgNames,DEFMSG_,attributes,682,NPC_STABLEMASTER_CLAIM_FOLLOWER,%s remained in the stables because you have too many followers.,
tables/defmessages.tbl,defmessages,CExprGlobals::sm_szDefMsgNames,DEFMSG_,attributes,683,NPC_TRAINER_DUNNO_1,I know nothing about that,
tables/defmessages.tbl,defmessages,CExprGlobals::sm_szDefMsgNames,DEFMSG_,attributes,684,NPC_TRAINER_DUNNO_2,I know nothing about %s,
tables/defmessages.tbl,defmessages,CExprGlobals::sm_szDefMsgNames,DEFMSG_,attributes,685,NPC_TRAINER_DUNNO_3,You know more about %s than I do,
tables/defmessages.tbl,defmessages,CExprGlobals::sm_szDefMsgNames,DEFMSG_,attributes,686,NPC_TRAINER_DUNNO_4,You already know as much as I can teach of %s,
tables/defmessages.tbl,defmessages,CExprGlobals::sm_szDefMsgNames,DEFMSG_,attributes,687,NPC_TRAINER_ENEMY,I would never train the likes of you. ,
tables/defmessages.tbl,defmessages,CExprGlobals::sm_szDefMsgNames,DEFMSG_,attributes,688,NPC_TRAINER_FORGOT,I can't remember what I was supposed to teach you ,
tables/defmessages.tbl,defmessages,CExprGlobals::sm_szDefMsgNames,DEFMSG_,attributes,689,NPC_TRAINER_PRICE,For %d gold I will train you in all I know of %s. For less gold I will teach you less,
tables/defmessages.tbl,defmessages,CExprGlobals::sm_szDefMsgNames,DEFMSG_,attributes,690,NPC_TRAINER_PRICE_1,For a fee I can teach thee of ,
tables/defmessages.tbl,defmessages,CExprGlobals::sm_szDefMsgNames,DEFMSG_,attributes,691,NPC_TRAINER_PRICE_2,more,
tables/defmessages.tbl,defmessages,CExprGlobals::sm_szDefMsgNames,DEFMSG_,attributes,692,NPC_TRAINER_PRICE_3,", ",
tables/defmessages.tbl,defmessages,CExprGlobals::sm_szDefMsgNames,DEFMSG_,attributes,693,NPC_TRAINER_SUCCESS,Let me show you something of how this is done,
tables/defmessages.tbl,defmessages,CExprGlobals::sm_szDefMsgNames,DEFMSG_,attributes,694,NPC_TRAINER_THATSALL_1,That is all I can teach.,
tables/defmessages.tbl,defmessages,CExprGlobals::sm_szDefMsgNames,DEFMSG_,attributes,695,NPC_TRAINER_THATSALL_2,I wish I could teach more but I cannot.,
tables/defmessages.tbl,defmessages,CExprGlobals::sm_szDefMsgNames,DEFMSG_,attributes,696,NPC_TRAINER_THATSALL_3,There is nothing that I can teach you.,
tables/defmessages.tbl,defmessages,CExprGlobals::sm_szDefMsgNames,DEFMSG_,attributes,697,NPC_TRAINER_THATSALL_4, and ,
tables/defmessages.tbl,defmessages,CExprGlobals::sm_szDefMsgNames,DEFMSG_,attributes,698,NPC_VENDOR_B1,That will be %lld gold coin%s. ,
tables/defmessages.tbl,defmessages,CExprGlobals::sm_szDefMsgNames,DEFMSG_,attributes,699,NPC_VENDOR_BUY_NOTHING,Thou hast bought nothing!,
tables/defmessages.tbl,defmessages,CExprGlobals::sm_szDefMsgNames,DEFMSG_,attributes,700,NPC_VENDOR_CA,s,
tables/defmessages.tbl,defmessages,CExprGlobals::sm_szDefMsgNames,DEFMSG_,attributes,701,NPC_VENDOR_CANTAFFORD,I cannot afford any more at the moment,
tables/defmessages.tbl,defmessages,CExprGlobals::sm_szDefMsgNames,DEFMSG_,attributes,702,NPC_VENDOR_CANTFULFILL,"Your order cannot be fulfilled, please try again.",
tables/defmessages.tbl,defmessages,CExprGlobals::sm_szDefMsgNames,DEFMSG_,attributes,703,NPC_VENDOR_HYARE,"Here you are, %s",
tables/defmessages.tbl,defmessages,CExprGlobals::sm_szDefMsgNames,DEFMSG_,attributes,704,NPC_VENDOR_NO_GOODS,Sorry I have no goods to sell,
tables/defmessages.tbl,defmessages,CExprGlobals::sm_szDefMsgNames,DEFMSG_,attributes,705,NPC_VENDOR_NOMONEY,Alas I have run out of money.,
tables/defmessages.tbl,defmessages,CExprGlobals::sm_szDefMsgNames,DEFMSG_,attributes,706,NPC_VENDOR_NOMONEY1,"Begging thy pardon, but thou canst not afford that.",
tables/defmessages.tbl,defmessages,CExprGlobals::sm_szDefMsgNames,DEFMSG_,attributes,707,NPC_VENDOR_NOTHING_BUY,You have nothing I'm interested in,
tables/defmessages.tbl,defmessages,CExprGlobals::sm_szDefMsgNames,DEFMSG_,attributes,708,NPC_VENDOR_NOTHING_SELL,Sorry I have nothing of interest to you.,
tables/defmessages.tbl,defmessages,CExprGlobals::sm_szDefMsgNames,DEFMSG_,attributes,709,NPC_VENDOR_CANTREACH,You can't reach the Vendor,
tables/defmessages.tbl,defmessages,CExprGlobals::sm_szDefMsgNames,DEFMSG_,attributes,710,NPC_VENDOR_S1,That is %lld gold coin%s worth of goods.,
tables/defmessages.tbl,defmessages,CExprGlobals::sm_szDefMsgNames,DEFMSG_,attributes,711,NPC_VENDOR_SETPRICE_1,Setting price of %s to %d,
tables/defmessages.tbl,defmessages,CExprGlobals::sm_szDefMsgNames,DEFMSG_,attributes,712,NPC_VENDOR_SETPRICE_2,What do you want the price to be?,
tables/defmessages.tbl,defmessages,CExprGlobals::sm_szDefMsgNames,DEFMSG_,attributes,713,NPC_VENDOR_STAT_GOLD_1,I have %d gold on hand. ,
tables/defmessages.tbl,defmessages,CExprGlobals::sm_szDefMsgNames,DEFMSG_,attributes,714,NPC_VENDOR_STAT_GOLD_2,for which I will work for %d more days. ,
tables/defmessages.tbl,defmessages,CExprGlobals::sm_szDefMsgNames,DEFMSG_,attributes,715,NPC_VENDOR_STAT_GOLD_3,I have %d items to sell.,
tables/defmessages.tbl,defmessages,CExprGlobals::sm_szDefMsgNames,DEFMSG_,attributes,716,NPC_VENDOR_STAT_GOLD_4,I restock to %d gold in %d minutes.,
tables/defmessages.tbl,defmessages,CExprGlobals::sm_szDefMsgNames,DEFMSG_,attributes,717,NPC_VENDOR_TY,I thank thee for thy business.,
tables/defmessages.tbl,defmessages,CExprGlobals::sm_szDefMsgNames,DEFMSG_,attributes,718,NPC_VENDOR_CANTBUY,You cannot buy that.,
tables/defmessages.tbl,defmessages,CExprGlobals::sm_szDefMsgNames,DEFMSG_,attributes,719,NPC_VENDOR_CANTSELL,You cannot sell that.,
tables/defmessages.tbl,defmessages,CExprGlobals::sm_szDefMsgNames,DEFMSG_,attributes,720,NPC_VENDOR_BUYFAST,You are buying too fast.,
tables/defmessages.tbl,defmessages,CExprGlobals::sm_szDefMsgNames,DEFMSG_,attributes,721,NPC_VENDOR_SELLFAST,You are selling too fast.,
tables/defmessages.tbl,defmessages,CExprGlobals::sm_szDefMsgNames,DEFMSG_,attributes,722,NPC_VENDOR_SELLMUCH,You cannot sell so much.,
tables/defmessages.tbl,defmessages,CExprGlobals::sm_szDefMsgNames,DEFMSG_,attributes,723,MENU_UNEXPECTED,Unexpected menu info.,
tables/defmessages.tbl,defmessages,CExprGlobals::sm_szDefMsgNames,DEFMSG_,attributes,724,PARTY_ADDED,You have been added to the party.,
tables/defmessages.tbl,defmessages,CExprGlobals::sm_szDefMsgNames,DEFMSG_,attributes,725,PARTY_DECLINE_1,%s: Does not wish to join the party.,
tables/defmessages.tbl,defmessages,CExprGlobals::sm_szDefMsgNames,DEFMSG_,attributes,726,PARTY_DECLINE_2,You notify %s that you do not wish to join the party.,
tables/defmessages.tbl,defmessages,CExprGlobals::sm_szDefMsgNames,DEFMSG_,attributes,727,PARTY_DISBANDED,Your party has disbanded.,
tables/defmessages.tbl,defmessages,CExprGlobals::sm_szDefMsgNames,DEFMSG_,attributes,728,PARTY_CHANGE_LEADER,%s was appointed the new party leader.,
tables/defmessages.tbl,defmessages,CExprGlobals::sm_szDefMsgNames,DEFMSG_,attributes,729,PARTY_INVITE,You have invited %s to join the party.,
tables/defmessages.tbl,defmessages,CExprGlobals::sm_szDefMsgNames,DEFMSG_,attributes,730,PARTY_INVITE_TARG,%s: You are invited to join the party. Type /accept to join or /decline to decline the offer.,
tables/defmessages.tbl,defmessages,CExprGlobals::sm_szDefMsgNames,DEFMSG_,attributes,731,PARTY_JOINED,%s: joined the party.,
tables/defmessages.tbl,defmessages,CExprGlobals::sm_szDefMsgNames,DEFMSG_,attributes,732,PARTY_LEAVE_1,%s has been removed from your party.,
tables/defmessages.tbl,defmessages,CExprGlobals::sm_szDefMsgNames,DEFMSG_,attributes,733,PARTY_LEAVE_2,You have been removed from the party.,
tables/defmessages.tbl,defmessages,CExprGlobals::sm_szDefMsgNames,DEFMSG_,attributes,734,PARTY_LEAVE_LAST_PERSON,The last person has left the party...,
tables/defmessages.tbl,defmessages,CExprGlobals::sm_szDefMsgNames,DEFMSG_,attributes,735,PARTY_LOOT_ALLOW,You have chosen to allow your party to loot your corpse.,
tables/defmessages.tbl,defmessages,CExprGlobals::sm_szDefMsgNames,DEFMSG_,attributes,736,PARTY_LOOT_BLOCK,You have chosen to prevent your party from looting your corpse.,
tables/defmessages.tbl,defmessages,CExprGlobals::sm_szDefMsgNames,DEFMSG_,attributes,737,PARTY_MSG,[PARTY]: %s,
tables/defmessages.tbl,defmessages,CExprGlobals::sm_szDefMsgNames,DEFMSG_,attributes,738,PARTY_NO_SELF_ADD,You cannot add yourself to a party.,
tables/defmessages.tbl,defmessages,CExprGlobals::sm_szDefMsgNames,DEFMSG_,attributes,739,PARTY_SELECT,You may only add living things to your party!,
tables/defmessages.tbl,defmessages,CExprGlobals::sm_szDefMsgNames,DEFMSG_,attributes,740,PARTY_TARG_WHO,Who would you like to add to your party?,
tables/defmessages.tbl,defmessages,CExprGlobals::sm_szDefMsgNames,DEFMSG_,attributes,741,PARTY_NONPCADD,The creature ignores your offer.,
tables/defmessages.tbl,defmessages,CExprGlobals::sm_szDefMsgNames,DEFMSG_,attributes,742,PARTY_NOTLEADER,You may only add members to the party if you are the leader.,
tables/defmessages.tbl,defmessages,CExprGlobals::sm_szDefMsgNames,DEFMSG_,attributes,743,PARTY_IS_FULL,You may only have 10 in your party.,
tables/defmessages.tbl,defmessages,CExprGlobals::sm_szDefMsgNames,DEFMSG_,attributes,744,PARTY_ALREADY_IN_THIS,This person is already in your party!,
tables/defmessages.tbl,defmessages,CExprGlobals::sm_szDefMsgNames,DEFMSG_,attributes,745,PARTY_ALREADY_IN,This person is already in a party!,
tables/defmessages.tbl,defmessages,CExprGlobals::sm_szDefMsgNames,DEFMSG_,attributes,746,PARTY_AUTODECLINE,This person auto refuse any invite!,
tables/defmessages.tbl,defmessages,CExprGlobals::sm_szDefMsgNames,DEFMSG_,attributes,747,PARTY_ADD_TOO_FAST,You must wait a bit before inviting someone else!,
tables/defmessages.tbl,defmessages,CExprGlobals::sm_szDefMsgNames,DEFMSG_,attributes,748,POISONING_SELECT_1,What poison do you want to use?,
tables/defmessages.tbl,defmessages,CExprGlobals::sm_szDefMsgNames,DEFMSG_,attributes,749,POISONING_SUCCESS,You apply the poison.,
tables/defmessages.tbl,defmessages,CExprGlobals::sm_szDefMsgNames,DEFMSG_,attributes,750,POISONING_WITEM,You can only poison food or piercing weapons.,
tables/defmessages.tbl,defmessages,CExprGlobals::sm_szDefMsgNames,DEFMSG_,attributes,751,PROVOCATION_EMOTE_1,looks peaceful,
tables/defmessages.tbl,defmessages,CExprGlobals::sm_szDefMsgNames,DEFMSG_,attributes,752,PROVOCATION_EMOTE_2,looks furious,
tables/defmessages.tbl,defmessages,CExprGlobals::sm_szDefMsgNames,DEFMSG_,attributes,753,PROVOCATION_KIND,The creature refuses to attack one of its own kind!,
tables/defmessages.tbl,defmessages,CExprGlobals::sm_szDefMsgNames,DEFMSG_,attributes,754,PROVOCATION_PLAYER,You can not provoke players!,
tables/defmessages.tbl,defmessages,CExprGlobals::sm_szDefMsgNames,DEFMSG_,attributes,755,PROVOCATION_UPSET,You are really upset about this,
tables/defmessages.tbl,defmessages,CExprGlobals::sm_szDefMsgNames,DEFMSG_,attributes,756,PROVOKE_SELECT,Who do you want to provoke them against?,
tables/defmessages.tbl,defmessages,CExprGlobals::sm_szDefMsgNames,DEFMSG_,attributes,757,PROVOKE_UNABLE,You can only provoke living creatures.,
tables/defmessages.tbl,defmessages,CExprGlobals::sm_szDefMsgNames,DEFMSG_,attributes,758,REACH_FAIL,You can't reach that.,
tables/defmessages.tbl,defmessages,CExprGlobals::sm_szDefMsgNames,DEFMSG_,attributes,759,REACH_GHOST,Your ghostly hand passes through the object.,
tables/defmessages.tbl,defmessages,CExprGlobals::sm_szDefMsgNames,DEFMSG_,attributes,760,REACH_UNABLE,You can't use this where it is.,
tables/defmessages.tbl,defmessages,CExprGlobals::sm_szDefMsgNames,DEFMSG_,attributes,761,REMOVETRAPS_REACH,You can't reach it.,
tables/defmessages.tbl,defmessages,CExprGlobals::sm_szDefMsgNames,DEFMSG_,attributes,762,REMOVETRAPS_WITEM,You should use this skill to disable traps,
tables/defmessages.tbl,defmessages,CExprGlobals::sm_szDefMsgNames,DEFMSG_,attributes,763,REPAIR_1,repair,
tables/defmessages.tbl,defmessages,CExprGlobals::sm_szDefMsgNames,DEFMSG_,attributes,764,REPAIR_2,really damage,
tables/defmessages.tbl,defmessages,CExprGlobals::sm_szDefMsgNames,DEFMSG_,attributes,765,REPAIR_3,slightly damage,
tables/defmessages.tbl,defmessages,CExprGlobals::sm_szDefMsgNames,DEFMSG_,attributes,766,REPAIR_4,fail to repair,
tables/defmessages.tbl,defmessages,CExprGlobals::sm_szDefMsgNames,DEFMSG_,attributes,767,REPAIR_5,destroy,
tables/defmessages.tbl,defmessages,CExprGlobals::sm_szDefMsgNames,DEFMSG_,attributes,768,REPAIR_ANVIL,You must be near an anvil to repair,
tables/defmessages.tbl,defmessages,CExprGlobals::sm_szDefMsgNames,DEFMSG_,attributes,769,REPAIR_FULL,The item is already in full repair.,
tables/defmessages.tbl,defmessages,CExprGlobals::sm_szDefMsgNames,DEFMSG_,attributes,770,REPAIR_LACK_1,You lack %s to repair this.,
tables/defmessages.tbl,defmessages,CExprGlobals::sm_szDefMsgNames,DEFMSG_,attributes,771,REPAIR_LACK_2,components,
tables/defmessages.tbl,defmessages,CExprGlobals::sm_szDefMsgNames,DEFMSG_,attributes,772,REPAIR_MSG,%s the %s,
tables/defmessages.tbl,defmessages,CExprGlobals::sm_szDefMsgNames,DEFMSG_,attributes,773,REPAIR_NOT,The item is not repairable,
tables/defmessages.tbl,defmessages,CExprGlobals::sm_szDefMsgNames,DEFMSG_,attributes,774,REPAIR_REACH,Can't repair this where it is !,
tables/defmessages.tbl,defmessages,CExprGlobals::sm_szDefMsgNames,DEFMSG_,attributes,775,REPAIR_UNK,You have trouble figuring out the item.,
tables/defmessages.tbl,defmessages,CExprGlobals::sm_szDefMsgNames,DEFMSG_,attributes,776,REPAIR_WORN,Can't repair an item being worn !,
tables/defmessages.tbl,defmessages,CExprGlobals::sm_szDefMsgNames,DEFMSG_,attributes,777,RESISTMAGIC,You feel yourself resisting magical energy.,
tables/defmessages.tbl,defmessages,CExprGlobals::sm_szDefMsgNames,DEFMSG_,attributes,778,SERVER_RESYNC_FAILED,Resync FAILED!,
tables/defmessages.tbl,defmessages,CExprGlobals::sm_szDefMsgNames,DEFMSG_,attributes,779,SERVER_RESYNC_START,Server is being PAUSED for Resync,
tables/defmessages.tbl,defmessages,CExprGlobals::sm_szDefMsgNames,DEFMSG_,attributes,780,SERVER_RESYNC_SUCCESS,Resync complete!,
tables/defmessages.tbl,defmessages,CExprGlobals::sm_szDefMsgNames,DEFMSG_,attributes,781,SERVER_RESYNC_RESTART,Resync Restart,
tables/defmessages.tbl,defmessages,CExprGlobals::sm_szDefMsgNames,DEFMSG_,attributes,782,SERVER_WORLDSAVE_NOTIFY,World save in 10 seconds,
tables/defmessages.tbl,defmessages,CExprGlobals::sm_szDefMsgNames,DEFMSG_,attributes,783,SERVER_WORLDSAVE,World save has been initiated.,
tables/defmessages.tbl,defmessages,CExprGlobals::sm_szDefMsgNames,DEFMSG_,attributes,784,SERVER_WORLDSTATICSAVE,World statics save has been initiated.,
tables/defmessages.tbl,defmessages,CExprGlobals::sm_szDefMsgNames,DEFMSG_,attributes,785,SKILL_NOSKILL,Skill not implemented!,
tables/defmessages.tbl,defmessages,CExprGlobals::sm_szDefMsgNames,DEFMSG_,attributes,786,SKILLWAIT_1,You can't do much in your current state.,
tables/defmessages.tbl,defmessages,CExprGlobals::sm_szDefMsgNames,DEFMSG_,attributes,787,SKILLWAIT_2,You are preoccupied with thoughts of battle.,
tables/defmessages.tbl,defmessages,CExprGlobals::sm_szDefMsgNames,DEFMSG_,attributes,788,SKILLWAIT_3,You must wait to perform another action.,
tables/defmessages.tbl,defmessages,CExprGlobals::sm_szDefMsgNames,DEFMSG_,attributes,789,SLEEP_AWAKE_1,You are violently awakened,
tables/defmessages.tbl,defmessages,CExprGlobals::sm_szDefMsgNames,DEFMSG_,attributes,790,SLEEP_AWAKE_2,That is not a corpse!,
tables/defmessages.tbl,defmessages,CExprGlobals::sm_szDefMsgNames,DEFMSG_,attributes,791,SMITHING_FAIL,You need ingots for smithing.,
tables/defmessages.tbl,defmessages,CExprGlobals::sm_szDefMsgNames,DEFMSG_,attributes,792,SMITHING_FORGE,You must be near a forge to smith ingots,
tables/defmessages.tbl,defmessages,CExprGlobals::sm_szDefMsgNames,DEFMSG_,attributes,793,SMITHING_HAMMER,You must weild a smith hammer of some sort.,
tables/defmessages.tbl,defmessages,CExprGlobals::sm_szDefMsgNames,DEFMSG_,attributes,794,SMITHING_REACH,The ingots must be on your person,
tables/defmessages.tbl,defmessages,CExprGlobals::sm_szDefMsgNames,DEFMSG_,attributes,795,SNOOPING_ATTEMPTING,attempting to peek into,
tables/defmessages.tbl,defmessages,CExprGlobals::sm_szDefMsgNames,DEFMSG_,attributes,796,SNOOPING_CANT,You can not peek into the container.,
tables/defmessages.tbl,defmessages,CExprGlobals::sm_szDefMsgNames,DEFMSG_,attributes,797,SNOOPING_FAILED,You failed to peek into the container.,
tables/defmessages.tbl,defmessages,CExprGlobals::sm_szDefMsgNames,DEFMSG_,attributes,798,SNOOPING_REACH,That is too far away.,
tables/defmessages.tbl,defmessages,CExprGlobals::sm_szDefMsgNames,DEFMSG_,attributes,799,SPELL_ALCOHOL_HIC,*Hic*,
tables/defmessages.tbl,defmessages,CExprGlobals::sm_szDefMsgNames,DEFMSG_,attributes,800,SPELL_ANIMDEAD_FAIL,The corpse stirs for a moment then falls!,
tables/defmessages.tbl,defmessages,CExprGlobals::sm_szDefMsgNames,DEFMSG_,attributes,801,SPELL_ANIMDEAD_NC,That is not a corpse!,
tables/defmessages.tbl,defmessages,CExprGlobals::sm_szDefMsgNames,DEFMSG_,attributes,802,SPELL_CREATE_FOOD,You magically create food in your backpack: %s,
tables/defmessages.tbl,defmessages,CExprGlobals::sm_szDefMsgNames,DEFMSG_,attributes,803,SPELL_DISPELLF_WT,That is not a field!,
tables/defmessages.tbl,defmessages,CExprGlobals::sm_szDefMsgNames,DEFMSG_,attributes,804,SPELL_ENCHANT_ACTIVATE,Magic items must be on your person to activate.,
tables/defmessages.tbl,defmessages,CExprGlobals::sm_szDefMsgNames,DEFMSG_,attributes,805,SPELL_ENCHANT_LACK,This item lacks any enchantment.,
tables/defmessages.tbl,defmessages,CExprGlobals::sm_szDefMsgNames,DEFMSG_,attributes,806,SPELL_GATE_ALREADYTHERE,There is already a gate there.,
tables/defmessages.tbl,defmessages,CExprGlobals::sm_szDefMsgNames,DEFMSG_,attributes,807,SPELL_GATE_AM,An anti-magic field blocks the gate.,
tables/defmessages.tbl,defmessages,CExprGlobals::sm_szDefMsgNames,DEFMSG_,attributes,808,SPELL_GATE_OPEN,You open a magical gate to another location.,
tables/defmessages.tbl,defmessages,CExprGlobals::sm_szDefMsgNames,DEFMSG_,attributes,809,SPELL_GATE_SOMETHINGBLOCKING,Something is blocking the location.,
tables/defmessages.tbl,defmessages,CExprGlobals::sm_szDefMsgNames,DEFMSG_,attributes,810,SPELL_GEN_FIZZLES,The spell fizzles,
tables/defmessages.tbl,defmessages,CExprGlobals::sm_szDefMsgNames,DEFMSG_,attributes,811,SPELL_LOOKS,looks %s,
tables/defmessages.tbl,defmessages,CExprGlobals::sm_szDefMsgNames,DEFMSG_,attributes,812,SPELL_POISON_1,sickly,
tables/defmessages.tbl,defmessages,CExprGlobals::sm_szDefMsgNames,DEFMSG_,attributes,813,SPELL_POISON_2,very ill,
tables/defmessages.tbl,defmessages,CExprGlobals::sm_szDefMsgNames,DEFMSG_,attributes,814,SPELL_POISON_3,extremely sick,
tables/defmessages.tbl,defmessages,CExprGlobals::sm_szDefMsgNames,DEFMSG_,attributes,815,SPELL_POISON_4,deathly sick,
tables/defmessages.tbl,defmessages,CExprGlobals::sm_szDefMsgNames,DEFMSG_,attributes,816,SPELL_POISON_5,lethally sick,
tables/defmessages.tbl,defmessages,CExprGlobals::sm_szDefMsgNames,DEFMSG_,attributes,817,SPELL_OSIPOISON_LESSER,feel a bit nauseous,
tables/defmessages.tbl,defmessages,CExprGlobals::sm_szDefMsgNames,DEFMSG_,attributes,818,SPELL_OSIPOISON_STANDARD,feel disorientated and nauseous!,
tables/defmessages.tbl,defmessages,CExprGlobals::sm_szDefMsgNames,DEFMSG_,attributes,819,SPELL_OSIPOISON_GREATER,begin to feel pain throughout your body!,
tables/defmessages.tbl,defmessages,CExprGlobals::sm_szDefMsgNames,DEFMSG_,attributes,820,SPELL_OSIPOISON_DEADLY,feel extremely weak and are in severe pain!,
tables/defmessages.tbl,defmessages,CExprGlobals::sm_szDefMsgNames,DEFMSG_,attributes,821,SPELL_OSIPOISON_LETHAL,"are in extreme pain, and require immediate aid!",
tables/defmessages.tbl,defmessages,CExprGlobals::sm_szDefMsgNames,DEFMSG_,attributes,822,SPELL_OSIPOISON_LESSER1,looks ill.,
tables/defmessages.tbl,defmessages,CExprGlobals::sm_szDefMsgNames,DEFMSG_,attributes,823,SPELL_OSIPOISON_STANDARD1,looks extremely ill.,
tables/defmessages.tbl,defmessages,CExprGlobals::sm_szDefMsgNames,DEFMSG_,attributes,824,SPELL_OSIPOISON_GREATER1,stumbles around in confusion and pain.,
tables/defmessages.tbl,defmessages,CExprGlobals::sm_szDefMsgNames,DEFMSG_,attributes,825,SPELL_OSIPOISON_DEADLY1,is wracked with extreme pain.,
tables/defmessages.tbl,defmessages,CExprGlobals::sm_szDefMsgNames,DEFMSG_,attributes,826,SPELL_OSIPOISON_LETHAL1,begins to spasm uncontrollably.,
tables/defmessages.tbl,defmessages,CExprGlobals::sm_szDefMsgNames,DEFMSG_,attributes,827,SPELL_REACTIVEARMOR_NULLIFY,Your reactive armor spell has been nullified.,
tables/defmessages.tbl,defmessages,CExprGlobals::sm_szDefMsgNames,DEFMSG_,attributes,828,SPELL_RECALL_BLANK,The recall rune is blank.,
tables/defmessages.tbl,defmessages,CExprGlobals::sm_szDefMsgNames,DEFMSG_,attributes,829,SPELL_RECALL_FADEC,The recall rune fades completely.,
tables/defmessages.tbl,defmessages,CExprGlobals::sm_szDefMsgNames,DEFMSG_,attributes,830,SPELL_RECALL_FADED,The recall rune's magic has faded,
tables/defmessages.tbl,defmessages,CExprGlobals::sm_szDefMsgNames,DEFMSG_,attributes,831,SPELL_RECALL_NOTRUNE,That item is not a recall rune.,
tables/defmessages.tbl,defmessages,CExprGlobals::sm_szDefMsgNames,DEFMSG_,attributes,832,SPELL_RECALL_SFADE,The recall rune is starting to fade.,
tables/defmessages.tbl,defmessages,CExprGlobals::sm_szDefMsgNames,DEFMSG_,attributes,833,SPELL_MARK_CONT,The rune must be on your person to mark.,
tables/defmessages.tbl,defmessages,CExprGlobals::sm_szDefMsgNames,DEFMSG_,attributes,834,SPELL_RES_AM,Anti-Magic blocks the Resurrection!,
tables/defmessages.tbl,defmessages,CExprGlobals::sm_szDefMsgNames,DEFMSG_,attributes,835,SPELL_RES_REJOIN,Your spirit rejoins your body.,
tables/defmessages.tbl,defmessages,CExprGlobals::sm_szDefMsgNames,DEFMSG_,attributes,836,SPELL_RES_ROBENAME,Resurrection Robe,
tables/defmessages.tbl,defmessages,CExprGlobals::sm_szDefMsgNames,DEFMSG_,attributes,837,SPELL_TARG_CONT,Can't cast a spell on this where it is,
tables/defmessages.tbl,defmessages,CExprGlobals::sm_szDefMsgNames,DEFMSG_,attributes,838,SPELL_TARG_DEAD,You can't cast a spell on a dead character.,
tables/defmessages.tbl,defmessages,CExprGlobals::sm_szDefMsgNames,DEFMSG_,attributes,839,SPELL_TARG_FIELDC,Can't target fields directly on a character.,
tables/defmessages.tbl,defmessages,CExprGlobals::sm_szDefMsgNames,DEFMSG_,attributes,840,SPELL_TARG_LOS,Target is not in line of sight,
tables/defmessages.tbl,defmessages,CExprGlobals::sm_szDefMsgNames,DEFMSG_,attributes,841,SPELL_TARG_NOEFFECT,This spell has no effect on objects,
tables/defmessages.tbl,defmessages,CExprGlobals::sm_szDefMsgNames,DEFMSG_,attributes,842,SPELL_TARG_NOTDEAD,You can't target an alive character with this spell.,
tables/defmessages.tbl,defmessages,CExprGlobals::sm_szDefMsgNames,DEFMSG_,attributes,843,SPELL_TARG_OBJ,This spell needs a target object,
tables/defmessages.tbl,defmessages,CExprGlobals::sm_szDefMsgNames,DEFMSG_,attributes,844,SPELL_TELE_AM,An anti-magic field blocks you,
tables/defmessages.tbl,defmessages,CExprGlobals::sm_szDefMsgNames,DEFMSG_,attributes,845,SPELL_TELE_CANT,You can't teleport to that spot.,
tables/defmessages.tbl,defmessages,CExprGlobals::sm_szDefMsgNames,DEFMSG_,attributes,846,SPELL_TELE_JAILED_1,You feel the world is punishing you.,
tables/defmessages.tbl,defmessages,CExprGlobals::sm_szDefMsgNames,DEFMSG_,attributes,847,SPELL_TELE_JAILED_2,You feel you should be ashamed of your actions.,
tables/defmessages.tbl,defmessages,CExprGlobals::sm_szDefMsgNames,DEFMSG_,attributes,848,SPELL_TRY_AM,An anti-magic field disturbs the spell.,
tables/defmessages.tbl,defmessages,CExprGlobals::sm_szDefMsgNames,DEFMSG_,attributes,849,SPELL_TRY_BUSYHANDS,Your hands must be free to cast spells or meditate.,
tables/defmessages.tbl,defmessages,CExprGlobals::sm_szDefMsgNames,DEFMSG_,attributes,850,SPELL_TRY_DEAD,This is beyond your ability.,
tables/defmessages.tbl,defmessages,CExprGlobals::sm_szDefMsgNames,DEFMSG_,attributes,851,SPELL_TRY_FROZENHANDS,You cannot cast spells while your hands are frozen.,
tables/defmessages.tbl,defmessages,CExprGlobals::sm_szDefMsgNames,DEFMSG_,attributes,852,SPELL_TRY_NOBOOK,You don't have a spellbook handy.,
tables/defmessages.tbl,defmessages,CExprGlobals::sm_szDefMsgNames,DEFMSG_,attributes,853,SPELL_TRY_NOMANA,You lack sufficient mana for this spell,
tables/defmessages.tbl,defmessages,CExprGlobals::sm_szDefMsgNames,DEFMSG_,attributes,854,SPELL_TRY_NOTITHING,You must have at least %d Tithing Points to use this ability,
tables/defmessages.tbl,defmessages,CExprGlobals::sm_szDefMsgNames,DEFMSG_,attributes,855,SPELL_TRY_NOREGS,You lack %s for this spell,
tables/defmessages.tbl,defmessages,CExprGlobals::sm_szDefMsgNames,DEFMSG_,attributes,856,SPELL_TRY_NOTYOURBOOK,The spell is not in your spellbook.,
tables/defmessages.tbl,defmessages,CExprGlobals::sm_szDefMsgNames,DEFMSG_,attributes,857,SPELL_TRY_THEREG,reagents,
tables/defmessages.tbl,defmessages,CExprGlobals::sm_szDefMsgNames,DEFMSG_,attributes,858,SPELL_WAND_NOCHARGE,It seems to be out of charges,
tables/defmessages.tbl,defmessages,CExprGlobals::sm_szDefMsgNames,DEFMSG_,attributes,859,SPELL_YOUFEEL,You feel %s,
tables/defmessages.tbl,defmessages,CExprGlobals::sm_szDefMsgNames,DEFMSG_,attributes,860,SPIRITSPEAK_SUCCESS,You establish a connection to the netherworld.,
tables/defmessages.tbl,defmessages,CExprGlobals::sm_szDefMsgNames,DEFMSG_,attributes,861,STEALING_CORPSE,You can't steal from corpses,
tables/defmessages.tbl,defmessages,CExprGlobals::sm_szDefMsgNames,DEFMSG_,attributes,862,STEALING_EMPTY,They have nothing to steal,
tables/defmessages.tbl,defmessages,CExprGlobals::sm_szDefMsgNames,DEFMSG_,attributes,863,STEALING_GAMEBOARD,You can't steal from game boards,
tables/defmessages.tbl,defmessages,CExprGlobals::sm_szDefMsgNames,DEFMSG_,attributes,864,STEALING_HEAVY,That is too heavy.,
tables/defmessages.tbl,defmessages,CExprGlobals::sm_szDefMsgNames,DEFMSG_,attributes,865,STEALING_MARK,Your mark is too far away.,
tables/defmessages.tbl,defmessages,CExprGlobals::sm_szDefMsgNames,DEFMSG_,attributes,866,STEALING_NONEED,No need to steal this,
tables/defmessages.tbl,defmessages,CExprGlobals::sm_szDefMsgNames,DEFMSG_,attributes,867,STEALING_NOTHING,Nothing to steal here.,
tables/defmessages.tbl,defmessages,CExprGlobals::sm_szDefMsgNames,DEFMSG_,attributes,868,STEALING_PICKPOCKET,Just dclick this to practice stealing,
tables/defmessages.tbl,defmessages,CExprGlobals::sm_szDefMsgNames,DEFMSG_,attributes,869,STEALING_REACH,You can't reach it.,
tables/defmessages.tbl,defmessages,CExprGlobals::sm_szDefMsgNames,DEFMSG_,attributes,870,STEALING_SAFE,Can't harm other players here.,
tables/defmessages.tbl,defmessages,CExprGlobals::sm_szDefMsgNames,DEFMSG_,attributes,871,STEALING_SOMEONE,stealing,
tables/defmessages.tbl,defmessages,CExprGlobals::sm_szDefMsgNames,DEFMSG_,attributes,872,STEALING_STOP,No stealing is possible here.,
tables/defmessages.tbl,defmessages,CExprGlobals::sm_szDefMsgNames,DEFMSG_,attributes,873,STEALING_TRADE,You can't steal from trade windows,
tables/defmessages.tbl,defmessages,CExprGlobals::sm_szDefMsgNames,DEFMSG_,attributes,874,STEALING_YOUR,attempting to steal,
tables/defmessages.tbl,defmessages,CExprGlobals::sm_szDefMsgNames,DEFMSG_,attributes,875,TAMING_1,I won't hurt you.,
tables/defmessages.tbl,defmessages,CExprGlobals::sm_szDefMsgNames,DEFMSG_,attributes,876,TAMING_2,I always wanted a %s like you,
tables/defmessages.tbl,defmessages,CExprGlobals::sm_szDefMsgNames,DEFMSG_,attributes,877,TAMING_3,Good %s,
tables/defmessages.tbl,defmessages,CExprGlobals::sm_szDefMsgNames,DEFMSG_,attributes,878,TAMING_4,Here %s,
tables/defmessages.tbl,defmessages,CExprGlobals::sm_szDefMsgNames,DEFMSG_,attributes,879,TAMING_CANT,You can't tame them.,
tables/defmessages.tbl,defmessages,CExprGlobals::sm_szDefMsgNames,DEFMSG_,attributes,880,TAMING_LOS,You can not see the creature.,
tables/defmessages.tbl,defmessages,CExprGlobals::sm_szDefMsgNames,DEFMSG_,attributes,881,TAMING_REACH,You are too far away.,
tables/defmessages.tbl,defmessages,CExprGlobals::sm_szDefMsgNames,DEFMSG_,attributes,882,TAMING_REMEMBER,The %s remembers you and accepts you once more as it's master.,
tables/defmessages.tbl,defmessages,CExprGlobals::sm_szDefMsgNames,DEFMSG_,attributes,883,TAMING_SUCCESS,It seems to accept you as master,
tables/defmessages.tbl,defmessages,CExprGlobals::sm_szDefMsgNames,DEFMSG_,attributes,884,TAMING_TAME,%s is already tame.,
tables/defmessages.tbl,defmessages,CExprGlobals::sm_szDefMsgNames,DEFMSG_,attributes,885,TAMING_TAMED,%s cannot be tamed.,
tables/defmessages.tbl,defmessages,CExprGlobals::sm_szDefMsgNames,DEFMSG_,attributes,886,TAMING_YMASTER,You are your own master.,
tables/defmessages.tbl,defmessages,CExprGlobals::sm_szDefMsgNames,DEFMSG_,attributes,887,TARGET_PROMT,What do you want to use this on?,
tables/defmessages.tbl,defmessages,CExprGlobals::sm_szDefMsgNames,DEFMSG_,attributes,888,TARGET_COMMAND,Select object to set/command '%s'.,
tables/defmessages.tbl,defmessages,CExprGlobals::sm_szDefMsgNames,DEFMSG_,attributes,889,TASTEID_CHAR,Try tasting some item.,
tables/defmessages.tbl,defmessages,CExprGlobals::sm_szDefMsgNames,DEFMSG_,attributes,890,TASTEID_RESULT,It tastes like %s.,
tables/defmessages.tbl,defmessages,CExprGlobals::sm_szDefMsgNames,DEFMSG_,attributes,891,TASTEID_SELF,Yummy!,
tables/defmessages.tbl,defmessages,CExprGlobals::sm_szDefMsgNames,DEFMSG_,attributes,892,TASTEID_UNABLE,You can't use this.,
tables/defmessages.tbl,defmessages,CExprGlobals::sm_szDefMsgNames,DEFMSG_,attributes,893,TOO_MANY_ITEMS,Too many items here!,
tables/defmessages.tbl,defmessages,CExprGlobals::sm_szDefMsgNames,DEFMSG_,attributes,894,TRACKING_SKILLMENU_TITLE,Tracking,
tables/defmessages.tbl,defmessages,CExprGlobals::sm_szDefMsgNames,DEFMSG_,attributes,895,TRACKING_SKILLMENU_ANIMALS,Animals,
tables/defmessages.tbl,defmessages,CExprGlobals::sm_szDefMsgNames,DEFMSG_,attributes,896,TRACKING_SKILLMENU_MONSTERS,Monsters,
tables/defmessages.tbl,defmessages,CExprGlobals::sm_szDefMsgNames,DEFMSG_,attributes,897,TRACKING_SKILLMENU_HUMANS,Humans,
tables/defmessages.tbl,defmessages,CExprGlobals::sm_szDefMsgNames,DEFMSG_,attributes,898,TRACKING_SKILLMENU_PLAYERS,Players,
tables/defmessages.tbl,defmessages,CExprGlobals::sm_szDefMsgNames,DEFMSG_,attributes,899,TRACKING_CANCEL,Tracking Cancelled,
tables/defmessages.tbl,defmessages,CExprGlobals::sm_szDefMsgNames,DEFMSG_,attributes,900,TRACKING_FAIL_ANIMAL,You see no evidence of animals in the area.,
tables/defmessages.tbl,defmessages,CExprGlobals::sm_szDefMsgNames,DEFMSG_,attributes,901,TRACKING_FAIL_MONSTER,You see no evidence of creatures in the area.,
tables/defmessages.tbl,defmessages,CExprGlobals::sm_szDefMsgNames,DEFMSG_,attributes,902,TRACKING_FAIL_HUMAN,You see no evidence of people in the area.,
tables/defmessages.tbl,defmessages,CExprGlobals::sm_szDefMsgNames,DEFMSG_,attributes,903,TRACKING_FAIL,You see no evidence of those in the area.,
tables/defmessages.tbl,defmessages,CExprGlobals::sm_szDefMsgNames,DEFMSG_,attributes,904,TRACKING_RESULT_0,%s is %s,
tables/defmessages.tbl,defmessages,CExprGlobals::sm_szDefMsgNames,DEFMSG_,attributes,905,TRACKING_RESULT_1,%s is near to the %s,
tables/defmessages.tbl,defmessages,CExprGlobals::sm_szDefMsgNames,DEFMSG_,attributes,906,TRACKING_RESULT_2,%s is to the %s,
tables/defmessages.tbl,defmessages,CExprGlobals::sm_szDefMsgNames,DEFMSG_,attributes,907,TRACKING_RESULT_3,%s is far to the %s,
tables/defmessages.tbl,defmessages,CExprGlobals::sm_szDefMsgNames,DEFMSG_,attributes,908,TRACKING_RESULT_4,%s is very far to the %s,
tables/defmessages.tbl,defmessages,CExprGlobals::sm_szDefMsgNames,DEFMSG_,attributes,909,TRACKING_RESULT_DISC, disconnected,
tables/defmessages.tbl,defmessages,CExprGlobals::sm_szDefMsgNames,DEFMSG_,attributes,910,TRACKING_UNABLE,You cannot locate your target,
tables/defmessages.tbl,defmessages,CExprGlobals::sm_szDefMsgNames,DEFMSG_,attributes,911,TRACKING_END,You have lost your quarry,
tables/defmessages.tbl,defmessages,CExprGlobals::sm_szDefMsgNames,DEFMSG_,attributes,912,RUNE_TO,a recall rune for ,
tables/defmessages.tbl,defmessages,CExprGlobals::sm_szDefMsgNames,DEFMSG_,attributes,913,RUNE_LOCATION_UNK,an unknown location,
tables/defmessages.tbl,defmessages,CExprGlobals::sm_szDefMsgNames,DEFMSG_,attributes,914,KEY_TO,Key to: ,
tables/defmessages.tbl,defmessages,CExprGlobals::sm_szDefMsgNames,DEFMSG_,attributes,915,STONE_FOR,Stone for the ,
tables/defmessages.tbl,defmessages,CExprGlobals::sm_szDefMsgNames,DEFMSG_,attributes,916,RUNE_NAME,Rune,
tables/defmessages.tbl,defmessages,CExprGlobals::sm_szDefMsgNames,DEFMSG_,attributes,917,KEY_NAME,Key,
tables/defmessages.tbl,defmessages,CExprGlobals::sm_szDefMsgNames,DEFMSG_,attributes,918,STONE_NAME,Stone,
tables/defmessages.tbl,defmessages,CExprGlobals::sm_szDefMsgNames,DEFMSG_,attributes,919,HL_NO_CLIENT,Currently there are no clients online,
tables/defmessages.tbl,defmessages,CExprGlobals::sm_szDefMsgNames,DEFMSG_,attributes,920,HL_ONE_CLIENT,One client is online:,
tables/defmessages.tbl,defmessages,CExprGlobals::sm_szDefMsgNames,DEFMSG_,attributes,921,HL_MANY_CLIENTS,The number of clients online is,
tables/defmessages.tbl,defmessages,CExprGlobals::sm_szDefMsgNames,DEFMSG_,attributes,922,SKILLTITLE_NEOPHYTE,Neophyte,
tables/defmessages.tbl,defmessages,CExprGlobals::sm_szDefMsgNames,DEFMSG_,attributes,923,SKILLTITLE_NOVICE,Novice,
tables/defmessages.tbl,defmessages,CExprGlobals::sm_szDefMsgNames,DEFMSG_,attributes,924,SKILLTITLE_APPRENTICE,Apprentice,
tables/defmessages.tbl,defmessages,CExprGlobals::sm_szDefMsgNames,DEFMSG_,attributes,925,SKILLTITLE_JOURNEYMAN,Journeyman,
tables/defmessages.tbl,defmessages,CExprGlobals::sm_szDefMsgNames,DEFMSG_,attributes,926,SKILLTITLE_EXPERT,Expert,
tables/defmessages.tbl,defmessages,CExprGlobals::sm_szDefMsgNames,DEFMSG_,attributes,927,SKILLTITLE_ADEPT,Adept,
tables/defmessages.tbl,defmessages,CExprGlobals::sm_szDefMsgNames,DEFMSG_,attributes,928,SKILLTITLE_MASTER,Master,
tables/defmessages.tbl,defmessages,CExprGlobals::sm_szDefMsgNames,DEFMSG_,attributes,929,SKILLTITLE_GRANDMASTER,Grandmaster,
tables/defmessages.tbl,defmessages,CExprGlobals::sm_szDefMsgNames,DEFMSG_,attributes,930,SKILLTITLE_ELDER,Elder,
tables/defmessages.tbl,defmessages,CExprGlobals::sm_szDefMsgNames,DEFMSG_,attributes,931,SKILLTITLE_ELDER_BUSHIDO,Tatsujin,
tables/defmessages.tbl,defmessages,CExprGlobals::sm_szDefMsgNames,DEFMSG_,attributes,932,SKILLTITLE_ELDER_NINJITSU,Shinobi,
tables/defmessages.tbl,defmessages,CExprGlobals::sm_szDefMsgNames,DEFMSG_,attributes,933,SKILLTITLE_LEGENDARY,Legendary,
tables/defmessages.tbl,defmessages,CExprGlobals::sm_szDefMsgNames,DEFMSG_,attributes,934,SKILLTITLE_LEGENDARY_BUSHIDO,Kengo,
tables/defmessages.tbl,defmessages,CExprGlobals::sm_szDefMsgNames,DEFMSG_,attributes,935,SKILLTITLE_LEGENDARY_NINJITSU,Ka-ge,
tables/defmessages.tbl,defmessages,CExprGlobals::sm_szDefMsgNames,DEFMSG_,attributes,936,TARGET_CANCEL_1,Targeting cancelled.,
tables/defmessages.tbl,defmessages,CExprGlobals::sm_szDefMsgNames,DEFMSG_,attributes,937,TARGET_CANCEL_2,Previous targeting cancelled.,
tables/defmessages.tbl,defmessages,CExprGlobals::sm_szDefMsgNames,DEFMSG_,attributes,938,WHERE_TO_SUMMON,Where would you like to summon the,
tables/defmessages.tbl,defmessages,CExprGlobals::sm_szDefMsgNames,DEFMSG_,attributes,939,WHERE_TO_PLACE,Where would you like to place the,
tables/defmessages.tbl,defmessages,CExprGlobals::sm_szDefMsgNames,DEFMSG_,attributes,940,USE_SPYGLASS_LAND,You see land to the,
tables/defmessages.tbl,defmessages,CExprGlobals::sm_szDefMsgNames,DEFMSG_,attributes,941,USE_SPYGLASS_DARK,There isn't enough sun light to see land!,
tables/defmessages.tbl,defmessages,CExprGlobals::sm_szDefMsgNames,DEFMSG_,attributes,942,USE_SPYGLASS_WEATHER,The weather is too rough to make out any land!,
tables/defmessages.tbl,defmessages,CExprGlobals::sm_szDefMsgNames,DEFMSG_,attributes,943,USE_SPYGLASS_NO_LAND,You can't see any land.,
tables/defmessages.tbl,defmessages,CExprGlobals::sm_szDefMsgNames,DEFMSG_,attributes,944,CONSOLE_NO_ADMIN,Sorry you don't have admin level access,
tables/defmessages.tbl,defmessages,CExprGlobals::sm_szDefMsgNames,DEFMSG_,attributes,945,CONSOLE_WELCOME_2,Welcome to the Remote Admin Console,
tables/defmessages.tbl,defmessages,CExprGlobals::sm_szDefMsgNames,DEFMSG_,attributes,946,CONSOLE_WELCOME_1,Welcome to,
tables/defmessages.tbl,defmessages,CExprGlobals::sm_szDefMsgNames,DEFMSG_,attributes,947,CONSOLE_NOT_PRIV,This account does not exist or is not privileged to log in via telnet.,
tables/defmessages.tbl,defmessages,CExprGlobals::sm_szDefMsgNames,DEFMSG_,attributes,948,MAP_IS_BLANK,This map is blank.,
tables/defmessages.tbl,defmessages,CExprGlobals::sm_szDefMsgNames,DEFMSG_,attributes,949,GAINRADIUS_NOT_MET,This action was so easy that it will not improve your skill.,
tables/defmessages.tbl,defmessages,CExprGlobals::sm_szDefMsgNames,DEFMSG_,attributes,950,DRINK_FULL,You are way too stuffed to drink this now.,
tables/defmessages.tbl,defmessages,CExprGlobals::sm_szDefMsgNames,DEFMSG_,attributes,951,TITLE_OWNER,Owner ,
tables/defmessages.tbl,defmessages,CExprGlobals::sm_szDefMsgNames,DEFMSG_,attributes,952,TITLE_ADMIN,Admin ,
tables/defmessages.tbl,defmessages,CExprGlobals::sm_szDefMsgNames,DEFMSG_,attributes,953,TITLE_DEV,Dev ,
tables/defmessages.tbl,defmessages,CExprGlobals::sm_szDefMsgNames,DEFMSG_,attributes,954,TITLE_GM,GM ,
tables/defmessages.tbl,defmessages,CExprGlobals::sm_szDefMsgNames,DEFMSG_,attributes,955,TITLE_SEER,Seer ,
tables/defmessages.tbl,defmessages,CExprGlobals::sm_szDefMsgNames,DEFMSG_,attributes,956,TITLE_COUNSEL,Counselor ,
tables/defmessages.tbl,defmessages,CExprGlobals::sm_szDefMsgNames,DEFMSG_,attributes,957,TITLE_LADY,Lady ,
tables/defmessages.tbl,defmessages,CExprGlobals::sm_szDefMsgNames,DEFMSG_,attributes,958,TITLE_LORD,Lord ,
tables/defmessages.tbl,defmessages,CExprGlobals::sm_szDefMsgNames,DEFMSG_,attributes,959,TITLE_MURDERER,Murderer,
tables/defmessages.tbl,defmessages,CExprGlobals::sm_szDefMsgNames,DEFMSG_,attributes,960,TITLE_CRIMINAL,Criminal,
tables/defmessages.tbl,defmessages,CExprGlobals::sm_szDefMsgNames,DEFMSG_,attributes,961,TITLE_ARTICLE_MALE,The ,
tables/defmessages.tbl,defmessages,CExprGlobals::sm_szDefMsgNames,DEFMSG_,attributes,962,TITLE_ARTICLE_FEMALE,The ,
tables/defmessages.tbl,defmessages,CExprGlobals::sm_szDefMsgNames,DEFMSG_,attributes,963,NOTO_KARMA,karma,
tables/defmessages.tbl,defmessages,CExprGlobals::sm_szDefMsgNames,DEFMSG_,attributes,964,NOTO_FAME,fame,
tables/defmessages.tbl,defmessages,CExprGlobals::sm_szDefMsgNames,DEFMSG_,attributes,965,MAP_DIR_0,North,
tables/defmessages.tbl,defmessages,CExprGlobals::sm_szDefMsgNames,DEFMSG_,attributes,966,MAP_DIR_1,North East,
tables/defmessages.tbl,defmessages,CExprGlobals::sm_szDefMsgNames,DEFMSG_,attributes,967,MAP_DIR_2,East,
tables/defmessages.tbl,defmessages,CExprGlobals::sm_szDefMsgNames,DEFMSG_,attributes,968,MAP_DIR_3,South East,
tables/defmessages.tbl,defmessages,CExprGlobals::sm_szDefMsgNames,DEFMSG_,attributes,969,MAP_DIR_4,South,
tables/defmessages.tbl,defmessages,CExprGlobals::sm_szDefMsgNames,DEFMSG_,attributes,970,MAP_DIR_5,South West,
tables/defmessages.tbl,defmessages,CExprGlobals::sm_szDefMsgNames,DEFMSG_,attributes,971,MAP_DIR_6,West,
tables/defmessages.tbl,defmessages,CExprGlobals::sm_szDefMsgNames,DEFMSG_,attributes,972,MAP_DIR_7,North West,
tables/defmessages.tbl,defmessages,CExprGlobals::sm_szDefMsgNames,DEFMSG_,attributes,973,MAP_DIR_8,Here,
tables/defmessages.tbl,defmessages,CExprGlobals::sm_szDefMsgNames,DEFMSG_,attributes,974,PEACEMAKING_IGNORE,is unaffected by your music,
tables/defmessages.tbl,defmessages,CExprGlobals::sm_szDefMsgNames,DEFMSG_,attributes,975,PEACEMAKING_DISOBEY,disobeys your music,
tables/defmessages.tbl,defmessages,CExprGlobals::sm_szDefMsgNames,DEFMSG_,attributes,976,ENTICEMENT_PLAYER,You cannot entice players this way.,
tables/defmessages.tbl,defmessages,CExprGlobals::sm_szDefMsgNames,DEFMSG_,attributes,977,ENTICEMENT_BATTLE,is preoccupired with thoughts of the battle,
tables/defmessages.tbl,defmessages,CExprGlobals::sm_szDefMsgNames,DEFMSG_,attributes,978,HERDING_PLAYER,seems being somehow annoyed by your action,
tables/defmessages.tbl,defmessages,CExprGlobals::sm_szDefMsgNames,DEFMSG_,attributes,979,HEALING_YOURSELF,yourself,
tables/defmessages.tbl,defmessages,CExprGlobals::sm_szDefMsgNames,DEFMSG_,attributes,980,PRONOUN_HE,he,
tables/defmessages.tbl,defmessages,CExprGlobals::sm_szDefMsgNames,DEFMSG_,attributes,981,PRONOUN_SHE,she,
tables/defmessages.tbl,defmessages,CExprGlobals::sm_szDefMsgNames,DEFMSG_,attributes,982,PRONOUN_IT,it,
tables/defmessages.tbl,defmessages,CExprGlobals::sm_szDefMsgNames,DEFMSG_,attributes,983,POSSESSPRONOUN_HIS,his,
tables/defmessages.tbl,defmessages,CExprGlobals::sm_szDefMsgNames,DEFMSG_,attributes,984,POSSESSPRONOUN_HER,her,
tables/defmessages.tbl,defmessages,CExprGlobals::sm_szDefMsgNames,DEFMSG_,attributes,985,POSSESSPRONOUN_ITS,it's,
tables/defmessages.tbl,defmessages,CExprGlobals::sm_szDefMsgNames,DEFMSG_,attributes,986,EQUIP_NOT_STRONG_ENOUGH,Not strong enough to equip,
tables/defmessages.tbl,defmessages,CExprGlobals::sm_szDefMsgNames,DEFMSG_,attributes,987,EQUIP_CANNOT,You can't equip this.,
tables/defmessages.tbl,defmessages,CExprGlobals::sm_szDefMsgNames,DEFMSG_,attributes,988,PET_HAPPY_UNAFFECTED,unaffected by hunger,
tables/defmessages.tbl,defmessages,CExprGlobals::sm_szDefMsgNames,DEFMSG_,attributes,989,TRADETITLE_ARTICLE_FEMALE,the,
tables/defmessages.tbl,defmessages,CExprGlobals::sm_szDefMsgNames,DEFMSG_,attributes,990,TRADETITLE_ARTICLE_MALE,the,
tables/defmessages.tbl,defmessages,CExprGlobals::sm_szDefMsgNames,DEFMSG_,attributes,991,CANTMOVE_DEAD,You can't reach anything in your state.,
tables/defmessages.tbl,defmessages,CExprGlobals::sm_szDefMsgNames,DEFMSG_,attributes,992,CANTMOVE_MULTI,It appears to be locked to the structure.,
tables/defmessages.tbl,defmessages,CExprGlobals::sm_szDefMsgNames,DEFMSG_,attributes,993,CANTMOVE_CURSED,appears to be cursed.,
tables/defmessages.tbl,defmessages,CExprGlobals::sm_szDefMsgNames,DEFMSG_,attributes,994,CROPS_NOT_RIPE,None of the crops are ripe enough.,
tables/defmessages.tbl,defmessages,CExprGlobals::sm_szDefMsgNames,DEFMSG_,attributes,995,CROPS_NO_FRUIT,The plant yields nothing useful.,
tables/defmessages.tbl,defmessages,CExprGlobals::sm_szDefMsgNames,DEFMSG_,attributes,996,UNLOCK_FAIL_DOOR,You failed to unlock the door.,
tables/defmessages.tbl,defmessages,CExprGlobals::sm_szDefMsgNames,DEFMSG_,attributes,997,UNLOCK_FAIL_CONT,You failed to unlock the container.,
tables/defmessages.tbl,defmessages,CExprGlobals::sm_szDefMsgNames,DEFMSG_,attributes,998,LOCK_PICK_CRIME,picking the locked,
tables/defmessages.tbl,defmessages,CExprGlobals::sm_szDefMsgNames,DEFMSG_,attributes,999,UNLOCK_CANT_GENERAL,You cannot unlock that!,
tables/defmessages.tbl,defmessages,CExprGlobals::sm_szDefMsgNames,DEFMSG_,attributes,1000,UNLOCK_CANT_THERE,You cannot unlock that where it is!,
tables/defmessages.tbl,defmessages,CExprGlobals::sm_szDefMsgNames,DEFMSG_,attributes,1001,LOCK_HAS_KEY,You have the key for this.,
tables/defmessages.tbl,defmessages,CExprGlobals::sm_szDefMsgNames,DEFMSG_,attributes,1002,UNLOCK_DOOR_NEEDS_KEY,This door can only be unlocked with a key.,
tables/defmessages.tbl,defmessages,CExprGlobals::sm_szDefMsgNames,DEFMSG_,attributes,1003,LOCK_ALREADY_IS,It is already locked.,
tables/defmessages.tbl,defmessages,CExprGlobals::sm_szDefMsgNames,DEFMSG_,attributes,1004,LOCK_UNLOCKEABLE,It is not really a lockable type object.,
tables/defmessages.tbl,defmessages,CExprGlobals::sm_szDefMsgNames,DEFMSG_,attributes,1005,LOCK_MAY_NOT,You may not lock this item,
tables/defmessages.tbl,defmessages,CExprGlobals::sm_szDefMsgNames,DEFMSG_,attributes,1006,LOCK_CONT_OK,You lock the container.,
tables/defmessages.tbl,defmessages,CExprGlobals::sm_szDefMsgNames,DEFMSG_,attributes,1007,LOCK_CONT_NO_KEY,You don't have the key to this container.,
tables/defmessages.tbl,defmessages,CExprGlobals::sm_szDefMsgNames,DEFMSG_,attributes,1008,LOCK_DOOR_OK,You lock the door.,
tables/defmessages.tbl,defmessages,CExprGlobals::sm_szDefMsgNames,DEFMSG_,attributes,1009,LOCK_DOOR_NO_KEY,You don't have the key to this door.,
tables/defmessages.tbl,defmessages,CExprGlobals::sm_szDefMsgNames,DEFMSG_,attributes,1010,LOCK_HOLD_OK,You lock the hold.,
tables/defmessages.tbl,defmessages,CExprGlobals::sm_szDefMsgNames,DEFMSG_,attributes,1011,LOCK_HOLD_NO_KEY,You don't have the key to this hold.,
tables/defmessages.tbl,defmessages,CExprGlobals::sm_szDefMsgNames,DEFMSG_,attributes,1012,LOCK_SHIP_OK,You lock the ship.,
tables/defmessages.tbl,defmessages,CExprGlobals::sm_szDefMsgNames,DEFMSG_,attributes,1013,LOCK_CAN_NOT,You cannot lock that!,
tables/defmessages.tbl,defmessages,CExprGlobals::sm_szDefMsgNames,DEFMSG_,attributes,1014,SHIP_PILOT_CANTABOARD,You cannot pilot a ship unless you are aboard it!,
tables/defmessages.tbl,defmessages,CExprGlobals::sm_szDefMsgNames,DEFMSG_,attributes,1015,SHIP_PILOT_CANTANCHOR,You must raise the anchor to pilot the ship.,
tables/defmessages.tbl,defmessages,CExprGlobals::sm_szDefMsgNames,DEFMSG_,attributes,1016,SHIP_PILOT_CANTFLYING,You cannot pilot a ship while flying!,
tables/defmessages.tbl,defmessages,CExprGlobals::sm_szDefMsgNames,DEFMSG_,attributes,1017,SHIP_PILOT_ON,You are now piloting this vessel.,
tables/defmessages.tbl,defmessages,CExprGlobals::sm_szDefMsgNames,DEFMSG_,attributes,1018,SHIP_PILOT_OFF,You are no longer piloting this vessel.,
tables/defmessages.tbl,defmessages,CExprGlobals::sm_szDefMsgNames,DEFMSG_,attributes,1019,SHIP_SEEN_SHIP_SINGLE,You can see a %s to the %s. ,
tables/defmessages.tbl,defmessages,CExprGlobals::sm_szDefMsgNames,DEFMSG_,attributes,1020,SHIP_SEEN_SHIP_MANY,"You see many ships, one is to the %s. ",
tables/defmessages.tbl,defmessages,CExprGlobals::sm_szDefMsgNames,DEFMSG_,attributes,1021,SHIP_SEEN_STH_DIR,You can see something floating in the water to the %s. ,
tables/defmessages.tbl,defmessages,CExprGlobals::sm_szDefMsgNames,DEFMSG_,attributes,1022,SHIP_SEEN_ITEM_DIR,You can see %s to the %s.,
tables/defmessages.tbl,defmessages,CExprGlobals::sm_szDefMsgNames,DEFMSG_,attributes,1023,SHIP_SEEN_ITEM_DIR_MANY,"You can see many things, one is to the %s. ",
tables/defmessages.tbl,defmessages,CExprGlobals::sm_szDefMsgNames,DEFMSG_,attributes,1024,SHIP_SEEN_SPECIAL_DIR,"You can see many things, one is %s to the %s. ",
tables/defmessages.tbl,defmessages,CExprGlobals::sm_szDefMsgNames,DEFMSG_,attributes,1025,SHIP_SEEN_CREAT_SINGLE,You see a creature to the %s,
tables/defmessages.tbl,defmessages,CExprGlobals::sm_szDefMsgNames,DEFMSG_,attributes,1026,SHIP_SEEN_CREAT_MANY,"You can see many creatures, one is to the %s.",
tables/defmessages.tbl,defmessages,CExprGlobals::sm_szDefMsgNames,DEFMSG_,attributes,1027,LIGHTSRC_BURN_OUT,burn out,
tables/defmessages.tbl,defmessages,CExprGlobals::sm_szDefMsgNames,DEFMSG_,attributes,1028,SELECT_LINK_ITEM,Select the item to link.,
tables/defmessages.tbl,defmessages,CExprGlobals::sm_szDefMsgNames,DEFMSG_,attributes,1029,SELECT_NUDGE_AREA,Select area to nudge.,
tables/defmessages.tbl,defmessages,CExprGlobals::sm_szDefMsgNames,DEFMSG_,attributes,1030,SELECT_NUKE_AREA,Select area to Nuke,
tables/defmessages.tbl,defmessages,CExprGlobals::sm_szDefMsgNames,DEFMSG_,attributes,1031,SELECT_NUKE_CHAR_AREA,Select area to Nuke Chars,
tables/defmessages.tbl,defmessages,CExprGlobals::sm_szDefMsgNames,DEFMSG_,attributes,1032,SELECT_ITEM_REPAIR,What item do you want to repair?,
tables/defmessages.tbl,defmessages,CExprGlobals::sm_szDefMsgNames,DEFMSG_,attributes,1033,SELECT_ITEM_INFO,What would you like info on?,
tables/defmessages.tbl,defmessages,CExprGlobals::sm_szDefMsgNames,DEFMSG_,attributes,1034,SELECT_MULTI_POS,Where to place the extracted multi?,
tables/defmessages.tbl,defmessages,CExprGlobals::sm_szDefMsgNames,DEFMSG_,attributes,1035,UNEXTRACT_USAGE,Usage: UNEXTRACT filename.ext code,
tables/defmessages.tbl,defmessages,CExprGlobals::sm_szDefMsgNames,DEFMSG_,attributes,1036,EXTRACT_USAGE,Usage: EXTRACT filename.ext code,
tables/defmessages.tbl,defmessages,CExprGlobals::sm_szDefMsgNames,DEFMSG_,attributes,1037,SELECT_EXTRACT_AREA,Select area to Extract,
tables/defmessages.tbl,defmessages,CExprGlobals::sm_szDefMsgNames,DEFMSG_,attributes,1038,NO_BAD_SPAWNS,There are no found bad spawn points left.,
tables/defmessages.tbl,defmessages,CExprGlobals::sm_szDefMsgNames,DEFMSG_,attributes,1039,SELECT_MAGIC_TARGET,Select target...,
tables/defmessages.tbl,defmessages,CExprGlobals::sm_szDefMsgNames,DEFMSG_,attributes,1040,CANT_ADD_SPELLBOOK,Can't add this to the spellbook,
tables/defmessages.tbl,defmessages,CExprGlobals::sm_szDefMsgNames,DEFMSG_,attributes,1041,JUST_BEEN_POISONED,You have been poisoned!,
tables/defmessages.tbl,defmessages,CExprGlobals::sm_szDefMsgNames,DEFMSG_,attributes,1042,LOOT_CRIMINAL_ACT,Looting this corpse will be a criminal act!,
tables/defmessages.tbl,defmessages,CExprGlobals::sm_szDefMsgNames,DEFMSG_,attributes,1043,LOOT_RUMMAGE,*rummages through a corpse and takes an item*,
tables/defmessages.tbl,defmessages,CExprGlobals::sm_szDefMsgNames,DEFMSG_,attributes,1044,SELECT_POTION_TARGET,Where do you want to throw the potion?,
tables/defmessages.tbl,defmessages,CExprGlobals::sm_szDefMsgNames,DEFMSG_,attributes,1045,ITEM_IN_USE,The item is in use,
tables/defmessages.tbl,defmessages,CExprGlobals::sm_szDefMsgNames,DEFMSG_,attributes,1046,ITEMTITLE_UNHOLY,Unholy ,
tables/defmessages.tbl,defmessages,CExprGlobals::sm_szDefMsgNames,DEFMSG_,attributes,1047,ITEMTITLE_DAMNED,Damned ,
tables/defmessages.tbl,defmessages,CExprGlobals::sm_szDefMsgNames,DEFMSG_,attributes,1048,ITEMTITLE_CURSED,Cursed ,
tables/defmessages.tbl,defmessages,CExprGlobals::sm_szDefMsgNames,DEFMSG_,attributes,1049,ITEMTITLE_HOLY,Holy ,
tables/defmessages.tbl,defmessages,CExprGlobals::sm_szDefMsgNames,DEFMSG_,attributes,1050,ITEMTITLE_SACRED,Sacred ,
tables/defmessages.tbl,defmessages,CExprGlobals::sm_szDefMsgNames,DEFMSG_,attributes,1051,ITEMTITLE_BLESSED,Blessed ,
tables/defmessages.tbl,defmessages,CExprGlobals::sm_szDefMsgNames,DEFMSG_,attributes,1052,ITEMTITLE_MAGIC,Magic ,
tables/defmessages.tbl,defmessages,CExprGlobals::sm_szDefMsgNames,DEFMSG_,attributes,1053,ITEMTITLE_GUILDSTONE_FOR,Guildstone for ,
tables/defmessages.tbl,defmessages,CExprGlobals::sm_szDefMsgNames,DEFMSG_,attributes,1054,ITEMTITLE_TOWN_OF,Town of ,
tables/defmessages.tbl,defmessages,CExprGlobals::sm_szDefMsgNames,DEFMSG_,attributes,1055,ITEMTITLE_MEMORY_OF,Memory of ,
tables/defmessages.tbl,defmessages,CExprGlobals::sm_szDefMsgNames,DEFMSG_,attributes,1056,ITEMTITLE_SPAWN,Spawn ,
tables/defmessages.tbl,defmessages,CExprGlobals::sm_szDefMsgNames,DEFMSG_,attributes,1057,ITEMTITLE_BLANK,Blank ,
tables/defmessages.tbl,defmessages,CExprGlobals::sm_szDefMsgNames,DEFMSG_,attributes,1058,ITEMTITLE_FADED,Faded ,
tables/defmessages.tbl,defmessages,CExprGlobals::sm_szDefMsgNames,DEFMSG_,attributes,1059,ITEMTITLE_CHARGES,charges,
tables/defmessages.tbl,defmessages,CExprGlobals::sm_szDefMsgNames,DEFMSG_,attributes,1060,ITEMTITLE_STOLEN,stolen,
tables/defmessages.tbl,defmessages,CExprGlobals::sm_szDefMsgNames,DEFMSG_,attributes,1061,ITEMTITLE_STOLEN_FROM,stolen from,
tables/defmessages.tbl,defmessages,CExprGlobals::sm_szDefMsgNames,DEFMSG_,attributes,1062,CLOCK_HOUR_ZERO,midnight,
tables/defmessages.tbl,defmessages,CExprGlobals::sm_szDefMsgNames,DEFMSG_,attributes,1063,CLOCK_HOUR_ONE,one,
tables/defmessages.tbl,defmessages,CExprGlobals::sm_szDefMsgNames,DEFMSG_,attributes,1064,CLOCK_HOUR_TWO,two,
tables/defmessages.tbl,defmessages,CExprGlobals::sm_szDefMsgNames,DEFMSG_,attributes,1065,CLOCK_HOUR_THREE,three,
tables/defmessages.tbl,defmessages,CExprGlobals::sm_szDefMsgNames,DEFMSG_,attributes,1066,CLOCK_HOUR_FOUR,four,
tables/defmessages.tbl,defmessages,CExprGlobals::sm_szDefMsgNames,DEFMSG_,attributes,1067,CLOCK_HOUR_FIVE,five,
tables/defmessages.tbl,defmessages,CExprGlobals::sm_szDefMsgNames,DEFMSG_,attributes,1068,CLOCK_HOUR_SIX,six,
tables/defmessages.tbl,defmessages,CExprGlobals::sm_szDefMsgNames,DEFMSG_,attributes,1069,CLOCK_HOUR_SEVEN,seven,
tables/defmessages.tbl,defmessages,CExprGlobals::sm_szDefMsgNames,DEFMSG_,attributes,1070,CLOCK_HOUR_EIGHT,eight,
tables/defmessages.tbl,defmessages,CExprGlobals::sm_szDefMsgNames,DEFMSG_,attributes,1071,CLOCK_HOUR_NINE,nine,
tables/defmessages.tbl,defmessages,CExprGlobals::sm_szDefMsgNames,DEFMSG_,attributes,1072,CLOCK_HOUR_TEN,ten,
tables/defmessages.tbl,defmessages,CExprGlobals::sm_szDefMsgNames,DEFMSG_,attributes,1073,CLOCK_HOUR_ELEVEN,eleven,
tables/defmessages.tbl,defmessages,CExprGlobals::sm_szDefMsgNames,DEFMSG_,attributes,1074,CLOCK_HOUR_TWELVE,noon,
tables/defmessages.tbl,defmessages,CExprGlobals::sm_szDefMsgNames,DEFMSG_,attributes,1075,CLOCK_QUARTER_FIRST,,
tables/defmessages.tbl,defmessages,CExprGlobals::sm_szDefMsgNames,DEFMSG_,attributes,1076,CLOCK_QUARTER_SECOND,a quarter past,
tables/defmessages.tbl,defmessages,CExprGlobals::sm_szDefMsgNames,DEFMSG_,attributes,1077,CLOCK_QUARTER_THIRD,half past,
tables/defmessages.tbl,defmessages,CExprGlobals::sm_szDefMsgNames,DEFMSG_,attributes,1078,CLOCK_QUARTER_FOURTH,a quarter till,
tables/defmessages.tbl,defmessages,CExprGlobals::sm_szDefMsgNames,DEFMSG_,attributes,1079,CLOCK_13_TO_18,o'clock in the afternoon,
tables/defmessages.tbl,defmessages,CExprGlobals::sm_szDefMsgNames,DEFMSG_,attributes,1080,CLOCK_18_TO_21,o'clock in the evening,
tables/defmessages.tbl,defmessages,CExprGlobals::sm_szDefMsgNames,DEFMSG_,attributes,1081,CLOCK_21_TO_24,o'clock at night,
tables/defmessages.tbl,defmessages,CExprGlobals::sm_szDefMsgNames,DEFMSG_,attributes,1082,CLOCK_24_TO_12,o'clock in the morning,
tables/defmessages.tbl,defmessages,CExprGlobals::sm_szDefMsgNames,DEFMSG_,attributes,1083,CHARINFO_TAME, [tame],
tables/defmessages.tbl,defmessages,CExprGlobals::sm_szDefMsgNames,DEFMSG_,attributes,1084,CHARINFO_BONDED, [bonded],
tables/defmessages.tbl,defmessages,CExprGlobals::sm_szDefMsgNames,DEFMSG_,attributes,1085,CHARINFO_NPC, [npc],
tables/defmessages.tbl,defmessages,CExprGlobals::sm_szDefMsgNames,DEFMSG_,attributes,1086,CHARINFO_INVUL, [invul],
tables/defmessages.tbl,defmessages,CExprGlobals::sm_szDefMsgNames,DEFMSG_,attributes,1087,CHARINFO_STONE, [stone],
tables/defmessages.tbl,defmessages,CExprGlobals::sm_szDefMsgNames,DEFMSG_,attributes,1088,CHARINFO_FROZEN, [frozen],
tables/defmessages.tbl,defmessages,CExprGlobals::sm_szDefMsgNames,DEFMSG_,attributes,1089,CHARINFO_HIDDEN, [hidden],
tables/defmessages.tbl,defmessages,CExprGlobals::sm_szDefMsgNames,DEFMSG_,attributes,1090,CHARINFO_SLEEPING, [sleeping],
tables/defmessages.tbl,defmessages,CExprGlobals::sm_szDefMsgNames,DEFMSG_,attributes,1091,CHARINFO_HALLU, [hallu],
tables/defmessages.tbl,defmessages,CExprGlobals::sm_szDefMsgNames,DEFMSG_,attributes,1092,CHARINFO_SPAWN, [spawn],
tables/defmessages.tbl,defmessages,CExprGlobals::sm_szDefMsgNames,DEFMSG_,attributes,1093,CHARINFO_AFK, [afk],
tables/defmessages.tbl,defmessages,CExprGlobals::sm_szDefMsgNames,DEFMSG_,attributes,1094,CHARINFO_GUEST, [guest],
tables/defmessages.tbl,defmessages,CExprGlobals::sm_szDefMsgNames,DEFMSG_,attributes,1095,CHARINFO_JAILED, [jailed],
tables/defmessages.tbl,defmessages,CExprGlobals::sm_szDefMsgNames,DEFMSG_,attributes,1096,CHARINFO_LOGOUT, [logout],
tables/defmessages.tbl,defmessages,CExprGlobals::sm_szDefMsgNames,DEFMSG_,attributes,1097,CHARINFO_CRIMINAL, [criminal],
tables/defmessages.tbl,defmessages,CExprGlobals::sm_szDefMsgNames,DEFMSG_,attributes,1098,CHARINFO_SUMMONED, [summoned],
tables/defmessages.tbl,defmessages,CExprGlobals::sm_szDefMsgNames,DEFMSG_,attributes,1099,BOOK_AUTHOR_UNKNOWN,unknown,
tables/defmessages.tbl,defmessages,CExprGlobals::sm_szDefMsgNames,DEFMSG_,attributes,1100,GUILD_ALREADY_MEMBER,You are already a member of a guild. Resign first.,
tables/defmessages.tbl,defmessages,CExprGlobals::sm_szDefMsgNames,DEFMSG_,attributes,1101,TOOLTIP_TAG_NEWBIE,Newbie,
tables/defmessages.tbl,defmessages,CExprGlobals::sm_szDefMsgNames,DEFMSG_,attributes,1102,TOOLTIP_TAG_ARMOR,Armor,
tables/defmessages.tbl,defmessages,CExprGlobals::sm_szDefMsgNames,DEFMSG_,attributes,1103,TOOLTIP_TAG_DESTINATION,Destination,
tables/defmessages.tbl,defmessages,CExprGlobals::sm_szDefMsgNames,DEFMSG_,attributes,1104,LOOTING_CRIME,looting,
tables/defmessages.tbl,defmessages,CExprGlobals::sm_szDefMsgNames,DEFMSG_,attributes,1105,PROVOKING_CRIME,provoking,
tables/defmessages.tbl,defmessages,CExprGlobals::sm_szDefMsgNames,DEFMSG_,attributes,1106,PETSLOTS_TRY_CONTROL,You have too many followers to control that creature.,
tables/defmessages.tbl,defmessages,CExprGlobals::sm_szDefMsgNames,DEFMSG_,attributes,1107,PETSLOTS_TRY_TAMING,You have too many followers to tame that creature.,
tables/defmessages.tbl,defmessages,CExprGlobals::sm_szDefMsgNames,DEFMSG_,attributes,1108,PETSLOTS_TRY_SUMMON,You have too many followers to summon that creature.,
tables/defmessages.tbl,defmessages,CExprGlobals::sm_szDefMsgNames,DEFMSG_,attributes,1109,PETSLOTS_TRY_TRANSFER,The designated new owner have too many followers to control that creature.,
tables/defmessages.tbl,defmessages,CExprGlobals::sm_szDefMsgNames,DEFMSG_,attributes,1110,TILLER_NOTYOURSHIP,This is not your ship!,
tables/defmessages.tbl,defmessages,CExprGlobals::sm_szDefMsgNames,DEFMSG_,attributes,1111,TILLER_TURB_WATER,Turbulent waters Cap'n,
tables/defmessages.tbl,defmessages,CExprGlobals::sm_szDefMsgNames,DEFMSG_,attributes,1112,TILLER_STOPPED,We've stopped Cap'n,
tables/defmessages.tbl,defmessages,CExprGlobals::sm_szDefMsgNames,DEFMSG_,attributes,1113,TILLER_CANT_TURN,We cannot turn that way Cap'n,
tables/defmessages.tbl,defmessages,CExprGlobals::sm_szDefMsgNames,DEFMSG_,attributes,1114,TILLER_REPLY_1,Aye,
tables/defmessages.tbl,defmessages,CExprGlobals::sm_szDefMsgNames,DEFMSG_,attributes,1115,TILLER_REPLY_2,Aye Cap'n,
tables/defmessages.tbl,defmessages,CExprGlobals::sm_szDefMsgNames,DEFMSG_,attributes,1116,TILLER_REPLY_3,Aye <SEX Sir/Mam>,
tables/defmessages.tbl,defmessages,CExprGlobals::sm_szDefMsgNames,DEFMSG_,attributes,1117,TILLER_CONFIRM,As you command <SEX Sir/Mam>,
tables/defmessages.tbl,defmessages,CExprGlobals::sm_szDefMsgNames,DEFMSG_,attributes,1118,TILLER_DENY,Can't do that <SEX Sir/Mam,
tables/defmessages.tbl,defmessages,CExprGlobals::sm_szDefMsgNames,DEFMSG_,attributes,1119,TILLER_ANCHOR_IS_DOWN,The anchor is down <SEX Sir/Mam>!,
tables/defmessages.tbl,defmessages,CExprGlobals::sm_szDefMsgNames,DEFMSG_,attributes,1120,TILLER_ANCHOR_IS_ALL_UP,The anchor is already up <SEX Sir/Mam>,
tables/defmessages.tbl,defmessages,CExprGlobals::sm_szDefMsgNames,DEFMSG_,attributes,1121,TILLER_ANCHOR_IS_ALL_DOWN,The anchor is already down <SEX Sir/Mam>,
tables/defmessages.tbl,defmessages,CExprGlobals::sm_szDefMsgNames,DEFMSG_,attributes,1122,ITEM_DMG_DESTROYED,is destroyed,
tables/defmessages.tbl,defmessages,CExprGlobals::sm_szDefMsgNames,DEFMSG_,attributes,1123,ITEM_DMG_DAMAGE1,You damage %s's %s,
tables/defmessages.tbl,defmessages,CExprGlobals::sm_szDefMsgNames,DEFMSG_,attributes,1124,ITEM_DMG_DAMAGE2,You damage the %s,
tables/defmessages.tbl,defmessages,CExprGlobals::sm_szDefMsgNames,DEFMSG_,attributes,1125,ITEM_DMG_DAMAGE3,Your %s is damaged and looks %s,
tables/defmessages.tbl,defmessages,CExprGlobals::sm_szDefMsgNames,DEFMSG_,attributes,1126,ITEM_DMG_DAMAGE4,Your %s may have been damaged,
tables/defmessages.tbl,defmessages,CExprGlobals::sm_szDefMsgNames,DEFMSG_,attributes,1127,SKILLACT_USING,use,
tables/defmessages.tbl,defmessages,CExprGlobals::sm_szDefMsgNames,DEFMSG_,attributes,1128,SKILLACT_FOLLOWING,Following,
tables/defmessages.tbl,defmessages,CExprGlobals::sm_szDefMsgNames,DEFMSG_,attributes,1129,SKILLACT_STAYING,Staying,
tables/defmessages.tbl,defmessages,CExprGlobals::sm_szDefMsgNames,DEFMSG_,attributes,1130,SKILLACT_GOINGTO,Going To,
tables/defmessages.tbl,defmessages,CExprGlobals::sm_szDefMsgNames,DEFMSG_,attributes,1131,SKILLACT_WANDERING,Wandering,
tables/defmessages.tbl,defmessages,CExprGlobals::sm_szDefMsgNames,DEFMSG_,attributes,1132,SKILLACT_FLEEING,Fleeing,
tables/defmessages.tbl,defmessages,CExprGlobals::sm_szDefMsgNames,DEFMSG_,attributes,1133,SKILLACT_TALKING,Talking,
tables/defmessages.tbl,defmessages,CExprGlobals::sm_szDefMsgNames,DEFMSG_,attributes,1134,SKILLACT_TALKFOLLOW,TalkFollow,
tables/defmessages.tbl,defmessages,CExprGlobals::sm_szDefMsgNames,DEFMSG_,attributes,1135,SKILLACT_GUARDING,Guarding,
tables/defmessages.tbl,defmessages,CExprGlobals::sm_szDefMsgNames,DEFMSG_,attributes,1136,SKILLACT_GOINGHOME,Going Home,
tables/defmessages.tbl,defmessages,CExprGlobals::sm_szDefMsgNames,DEFMSG_,attributes,1137,SKILLACT_BREATHING,Breathing,
tables/defmessages.tbl,defmessages,CExprGlobals::sm_szDefMsgNames,DEFMSG_,attributes,1138,SKILLACT_THROWING,Throwing,
tables/defmessages.tbl,defmessages,CExprGlobals::sm_szDefMsgNames,DEFMSG_,attributes,1139,SKILLACT_LOOKING,Looking,
tables/defmessages.tbl,defmessages,CExprGlobals::sm_szDefMsgNames,DEFMSG_,attributes,1140,SKILLACT_TRAINING,Training,
tables/defmessages.tbl,defmessages,CExprGlobals::sm_szDefMsgNames,DEFMSG_,attributes,1141,SKILLACT_IDLING,Idling,
tables/defmessages.tbl,defmessages,CExprGlobals::sm_szDefMsgNames,DEFMSG_,attributes,1142,SKILLACT_NAPPING,Napping,
tables/defmessages.tbl,defmessages,CExprGlobals::sm_szDefMsgNames,DEFMSG_,attributes,1143,SKILLACT_RIDDEN,Ridden,
tables/defmessages.tbl,defmessages,CExprGlobals::sm_szDefMsgNames,DEFMSG_,attributes,1144,SKILLACT_SEARCHINGFOOD,Searching for Food,
tables/defmessages.tbl,defmessages,CExprGlobals::sm_szDefMsgNames,DEFMSG_,attributes,1145,SKILLACT_THINKING,Thinking,
tables/defmessages.tbl,defmessages,CExprGlobals::sm_szDefMsgNames,DEFMSG_,attributes,1146,SKILLACT_RUNNINGTO,Running To,
tables/defmessages.tbl,defmessages,CExprGlobals::sm_szDefMsgNames,DEFMSG_,attributes,1147,ITEMSTATUS_PERFECT,absolutely flawless,
tables/defmessages.tbl,defmessages,CExprGlobals::sm_szDefMsgNames,DEFMSG_,attributes,1148,ITEMSTATUS_FULL,in full repair,
tables/defmessages.tbl,defmessages,CExprGlobals::sm_szDefMsgNames,DEFMSG_,attributes,1149,ITEMSTATUS_SCRATCHED,a bit worn,
tables/defmessages.tbl,defmessages,CExprGlobals::sm_szDefMsgNames,DEFMSG_,attributes,1150,ITEMSTATUS_WELLWORN,well worn,
tables/defmessages.tbl,defmessages,CExprGlobals::sm_szDefMsgNames,DEFMSG_,attributes,1151,ITEMSTATUS_BADLY,badly damaged,
tables/defmessages.tbl,defmessages,CExprGlobals::sm_szDefMsgNames,DEFMSG_,attributes,1152,ITEMSTATUS_FALL_APART,about to fall apart,
tables/defmessages.tbl,defmessages,CExprGlobals::sm_szDefMsgNames,DEFMSG_,attributes,1153,WEB_BROWSER_START,Please wait for your web browser to start...,
tables/defmessages.tbl,defmessages,CExprGlobals::sm_szDefMsgNames,DEFMSG_,attributes,1154,WEB_NOEFFECT,You have no effect on the web,
tables/defmessages.tbl,defmessages,CExprGlobals::sm_szDefMsgNames,DEFMSG_,attributes,1155,WEB_DESTROY,You destroy the web,
tables/defmessages.tbl,defmessages,CExprGlobals::sm_szDefMsgNames,DEFMSG_,attributes,1156,WEB_WEAKEN,You weaken the web,
tables/defmessages.tbl,defmessages,CExprGlobals::sm_szDefMsgNames,DEFMSG_,attributes,1157,NUKED_ITEMS,Items Nuked!,
tables/defmessages.tbl,defmessages,CExprGlobals::sm_szDefMsgNames,DEFMSG_,attributes,1158,NUKED_CHARS,Chars Nuked!,
tables/defmessages.tbl,defmessages,CExprGlobals::sm_szDefMsgNames,DEFMSG_,attributes,1159,TILED_ITEMS,Items Created!,
tables/defmessages.tbl,defmessages,CExprGlobals::sm_szDefMsgNames,DEFMSG_,attributes,1160,NUDGED_OBJECTS,Objects Nudged!,
tables/defmessages.tbl,defmessages,CExprGlobals::sm_szDefMsgNames,DEFMSG_,attributes,1161,TILE_SAME_POINT,Thats the same point,
tables/defmessages.tbl,defmessages,CExprGlobals::sm_szDefMsgNames,DEFMSG_,attributes,1162,HOUSE_ADD_LIMIT,House redeeded. You already own the maximum number of houses permitable.,
tables/defmessages.tbl,defmessages,CExprGlobals::sm_szDefMsgNames,DEFMSG_,attributes,1163,DEED_NAME,Deed to a %s,
tables/defmessages.tbl,defmessages,CExprGlobals::sm_szDefMsgNames,DEFMSG_,attributes,1164,LOCATION_INVALID,That location is not valid.,
tables/triggers.tbl,triggers,kOrderedTrigsNames,TRIGGER_,triggers,0,AAAUNUSED,AAAUNUSED,
tables/triggers.tbl,triggers,kOrderedTrigsNames,TRIGGER_,triggers,1,ABORT,ABORT,
tables/triggers.tbl,triggers,kOrderedTrigsNames,TRIGGER_,triggers,2,ADDMULTI,ADDMULTI,
tables/triggers.tbl,triggers,kOrderedTrigsNames,TRIGGER_,triggers,3,ADDOBJ,ADDOBJ,
tables/triggers.tbl,triggers,kOrderedTrigsNames,TRIGGER_,triggers,4,ADDREDCANDLE,ADDREDCANDLE,
tables/triggers.tbl,triggers,kOrderedTrigsNames,TRIGGER_,triggers,5,ADDWHITECANDLE,ADDWHITECANDLE,
tables/triggers.tbl,triggers,kOrderedTrigsNames,TRIGGER_,triggers,6,AFKMODE,AFKMODE,
tables/triggers.tbl,triggers,kOrderedTrigsNames,TRIGGER_,triggers,7,AFTERCLICK,AFTERCLICK,
tables/triggers.tbl,triggers,kOrderedTrigsNames,TRIGGER_,triggers,8,ARROWQUEST_ADD,ARROWQUEST_ADD,
tables/triggers.tbl,triggers,kOrderedTrigsNames,TRIGGER_,triggers,9,ARROWQUEST_CLOSE,ARROWQUEST_CLOSE,
tables/triggers.tbl,triggers,kOrderedTrigsNames,TRIGGER_,triggers,10,ATTACK,ATTACK,
tables/triggers.tbl,triggers,kOrderedTrigsNames,TRIGGER_,triggers,11,BUY,BUY,
tables/triggers.tbl,triggers,kOrderedTrigsNames,TRIGGER_,triggers,12,CALLGUARDS,CALLGUARDS,
tables/triggers.tbl,triggers,kOrderedTrigsNames,TRIGGER_,triggers,13,CARVECORPSE,CARVECORPSE,
tables/triggers.tbl,triggers,kOrderedTrigsNames,TRIGGER_,triggers,14,CHARATTACK,CHARATTACK,
tables/triggers.tbl,triggers,kOrderedTrigsNames,TRIGGER_,triggers,15,CHARCLICK,CHARCLICK,
tables/triggers.tbl,triggers,kOrderedTrigsNames,TRIGGER_,triggers,16,CHARCLIENTTOOLTIP,CHARCLIENTTOOLTIP,
tables/triggers.tbl,triggers,kOrderedTrigsNames,TRIGGER_,triggers,17,CHARCLIENTTOOLTIP_AFTERDEFAULT,CHARCLIENTTOOLTIP_AFTERDEFAULT,
tables/triggers.tbl,triggers,kOrderedTrigsNames,TRIGGER_,triggers,18,CHARDCLICK,CHARDCLICK,
tables/triggers.tbl,triggers,kOrderedTrigsNames,TRIGGER_,triggers,19,CHARSHOVE,CHARSHOVE,
tables/triggers.tbl,triggers,kOrderedTrigsNames,TRIGGER_,triggers,20,CHARTRADEACCEPTED,CHARTRADEACCEPTED,
tables/triggers.tbl,triggers,kOrderedTrigsNames,TRIGGER_,triggers,21,CLICK,CLICK,
tables/triggers.tbl,triggers,kOrderedTrigsNames,TRIGGER_,triggers,22,CLIENTTOOLTIP,CLIENTTOOLTIP,
tables/triggers.tbl,triggers,kOrderedTrigsNames,TRIGGER_,triggers,23,CLIENTTOOLTIP_AFTERDEFAULT,CLIENTTOOLTIP_AFTERDEFAULT,
tables/triggers.tbl,triggers,kOrderedTrigsNames,TRIGGER_,triggers,24,CLIPERIODIC,CLIPERIODIC,
tables/triggers.tbl,triggers,kOrderedTrigsNames,TRIGGER_,triggers,25,COMBATADD,COMBATADD,
tables/triggers.tbl,triggers,kOrderedTrigsNames,TRIGGER_,triggers,26,COMBATDELETE,COMBATDELETE,
tables/triggers.tbl,triggers,kOrderedTrigsNames,TRIGGER_,triggers,27,COMBATEND,COMBATEND,
tables/triggers.tbl,triggers,kOrderedTrigsNames,TRIGGER_,triggers,28,COMBATSTART,COMBATSTART,
tables/triggers.tbl,triggers,kOrderedTrigsNames,TRIGGER_,triggers,29,COMPLETE,COMPLETE,
tables/triggers.tbl,triggers,kOrderedTrigsNames,TRIGGER_,triggers,30,CONTEXTMENUREQUEST,CONTEXTMENUREQUEST,
tables/triggers.tbl,triggers,kOrderedTrigsNames,TRIGGER_,triggers,31,CONTEXTMENUSELECT,CONTEXTMENUSELECT,
tables/triggers.tbl,triggers,kOrderedTrigsNames,TRIGGER_,triggers,32,CREATE,CREATE,
tables/triggers.tbl,triggers,kOrderedTrigsNames,TRIGGER_,triggers,33,CREATELOOT,CREATELOOT,
tables/triggers.tbl,triggers,kOrderedTrigsNames,TRIGGER_,triggers,34,CRIMINAL,CRIMINAL,
tables/triggers.tbl,triggers,kOrderedTrigsNames,TRIGGER_,triggers,35,DAMAGE,DAMAGE,
tables/triggers.tbl,triggers,kOrderedTrigsNames,TRIGGER_,triggers,36,DCLICK,DCLICK,
tables/triggers.tbl,triggers,kOrderedTrigsNames,TRIGGER_,triggers,37,DEATH,DEATH,
tables/triggers.tbl,triggers,kOrderedTrigsNames,TRIGGER_,triggers,38,DEATHCORPSE,DEATHCORPSE,
tables/triggers.tbl,triggers,kOrderedTrigsNames,TRIGGER_,triggers,39,DELMULTI,DELMULTI,
tables/triggers.tbl,triggers,kOrderedTrigsNames,TRIGGER_,triggers,40,DELOBJ,DELOBJ,
tables/triggers.tbl,triggers,kOrderedTrigsNames,TRIGGER_,triggers,41,DELREDCANDLE,DELREDCANDLE,
tables/triggers.tbl,triggers,kOrderedTrigsNames,TRIGGER_,triggers,42,DELWHITECANDLE,DELWHITECANDLE,
tables/triggers.tbl,triggers,kOrderedTrigsNames,TRIGGER_,triggers,43,DESTROY,DESTROY,
tables/triggers.tbl,triggers,kOrderedTrigsNames,TRIGGER_,triggers,44,DISMOUNT,DISMOUNT,
tables/triggers.tbl,triggers,kOrderedTrigsNames,TRIGGER_,triggers,45,DRINK,DRINK,
tables/triggers.tbl,triggers,kOrderedTrigsNames,TRIGGER_,triggers,46,DROPON_CHAR,DROPON_CHAR,
tables/triggers.tbl,triggers,kOrderedTrigsNames,TRIGGER_,triggers,47,DROPON_GROUND,DROPON_GROUND,
tables/triggers.tbl,triggers,kOrderedTrigsNames,TRIGGER_,triggers,48,DROPON_ITEM,DROPON_ITEM,
tables/triggers.tbl,triggers,kOrderedTrigsNames,TRIGGER_,triggers,49,DROPON_SELF,DROPON_SELF,
tables/triggers.tbl,triggers,kOrderedTrigsNames,TRIGGER_,triggers,50,DROPON_TRADE,DROPON_TRADE,
tables/triggers.tbl,triggers,kOrderedTrigsNames,TRIGGER_,triggers,51,DYE,DYE,
tables/triggers.tbl,triggers,kOrderedTrigsNames,TRIGGER_,triggers,52,EAT,EAT,
tables/triggers.tbl,triggers,kOrderedTrigsNames,TRIGGER_,triggers,53,EFFECT,EFFECT,
tables/triggers.tbl,triggers,kOrderedTrigsNames,TRIGGER_,triggers,54,EFFECTADD,EFFECTADD,
tables/triggers.tbl,triggers,kOrderedTrigsNames,TRIGGER_,triggers,55,EFFECTREMOVE,EFFECTREMOVE,
tables/triggers.tbl,triggers,kOrderedTrigsNames,TRIGGER_,triggers,56,EFFECTTICK,EFFECTTICK,
tables/triggers.tbl,triggers,kOrderedTrigsNames,TRIGGER_,triggers,57,ENTER,ENTER,
tables/triggers.tbl,triggers,kOrderedTrigsNames,TRIGGER_,triggers,58,ENVIRONCHANGE,ENVIRONCHANGE,
tables/triggers.tbl,triggers,kOrderedTrigsNames,TRIGGER_,triggers,59,EQUIP,EQUIP,
tables/triggers.tbl,triggers,kOrderedTrigsNames,TRIGGER_,triggers,60,EQUIPTEST,EQUIPTEST,
tables/triggers.tbl,triggers,kOrderedTrigsNames,TRIGGER_,triggers,61,EXIT,EXIT,
tables/triggers.tbl,triggers,kOrderedTrigsNames,TRIGGER_,triggers,62,EXPCHANGE,EXPCHANGE,
tables/triggers.tbl,triggers,kOrderedTrigsNames,TRIGGER_,triggers,63,EXPLEVELCHANGE,EXPLEVELCHANGE,
tables/triggers.tbl,triggers,kOrderedTrigsNames,TRIGGER_,triggers,64,FAIL,FAIL,
tables/triggers.tbl,triggers,kOrderedTrigsNames,TRIGGER_,triggers,65,FALLING,FALLING,
tables/triggers.tbl,triggers,kOrderedTrigsNames,TRIGGER_,triggers,66,FAMECHANGE,FAMECHANGE,
tables/triggers.tbl,triggers,kOrderedTrigsNames,TRIGGER_,triggers,67,FOLLOWERSUPDATE,FOLLOWERSUPDATE,
tables/triggers.tbl,triggers,kOrderedTrigsNames,TRIGGER_,triggers,68,GAIN,GAIN,
tables/triggers.tbl,triggers,kOrderedTrigsNames,TRIGGER_,triggers,69,GETHIT,GETHIT,
tables/triggers.tbl,triggers,kOrderedTrigsNames,TRIGGER_,triggers,70,HIT,HIT,
tables/triggers.tbl,triggers,kOrderedTrigsNames,TRIGGER_,triggers,71,HITCHECK,HITCHECK,
tables/triggers.tbl,triggers,kOrderedTrigsNames,TRIGGER_,triggers,72,HITIGNORE,HITIGNORE,
tables/triggers.tbl,triggers,kOrderedTrigsNames,TRIGGER_,triggers,73,HITMISS,HITMISS,
tables/triggers.tbl,triggers,kOrderedTrigsNames,TRIGGER_,triggers,74,HITPARRY,HITPARRY,
tables/triggers.tbl,triggers,kOrderedTrigsNames,TRIGGER_,triggers,75,HITREACTIVE,HITREACTIVE,
tables/triggers.tbl,triggers,kOrderedTrigsNames,TRIGGER_,triggers,76,HITTRY,HITTRY,
tables/triggers.tbl,triggers,kOrderedTrigsNames,TRIGGER_,triggers,77,HOUSEDESIGNBEGIN,HOUSEDESIGNBEGIN,
tables/triggers.tbl,triggers,kOrderedTrigsNames,TRIGGER_,triggers,78,HOUSEDESIGNCOMMIT,HOUSEDESIGNCOMMIT,
tables/triggers.tbl,triggers,kOrderedTrigsNames,TRIGGER_,triggers,79,HOUSEDESIGNCOMMITITEM,HOUSEDESIGNCOMMITITEM,
tables/triggers.tbl,triggers,kOrderedTrigsNames,TRIGGER_,triggers,80,HOUSEDESIGNEXIT,HOUSEDESIGNEXIT,
tables/triggers.tbl,triggers,kOrderedTrigsNames,TRIGGER_,triggers,81,ITEMAFTERCLICK,ITEMAFTERCLICK,
tables/triggers.tbl,triggers,kOrderedTrigsNames,TRIGGER_,triggers,82,ITEMBUY,ITEMBUY,
tables/triggers.tbl,triggers,kOrderedTrigsNames,TRIGGER_,triggers,83,ITEMCARVECORPSE,ITEMCARVECORPSE,
tables/triggers.tbl,triggers,kOrderedTrigsNames,TRIGGER_,triggers,84,ITEMCLICK,ITEMCLICK,
tables/triggers.tbl,triggers,kOrderedTrigsNames,TRIGGER_,triggers,85,ITEMCLIENTTOOLTIP,ITEMCLIENTTOOLTIP,
tables/triggers.tbl,triggers,kOrderedTrigsNames,TRIGGER_,triggers,86,ITEMCLIENTTOOLTIP_AFTERDEFAULT,ITEMCLIENTTOOLTIP_AFTERDEFAULT,
tables/triggers.tbl,triggers,kOrderedTrigsNames,TRIGGER_,triggers,87,ITEMCONTEXTMENUREQUEST,ITEMCONTEXTMENUREQUEST,
tables/triggers.tbl,triggers,kOrderedTrigsNames,TRIGGER_,triggers,88,ITEMCONTEXTMENUSELECT,ITEMCONTEXTMENUSELECT,
tables/triggers.tbl,triggers,kOrderedTrigsNames,TRIGGER_,triggers,89,ITEMCREATE,ITEMCREATE,
tables/triggers.tbl,triggers,kOrderedTrigsNames,TRIGGER_,triggers,90,ITEMDAMAGE,ITEMDAMAGE,
tables/triggers.tbl,triggers,kOrderedTrigsNames,TRIGGER_,triggers,91,ITEMDCLICK,ITEMDCLICK,
tables/triggers.tbl,triggers,kOrderedTrigsNames,TRIGGER_,triggers,92,ITEMDESTROY,ITEMDESTROY,
tables/triggers.tbl,triggers,kOrderedTrigsNames,TRIGGER_,triggers,93,ITEMDROPON_CHAR,ITEMDROPON_CHAR,
tables/triggers.tbl,triggers,kOrderedTrigsNames,TRIGGER_,triggers,94,ITEMDROPON_GROUND,ITEMDROPON_GROUND,
tables/triggers.tbl,triggers,kOrderedTrigsNames,TRIGGER_,triggers,95,ITEMDROPON_ITEM,ITEMDROPON_ITEM,
tables/triggers.tbl,triggers,kOrderedTrigsNames,TRIGGER_,triggers,96,ITEMDROPON_SELF,ITEMDROPON_SELF,
tables/triggers.tbl,triggers,kOrderedTrigsNames,TRIGGER_,triggers,97,ITEMDROPON_TRADE,ITEMDROPON_TRADE,
tables/triggers.tbl,triggers,kOrderedTrigsNames,TRIGGER_,triggers,98,ITEMEQUIP,ITEMEQUIP,
tables/triggers.tbl,triggers,kOrderedTrigsNames,TRIGGER_,triggers,99,ITEMEQUIPTEST,ITEMEQUIPTEST,
tables/triggers.tbl,triggers,kOrderedTrigsNames,TRIGGER_,triggers,100,ITEMFIRE,ITEMFIRE,
tables/triggers.tbl,triggers,kOrderedTrigsNames,TRIGGER_,triggers,101,ITEMMEMORYEQUIP,ITEMMEMORYEQUIP,
tables/triggers.tbl,triggers,kOrderedTrigsNames,TRIGGER_,triggers,102,ITEMPICKUP_GROUND,ITEMPICKUP_GROUND,
tables/triggers.tbl,triggers,kOrderedTrigsNames,TRIGGER_,triggers,103,ITEMPICKUP_PACK,ITEMPICKUP_PACK,
tables/triggers.tbl,triggers,kOrderedTrigsNames,TRIGGER_,triggers,104,ITEMPICKUP_SELF,ITEMPICKUP_SELF,
tables/triggers.tbl,triggers,kOrderedTrigsNames,TRIGGER_,triggers,105,ITEMPICKUP_STACK,ITEMPICKUP_STACK,
tables/triggers.tbl,triggers,kOrderedTrigsNames,TRIGGER_,triggers,106,ITEMSELL,ITEMSELL,
tables/triggers.tbl,triggers,kOrderedTrigsNames,TRIGGER_,triggers,107,ITEMSMELT,ITEMSMELT,
tables/triggers.tbl,triggers,kOrderedTrigsNames,TRIGGER_,triggers,108,ITEMSPELL,ITEMSPELL,
tables/triggers.tbl,triggers,kOrderedTrigsNames,TRIGGER_,triggers,109,ITEMSTEP,ITEMSTEP,
tables/triggers.tbl,triggers,kOrderedTrigsNames,TRIGGER_,triggers,110,ITEMTARGON_CANCEL,ITEMTARGON_CANCEL,
tables/triggers.tbl,triggers,kOrderedTrigsNames,TRIGGER_,triggers,111,ITEMTARGON_CHAR,ITEMTARGON_CHAR,
tables/triggers.tbl,triggers,kOrderedTrigsNames,TRIGGER_,triggers,112,ITEMTARGON_GROUND,ITEMTARGON_GROUND,
tables/triggers.tbl,triggers,kOrderedTrigsNames,TRIGGER_,triggers,113,ITEMTARGON_ITEM,ITEMTARGON_ITEM,
tables/triggers.tbl,triggers,kOrderedTrigsNames,TRIGGER_,triggers,114,ITEMTIMER,ITEMTIMER,
tables/triggers.tbl,triggers,kOrderedTrigsNames,TRIGGER_,triggers,115,ITEMTOOLTIP,ITEMTOOLTIP,
tables/triggers.tbl,triggers,kOrderedTrigsNames,TRIGGER_,triggers,116,ITEMUNEQUIP,ITEMUNEQUIP,
tables/triggers.tbl,triggers,kOrderedTrigsNames,TRIGGER_,triggers,117,JAILED,JAILED,
tables/triggers.tbl,triggers,kOrderedTrigsNames,TRIGGER_,triggers,118,KARMACHANGE,KARMACHANGE,
tables/triggers.tbl,triggers,kOrderedTrigsNames,TRIGGER_,triggers,119,KILL,KILL,
tables/triggers.tbl,triggers,kOrderedTrigsNames,TRIGGER_,triggers,120,MEMORYEQUIP,MEMORYEQUIP,
tables/triggers.tbl,triggers,kOrderedTrigsNames,TRIGGER_,triggers,121,LEVEL,LEVEL,
tables/triggers.tbl,triggers,kOrderedTrigsNames,TRIGGER_,triggers,122,LOAD,LOAD,
tables/triggers.tbl,triggers,kOrderedTrigsNames,TRIGGER_,triggers,123,LOGIN,LOGIN,
tables/triggers.tbl,triggers,kOrderedTrigsNames,TRIGGER_,triggers,124,LOGOUT,LOGOUT,
tables/triggers.tbl,triggers,kOrderedTrigsNames,TRIGGER_,triggers,125,MOUNT,MOUNT,
tables/triggers.tbl,triggers,kOrderedTrigsNames,TRIGGER_,triggers,126,MURDERDECAY,MURDERDECAY,
tables/triggers.tbl,triggers,kOrderedTrigsNames,TRIGGER_,triggers,127,MURDERMARK,MURDERMARK,
tables/triggers.tbl,triggers,kOrderedTrigsNames,TRIGGER_,triggers,128,NOTOSEND,NOTOSEND,
tables/triggers.tbl,triggers,kOrderedTrigsNames,TRIGGER_,triggers,129,NPCACCEPTITEM,NPCACCEPTITEM,
tables/triggers.tbl,triggers,kOrderedTrigsNames,TRIGGER_,triggers,130,NPCACTCAST,NPCACTCAST,
tables/triggers.tbl,triggers,kOrderedTrigsNames,TRIGGER_,triggers,131,NPCACTFIGHT,NPCACTFIGHT,
tables/triggers.tbl,triggers,kOrderedTrigsNames,TRIGGER_,triggers,132,NPCACTFOLLOW,NPCACTFOLLOW,
tables/triggers.tbl,triggers,kOrderedTrigsNames,TRIGGER_,triggers,133,NPCACTION,NPCACTION,
tables/triggers.tbl,triggers,kOrderedTrigsNames,TRIGGER_,triggers,134,NPCACTWANDER,NPCACTWANDER,
tables/triggers.tbl,triggers,kOrderedTrigsNames,TRIGGER_,triggers,135,NPCHEARGREETING,NPCHEARGREETING,
tables/triggers.tbl,triggers,kOrderedTrigsNames,TRIGGER_,triggers,136,NPCHEARUNKNOWN,NPCHEARUNKNOWN,
tables/triggers.tbl,triggers,kOrderedTrigsNames,TRIGGER_,triggers,137,NPCLOOKATCHAR,NPCLOOKATCHAR,
tables/triggers.tbl,triggers,kOrderedTrigsNames,TRIGGER_,triggers,138,NPCLOOKATITEM,NPCLOOKATITEM,
tables/triggers.tbl,triggers,kOrderedTrigsNames,TRIGGER_,triggers,139,NPCLOSTTELEPORT,NPCLOSTTELEPORT,
tables/triggers.tbl,triggers,kOrderedTrigsNames,TRIGGER_,triggers,140,NPCREFUSEITEM,NPCREFUSEITEM,
tables/triggers.tbl,triggers,kOrderedTrigsNames,TRIGGER_,triggers,141,NPCRESTOCK,NPCRESTOCK,
tables/triggers.tbl,triggers,kOrderedTrigsNames,TRIGGER_,triggers,142,NPCSEENEWPLAYER,NPCSEENEWPLAYER,
tables/triggers.tbl,triggers,kOrderedTrigsNames,TRIGGER_,triggers,143,NPCSEEWANTITEM,NPCSEEWANTITEM,
tables/triggers.tbl,triggers,kOrderedTrigsNames,TRIGGER_,triggers,144,NPCSPECIALACTION,NPCSPECIALACTION,
tables/triggers.tbl,triggers,kOrderedTrigsNames,TRIGGER_,triggers,145,PARTYADD,PARTYADD,
tables/triggers.tbl,triggers,kOrderedTrigsNames,TRIGGER_,triggers,146,PARTYDISBAND,PARTYDISBAND,
tables/triggers.tbl,triggers,kOrderedTrigsNames,TRIGGER_,triggers,147,PARTYINVITE,PARTYINVITE,
tables/triggers.tbl,triggers,kOrderedTrigsNames,TRIGGER_,triggers,148,PARTYLEAVE,PARTYLEAVE,
tables/triggers.tbl,triggers,kOrderedTrigsNames,TRIGGER_,triggers,149,PARTYREMOVE,PARTYREMOVE,
tables/triggers.tbl,triggers,kOrderedTrigsNames,TRIGGER_,triggers,150,PAYGOLD,PAYGOLD,
tables/triggers.tbl,triggers,kOrderedTrigsNames,TRIGGER_,triggers,151,PERSONALSPACE,PERSONALSPACE,
tables/triggers.tbl,triggers,kOrderedTrigsNames,TRIGGER_,triggers,152,PETDESERT,PETDESERT,
tables/triggers.tbl,triggers,kOrderedTrigsNames,TRIGGER_,triggers,153,PETRELEASE,PETRELEASE,
tables/triggers.tbl,triggers,kOrderedTrigsNames,TRIGGER_,triggers,154,PICKUP_GROUND,PICKUP_GROUND,
tables/triggers.tbl,triggers,kOrderedTrigsNames,TRIGGER_,triggers,155,PICKUP_PACK,PICKUP_PACK,
tables/triggers.tbl,triggers,kOrderedTrigsNames,TRIGGER_,triggers,156,PICKUP_SELF,PICKUP_SELF,
tables/triggers.tbl,triggers,kOrderedTrigsNames,TRIGGER_,triggers,157,PICKUP_STACK,PICKUP_STACK,
tables/triggers.tbl,triggers,kOrderedTrigsNames,TRIGGER_,triggers,158,PRESPAWN,PRESPAWN,
tables/triggers.tbl,triggers,kOrderedTrigsNames,TRIGGER_,triggers,159,PRESTART,PRESTART,
tables/triggers.tbl,triggers,kOrderedTrigsNames,TRIGGER_,triggers,160,PROFILE,PROFILE,
tables/triggers.tbl,triggers,kOrderedTrigsNames,TRIGGER_,triggers,161,RECEIVEITEM,RECEIVEITEM,
tables/triggers.tbl,triggers,kOrderedTrigsNames,TRIGGER_,triggers,162,REDEED,REDEED,
tables/triggers.tbl,triggers,kOrderedTrigsNames,TRIGGER_,triggers,163,REGENSTAT,REGENSTAT,
tables/triggers.tbl,triggers,kOrderedTrigsNames,TRIGGER_,triggers,164,REGIONENTER,REGIONENTER,
tables/triggers.tbl,triggers,kOrderedTrigsNames,TRIGGER_,triggers,165,REGIONLEAVE,REGIONLEAVE,
tables/triggers.tbl,triggers,kOrderedTrigsNames,TRIGGER_,triggers,166,REGIONRESOURCEFOUND,REGIONRESOURCEFOUND,
tables/triggers.tbl,triggers,kOrderedTrigsNames,TRIGGER_,triggers,167,REGIONRESOURCEGATHER,REGIONRESOURCEGATHER,
tables/triggers.tbl,triggers,kOrderedTrigsNames,TRIGGER_,triggers,168,REGPERIODIC,REGPERIODIC,
tables/triggers.tbl,triggers,kOrderedTrigsNames,TRIGGER_,triggers,169,RENAME,RENAME,
tables/triggers.tbl,triggers,kOrderedTrigsNames,TRIGGER_,triggers,170,RESOURCEFOUND,RESOURCEFOUND,
tables/triggers.tbl,triggers,kOrderedTrigsNames,TRIGGER_,triggers,171,RESOURCEGATHER,RESOURCEGATHER,
tables/triggers.tbl,triggers,kOrderedTrigsNames,TRIGGER_,triggers,172,RESOURCETEST,RESOURCETEST,
tables/triggers.tbl,triggers,kOrderedTrigsNames,TRIGGER_,triggers,173,RESURRECT,RESURRECT,
tables/triggers.tbl,triggers,kOrderedTrigsNames,TRIGGER_,triggers,174,REVEAL,REVEAL,
tables/triggers.tbl,triggers,kOrderedTrigsNames,TRIGGER_,triggers,175,SEECRIME,SEECRIME,
tables/triggers.tbl,triggers,kOrderedTrigsNames,TRIGGER_,triggers,176,SEEHIDDEN,SEEHIDDEN,
tables/triggers.tbl,triggers,kOrderedTrigsNames,TRIGGER_,triggers,177,SEESNOOP,SEESNOOP,
tables/triggers.tbl,triggers,kOrderedTrigsNames,TRIGGER_,triggers,178,SELECT,SELECT,
tables/triggers.tbl,triggers,kOrderedTrigsNames,TRIGGER_,triggers,179,SELL,SELL,
tables/triggers.tbl,triggers,kOrderedTrigsNames,TRIGGER_,triggers,180,SENDPAPERDOLL,SENDPAPERDOLL,
tables/triggers.tbl,triggers,kOrderedTrigsNames,TRIGGER_,triggers,181,SHIP_MOVE,SHIP_MOVE,
tables/triggers.tbl,triggers,kOrderedTrigsNames,TRIGGER_,triggers,182,SHIP_STOP,SHIP_STOP,
tables/triggers.tbl,triggers,kOrderedTrigsNames,TRIGGER_,triggers,183,SHIP_TURN,SHIP_TURN,
tables/triggers.tbl,triggers,kOrderedTrigsNames,TRIGGER_,triggers,184,SKILLABORT,SKILLABORT,
tables/triggers.tbl,triggers,kOrderedTrigsNames,TRIGGER_,triggers,185,SKILLCHANGE,SKILLCHANGE,
tables/triggers.tbl,triggers,kOrderedTrigsNames,TRIGGER_,triggers,186,SKILLFAIL,SKILLFAIL,
tables/triggers.tbl,triggers,kOrderedTrigsNames,TRIGGER_,triggers,187,SKILLGAIN,SKILLGAIN,
tables/triggers.tbl,triggers,kOrderedTrigsNames,TRIGGER_,triggers,188,SKILLMAKEITEM,SKILLMAKEITEM,
tables/triggers.tbl,triggers,kOrderedTrigsNames,TRIGGER_,triggers,189,SKILLMENU,SKILLMENU,
tables/triggers.tbl,triggers,kOrderedTrigsNames,TRIGGER_,triggers,190,SKILLPRESTART,SKILLPRESTART,
tables/triggers.tbl,triggers,kOrderedTrigsNames,TRIGGER_,triggers,191,SKILLSELECT,SKILLSELECT,
tables/triggers.tbl,triggers,kOrderedTrigsNames,TRIGGER_,triggers,192,SKILLSTART,SKILLSTART,
tables/triggers.tbl,triggers,kOrderedTrigsNames,TRIGGER_,triggers,193,SKILLSTROKE,SKILLSTROKE,
tables/triggers.tbl,triggers,kOrderedTrigsNames,TRIGGER_,triggers,194,SKILLSUCCESS,SKILLSUCCESS,
tables/triggers.tbl,triggers,kOrderedTrigsNames,TRIGGER_,triggers,195,SKILLTARGETCANCEL,SKILLTARGETCANCEL,
tables/triggers.tbl,triggers,kOrderedTrigsNames,TRIGGER_,triggers,196,SKILLUSEQUICK,SKILLUSEQUICK,
tables/triggers.tbl,triggers,kOrderedTrigsNames,TRIGGER_,triggers,197,SKILLWAIT,SKILLWAIT,
tables/triggers.tbl,triggers,kOrderedTrigsNames,TRIGGER_,triggers,198,SMELT,SMELT,
tables/triggers.tbl,triggers,kOrderedTrigsNames,TRIGGER_,triggers,199,SPAWN,SPAWN,
tables/triggers.tbl,triggers,kOrderedTrigsNames,TRIGGER_,triggers,200,SPELLBOOK,SPELLBOOK,
tables/triggers.tbl,triggers,kOrderedTrigsNames,TRIGGER_,triggers,201,SPELLCAST,SPELLCAST,
tables/triggers.tbl,triggers,kOrderedTrigsNames,TRIGGER_,triggers,202,SPELLEFFECT,SPELLEFFECT,
tables/triggers.tbl,triggers,kOrderedTrigsNames,TRIGGER_,triggers,203,SPELLEFFECTADD,SPELLEFFECTADD,
tables/triggers.tbl,triggers,kOrderedTrigsNames,TRIGGER_,triggers,204,SPELLEFFECTREMOVE,SPELLEFFECTREMOVE,
tables/triggers.tbl,triggers,kOrderedTrigsNames,TRIGGER_,triggers,205,SPELLEFFECTTICK,SPELLEFFECTTICK,
tables/triggers.tbl,triggers,kOrderedTrigsNames,TRIGGER_,triggers,206,SPELLFAIL,SPELLFAIL,
tables/triggers.tbl,triggers,kOrderedTrigsNames,TRIGGER_,triggers,207,SPELLINTERRUPT,SPELLINTERRUPT,
tables/triggers.tbl,triggers,kOrderedTrigsNames,TRIGGER_,triggers,208,SPELLSELECT,SPELLSELECT,
tables/triggers.tbl,triggers,kOrderedTrigsNames,TRIGGER_,triggers,209,SPELLSUCCESS,SPELLSUCCESS,
tables/triggers.tbl,triggers,kOrderedTrigsNames,TRIGGER_,triggers,210,SPELLTARGETCANCEL,SPELLTARGETCANCEL,
tables/triggers.tbl,triggers,kOrderedTrigsNames,TRIGGER_,triggers,211,START,START,
tables/triggers.tbl,triggers,kOrderedTrigsNames,TRIGGER_,triggers,212,STATCHANGE,STATCHANGE,
tables/triggers.tbl,triggers,kOrderedTrigsNames,TRIGGER_,triggers,213,STEP,STEP,
tables/triggers.tbl,triggers,kOrderedTrigsNames,TRIGGER_,triggers,214,STEPSTEALTH,STEPSTEALTH,
tables/triggers.tbl,triggers,kOrderedTrigsNames,TRIGGER_,triggers,215,STROKE,STROKE,
tables/triggers.tbl,triggers,kOrderedTrigsNames,TRIGGER_,triggers,216,STOP,STOP,
tables/triggers.tbl,triggers,kOrderedTrigsNames,TRIGGER_,triggers,217,SUCCESS,SUCCESS,
tables/triggers.tbl,triggers,kOrderedTrigsNames,TRIGGER_,triggers,218,TARGETCANCEL,TARGETCANCEL,
tables/triggers.tbl,triggers,kOrderedTrigsNames,TRIGGER_,triggers,219,TARGON_CANCEL,TARGON_CANCEL,
tables/triggers.tbl,triggers,kOrderedTrigsNames,TRIGGER_,triggers,220,TARGON_CHAR,TARGON_CHAR,
tables/triggers.tbl,triggers,kOrderedTrigsNames,TRIGGER_,triggers,221,TARGON_GROUND,TARGON_GROUND,
tables/triggers.tbl,triggers,kOrderedTrigsNames,TRIGGER_,triggers,222,TARGON_ITEM,TARGON_ITEM,
tables/triggers.tbl,triggers,kOrderedTrigsNames,TRIGGER_,triggers,223,TIMER,TIMER,
tables/triggers.tbl,triggers,kOrderedTrigsNames,TRIGGER_,triggers,224,TOGGLEFLYING,TOGGLEFLYING,
tables/triggers.tbl,triggers,kOrderedTrigsNames,TRIGGER_,triggers,225,TOOLTIP,TOOLTIP,
tables/triggers.tbl,triggers,kOrderedTrigsNames,TRIGGER_,triggers,226,TRADEACCEPTED,TRADEACCEPTED,
tables/triggers.tbl,triggers,kOrderedTrigsNames,TRIGGER_,triggers,227,TRADECLOSE,TRADECLOSE,
tables/triggers.tbl,triggers,kOrderedTrigsNames,TRIGGER_,triggers,228,TRADECREATE,TRADECREATE,
tables/triggers.tbl,triggers,kOrderedTrigsNames,TRIGGER_,triggers,229,UNEQUIP,UNEQUIP,
tables/triggers.tbl,triggers,kOrderedTrigsNames,TRIGGER_,triggers,230,USEQUICK,USEQUICK,
tables/triggers.tbl,triggers,kOrderedTrigsNames,TRIGGER_,triggers,231,USERBUGREPORT,USERBUGREPORT,
tables/triggers.tbl,triggers,kOrderedTrigsNames,TRIGGER_,triggers,232,USERCHATBUTTON,USERCHATBUTTON,
tables/triggers.tbl,triggers,kOrderedTrigsNames,TRIGGER_,triggers,233,USEREXTCMD,USEREXTCMD,
tables/triggers.tbl,triggers,kOrderedTrigsNames,TRIGGER_,triggers,234,USEREXWALKLIMIT,USEREXWALKLIMIT,
tables/triggers.tbl,triggers,kOrderedTrigsNames,TRIGGER_,triggers,235,USERGUILDBUTTON,USERGUILDBUTTON,
tables/triggers.tbl,triggers,kOrderedTrigsNames,TRIGGER_,triggers,236,USERKRTOOLBAR,USERKRTOOLBAR,
tables/triggers.tbl,triggers,kOrderedTrigsNames,TRIGGER_,triggers,237,USERMAILBAG,USERMAILBAG,
tables/triggers.tbl,triggers,kOrderedTrigsNames,TRIGGER_,triggers,238,USERQUESTARROWCLICK,USERQUESTARROWCLICK,
tables/triggers.tbl,triggers,kOrderedTrigsNames,TRIGGER_,triggers,239,USERQUESTBUTTON,USERQUESTBUTTON,
tables/triggers.tbl,triggers,kOrderedTrigsNames,TRIGGER_,triggers,240,USERSKILLS,USERSKILLS,
tables/triggers.tbl,triggers,kOrderedTrigsNames,TRIGGER_,triggers,241,USERSPECIALMOVE,USERSPECIALMOVE,
tables/triggers.tbl,triggers,kOrderedTrigsNames,TRIGGER_,triggers,242,USERSTATS,USERSTATS,
tables/triggers.tbl,triggers,kOrderedTrigsNames,TRIGGER_,triggers,243,USERULTIMASTOREBUTTON,USERULTIMASTOREBUTTON,
tables/triggers.tbl,triggers,kOrderedTrigsNames,TRIGGER_,triggers,244,USERVIRTUE,USERVIRTUE,
tables/triggers.tbl,triggers,kOrderedTrigsNames,TRIGGER_,triggers,245,USERVIRTUEINVOKE,USERVIRTUEINVOKE,
tables/triggers.tbl,triggers,kOrderedTrigsNames,TRIGGER_,triggers,246,USERWARMODE,USERWARMODE,
tables/triggers.tbl,triggers,kOrderedTrigsNames,TRIGGER_,triggers,247,WAIT,WAIT,
common/CDataBase.cpp,CDataBase::sm_szLoadKeys,CDataBase::sm_szLoadKeys,,props,0,,AEXECUTE,
common/CDataBase.cpp,CDataBase::sm_szLoadKeys,CDataBase::sm_szLoadKeys,,props,1,,AQUERY,
common/CDataBase.cpp,CDataBase::sm_szLoadKeys,CDataBase::sm_szLoadKeys,,props,2,,CONNECTED,
common/CDataBase.cpp,CDataBase::sm_szLoadKeys,CDataBase::sm_szLoadKeys,,props,3,,ESCAPEDATA,
common/CDataBase.cpp,CDataBase::sm_szLoadKeys,CDataBase::sm_szLoadKeys,,props,4,,ROW,
common/CDataBase.cpp,CDataBase::sm_szVerbKeys,CDataBase::sm_szVerbKeys,,verbs,0,,CLOSE,
common/CDataBase.cpp,CDataBase::sm_szVerbKeys,CDataBase::sm_szVerbKeys,,verbs,1,,CONNECT,
common/CDataBase.cpp,CDataBase::sm_szVerbKeys,CDataBase::sm_szVerbKeys,,verbs,2,,EXECUTE,
common/CDataBase.cpp,CDataBase::sm_szVerbKeys,CDataBase::sm_szVerbKeys,,verbs,3,,QUERY,
common/CPointBase.cpp,CPointBase::sm_szLoadKeys,CPointBase::sm_szLoadKeys,,props,0,,ISNEARTYPE,
common/CPointBase.cpp,CPointBase::sm_szLoadKeys,CPointBase::sm_szLoadKeys,,props,1,,M,
common/CPointBase.cpp,CPointBase::sm_szLoadKeys,CPointBase::sm_szLoadKeys,,props,2,,MAP,
common/CPointBase.cpp,CPointBase::sm_szLoadKeys,CPointBase::sm_szLoadKeys,,props,3,,REGION,
common/CPointBase.cpp,CPointBase::sm_szLoadKeys,CPointBase::sm_szLoadKeys,,props,4,,ROOM,
common/CPointBase.cpp,CPointBase::sm_szLoadKeys,CPointBase::sm_szLoadKeys,,props,5,,SECTOR,
common/CPointBase.cpp,CPointBase::sm_szLoadKeys,CPointBase::sm_szLoadKeys,,props,6,,TERRAIN,
common/CPointBase.cpp,CPointBase::sm_szLoadKeys,CPointBase::sm_szLoadKeys,,props,7,,TYPE,
common/CPointBase.cpp,CPointBase::sm_szLoadKeys,CPointBase::sm_szLoadKeys,,props,8,,X,
common/CPointBase.cpp,CPointBase::sm_szLoadKeys,CPointBase::sm_szLoadKeys,,props,9,,Y,
common/CPointBase.cpp,CPointBase::sm_szLoadKeys,CPointBase::sm_szLoadKeys,,props,10,,Z,
common/CScriptObj.cpp,_ptcSRefKeys,_ptcSRefKeys,,refs,0,,DB,
common/CScriptObj.cpp,_ptcSRefKeys,_ptcSRefKeys,,refs,1,,FILE,
common/CScriptObj.cpp,_ptcSRefKeys,_ptcSRefKeys,,refs,2,,I,
common/CScriptObj.cpp,_ptcSRefKeys,_ptcSRefKeys,,refs,3,,LDB,
common/CScriptObj.cpp,_ptcSRefKeys,_ptcSRefKeys,,refs,4,,MDB,
common/CScriptObj.cpp,_ptcSRefKeys,_ptcSRefKeys,,refs,5,,NEW,
common/CScriptObj.cpp,_ptcSRefKeys,_ptcSRefKeys,,refs,6,,OBJ,
common/CScriptObj.cpp,_ptcSRefKeys,_ptcSRefKeys,,refs,7,,SERV,
common/CScriptObj.cpp,_ptcSRefKeys,_ptcSRefKeys,,refs,8,,UID,
common/CScriptObj.cpp,CScriptObj::sm_szVerbKeys,CScriptObj::sm_szVerbKeys,,verbs,0,,NEW,
common/CScriptObj.cpp,CScriptObj::sm_szVerbKeys,CScriptObj::sm_szVerbKeys,,verbs,1,,NEWDUPE,
common/CScriptObj.cpp,CScriptObj::sm_szVerbKeys,CScriptObj::sm_szVerbKeys,,verbs,2,,NEWITEM,
common/CScriptObj.cpp,CScriptObj::sm_szVerbKeys,CScriptObj::sm_szVerbKeys,,verbs,3,,NEWNPC,
common/CScriptObj.cpp,CScriptObj::sm_szVerbKeys,CScriptObj::sm_szVerbKeys,,verbs,4,,NEWSUMMON,
common/CScriptObj.cpp,CScriptObj::sm_szVerbKeys,CScriptObj::sm_szVerbKeys,,verbs,5,,OBJ,
common/CScriptObj.cpp,CScriptObj::sm_szVerbKeys,CScriptObj::sm_szVerbKeys,,verbs,6,,SHOW,
common/CScriptObj.cpp,CScriptObj::sm_szScriptKeys,CScriptObj::sm_szScriptKeys,,other,0,,BEGIN,
common/CScriptObj.cpp,CScriptObj::sm_szScriptKeys,CScriptObj::sm_szScriptKeys,,other,1,,BREAK,
common/CScriptObj.cpp,CScriptObj::sm_szScriptKeys,CScriptObj::sm_szScriptKeys,,other,2,,CONTINUE,
common/CScriptObj.cpp,CScriptObj::sm_szScriptKeys,CScriptObj::sm_szScriptKeys,,other,3,,DORAND,
common/CScriptObj.cpp,CScriptObj::sm_szScriptKeys,CScriptObj::sm_szScriptKeys,,other,4,,DOSWITCH,
common/CScriptObj.cpp,CScriptObj::sm_szScriptKeys,CScriptObj::sm_szScriptKeys,,other,5,,ELIF,
common/CScriptObj.cpp,CScriptObj::sm_szScriptKeys,CScriptObj::sm_szScriptKeys,,other,6,,ELSE,
common/CScriptObj.cpp,CScriptObj::sm_szScriptKeys,CScriptObj::sm_szScriptKeys,,other,7,,ELSEIF,
common/CScriptObj.cpp,CScriptObj::sm_szScriptKeys,CScriptObj::sm_szScriptKeys,,other,8,,END,
common/CScriptObj.cpp,CScriptObj::sm_szScriptKeys,CScriptObj::sm_szScriptKeys,,other,9,,ENDDO,
common/CScriptObj.cpp,CScriptObj::sm_szScriptKeys,CScriptObj::sm_szScriptKeys,,other,10,,ENDFOR,
common/CScriptObj.cpp,CScriptObj::sm_szScriptKeys,CScriptObj::sm_szScriptKeys,,other,11,,ENDIF,
common/CScriptObj.cpp,CScriptObj::sm_szScriptKeys,CScriptObj::sm_szScriptKeys,,other,12,,ENDRAND,
common/CScriptObj.cpp,CScriptObj::sm_szScriptKeys,CScriptObj::sm_szScriptKeys,,other,13,,ENDSWITCH,
common/CScriptObj.cpp,CScriptObj::sm_szScriptKeys,CScriptObj::sm_szScriptKeys,,other,14,,ENDWHILE,
common/CScriptObj.cpp,CScriptObj::sm_szScriptKeys,CScriptObj::sm_szScriptKeys,,other,15,,FOR,
common/CScriptObj.cpp,CScriptObj::sm_szScriptKeys,CScriptObj::sm_szScriptKeys,,other,16,,FORCHARLAYER,
common/CScriptObj.cpp,CScriptObj::sm_szScriptKeys,CScriptObj::sm_szScriptKeys,,other,17,,FORCHARMEMORYTYPE,
common/CScriptObj.cpp,CScriptObj::sm_szScriptKeys,CScriptObj::sm_szScriptKeys,,other,18,,FORCHARS,
common/CScriptObj.cpp,CScriptObj::sm_szScriptKeys,CScriptObj::sm_szScriptKeys,,other,19,,FORCLIENTS,
common/CScriptObj.cpp,CScriptObj::sm_szScriptKeys,CScriptObj::sm_szScriptKeys,,other,20,,FORCONT,
common/CScriptObj.cpp,CScriptObj::sm_szScriptKeys,CScriptObj::sm_szScriptKeys,,other,21,,FORCONTID,
common/CScriptObj.cpp,CScriptObj::sm_szScriptKeys,CScriptObj::sm_szScriptKeys,,other,22,,FORCONTTYPE,
common/CScriptObj.cpp,CScriptObj::sm_szScriptKeys,CScriptObj::sm_szScriptKeys,,other,23,,FORINSTANCES,
common/CScriptObj.cpp,CScriptObj::sm_szScriptKeys,CScriptObj::sm_szScriptKeys,,other,24,,FORITEMS,
common/CScriptObj.cpp,CScriptObj::sm_szScriptKeys,CScriptObj::sm_szScriptKeys,,other,25,,FOROBJS,
common/CScriptObj.cpp,CScriptObj::sm_szScriptKeys,CScriptObj::sm_szScriptKeys,,other,26,,FORPLAYERS,
common/CScriptObj.cpp,CScriptObj::sm_szScriptKeys,CScriptObj::sm_szScriptKeys,,other,27,,FORTIMERF,
common/CScriptObj.cpp,CScriptObj::sm_szScriptKeys,CScriptObj::sm_szScriptKeys,,other,28,,IF,
common/CScriptObj.cpp,CScriptObj::sm_szScriptKeys,CScriptObj::sm_szScriptKeys,,other,29,,RETURN,
common/CScriptObj.cpp,CScriptObj::sm_szScriptKeys,CScriptObj::sm_szScriptKeys,,other,30,,WHILE,
common/CScriptTriggerArgs.cpp,CScriptTriggerArgs::sm_szLoadKeys,CScriptTriggerArgs::sm_szLoadKeys,,props,0,,ARGN,
common/CScriptTriggerArgs.cpp,CScriptTriggerArgs::sm_szLoadKeys,CScriptTriggerArgs::sm_szLoadKeys,,props,1,,ARGN1,
common/CScriptTriggerArgs.cpp,CScriptTriggerArgs::sm_szLoadKeys,CScriptTriggerArgs::sm_szLoadKeys,,props,2,,ARGN2,
common/CScriptTriggerArgs.cpp,CScriptTriggerArgs::sm_szLoadKeys,CScriptTriggerArgs::sm_szLoadKeys,,props,3,,ARGN3,
common/CScriptTriggerArgs.cpp,CScriptTriggerArgs::sm_szLoadKeys,CScriptTriggerArgs::sm_szLoadKeys,,props,4,,ARGO,
common/CScriptTriggerArgs.cpp,CScriptTriggerArgs::sm_szLoadKeys,CScriptTriggerArgs::sm_szLoadKeys,,props,5,,ARGS,
common/CScriptTriggerArgs.cpp,CScriptTriggerArgs::sm_szLoadKeys,CScriptTriggerArgs::sm_szLoadKeys,,props,6,,ARGV,
common/CScriptTriggerArgs.cpp,CScriptTriggerArgs::sm_szLoadKeys,CScriptTriggerArgs::sm_szLoadKeys,,props,7,,LOCAL,
common/CScriptTriggerArgs.cpp,CScriptTriggerArgs::sm_szLoadKeys,CScriptTriggerArgs::sm_szLoadKeys,,props,8,,TRY,
common/CScriptTriggerArgs.cpp,CScriptTriggerArgs::sm_szLoadKeys,CScriptTriggerArgs::sm_szLoadKeys,,props,9,,TRYSRV,
common/resource/CResourceHolder.cpp,CResourceHolder::sm_szResourceBlocks,CResourceHolder::sm_szResourceBlocks,,other,0,,AAAUNUSED,
common/resource/CResourceHolder.cpp,CResourceHolder::sm_szResourceBlocks,CResourceHolder::sm_szResourceBlocks,,other,1,,ACCOUNT,
common/resource/CResourceHolder.cpp,CResourceHolder::sm_szResourceBlocks,CResourceHolder::sm_szResourceBlocks,,other,2,,ADVANCE,
common/resource/CResourceHolder.cpp,CResourceHolder::sm_szResourceBlocks,CResourceHolder::sm_szResourceBlocks,,other,3,,AREA,
common/resource/CResourceHolder.cpp,CResourceHolder::sm_szResourceBlocks,CResourceHolder::sm_szResourceBlocks,,other,4,,BLOCKIP,
common/resource/CResourceHolder.cpp,CResourceHolder::sm_szResourceBlocks,CResourceHolder::sm_szResourceBlocks,,other,5,,BOOK,
common/resource/CResourceHolder.cpp,CResourceHolder::sm_szResourceBlocks,CResourceHolder::sm_szResourceBlocks,,other,6,,CHAMPION,
common/resource/CResourceHolder.cpp,CResourceHolder::sm_szResourceBlocks,CResourceHolder::sm_szResourceBlocks,,other,7,,CHARDEF,
common/resource/CResourceHolder.cpp,CResourceHolder::sm_szResourceBlocks,CResourceHolder::sm_szResourceBlocks,,other,8,,COMMENT,
common/resource/CResourceHolder.cpp,CResourceHolder::sm_szResourceBlocks,CResourceHolder::sm_szResourceBlocks,,other,9,,DEFNAME,
common/resource/CResourceHolder.cpp,CResourceHolder::sm_szResourceBlocks,CResourceHolder::sm_szResourceBlocks,,other,10,,DIALOG,
common/resource/CResourceHolder.cpp,CResourceHolder::sm_szResourceBlocks,CResourceHolder::sm_szResourceBlocks,,other,11,,EVENTS,
common/resource/CResourceHolder.cpp,CResourceHolder::sm_szResourceBlocks,CResourceHolder::sm_szResourceBlocks,,other,12,,FAME,
common/resource/CResourceHolder.cpp,CResourceHolder::sm_szResourceBlocks,CResourceHolder::sm_szResourceBlocks,,other,13,,FUNCTION,
common/resource/CResourceHolder.cpp,CResourceHolder::sm_szResourceBlocks,CResourceHolder::sm_szResourceBlocks,,other,14,,GMPAGE,
common/resource/CResourceHolder.cpp,CResourceHolder::sm_szResourceBlocks,CResourceHolder::sm_szResourceBlocks,,other,15,,ITEMDEF,
common/resource/CResourceHolder.cpp,CResourceHolder::sm_szResourceBlocks,CResourceHolder::sm_szResourceBlocks,,other,16,,KARMA,
common/resource/CResourceHolder.cpp,CResourceHolder::sm_szResourceBlocks,CResourceHolder::sm_szResourceBlocks,,other,17,,KRDIALOGLIST,
common/resource/CResourceHolder.cpp,CResourceHolder::sm_szResourceBlocks,CResourceHolder::sm_szResourceBlocks,,other,18,,MENU,
common/resource/CResourceHolder.cpp,CResourceHolder::sm_szResourceBlocks,CResourceHolder::sm_szResourceBlocks,,other,19,,MOONGATES,
common/resource/CResourceHolder.cpp,CResourceHolder::sm_szResourceBlocks,CResourceHolder::sm_szResourceBlocks,,other,20,,NAMES,
common/resource/CResourceHolder.cpp,CResourceHolder::sm_szResourceBlocks,CResourceHolder::sm_szResourceBlocks,,other,21,,NEWBIE,
common/resource/CResourceHolder.cpp,CResourceHolder::sm_szResourceBlocks,CResourceHolder::sm_szResourceBlocks,,other,22,,NOTOTITLES,
common/resource/CResourceHolder.cpp,CResourceHolder::sm_szResourceBlocks,CResourceHolder::sm_szResourceBlocks,,other,23,,OBSCENE,
common/resource/CResourceHolder.cpp,CResourceHolder::sm_szResourceBlocks,CResourceHolder::sm_szResourceBlocks,,other,24,,PLEVEL,
common/resource/CResourceHolder.cpp,CResourceHolder::sm_szResourceBlocks,CResourceHolder::sm_szResourceBlocks,,other,25,,REGIONRESOURCE,
common/resource/CResourceHolder.cpp,CResourceHolder::sm_szResourceBlocks,CResourceHolder::sm_szResourceBlocks,,other,26,,REGIONTYPE,
common/resource/CResourceHolder.cpp,CResourceHolder::sm_szResourceBlocks,CResourceHolder::sm_szResourceBlocks,,other,27,,RESDEFNAME,
common/resource/CResourceHolder.cpp,CResourceHolder::sm_szResourceBlocks,CResourceHolder::sm_szResourceBlocks,,other,28,,RESOURCELIST,
common/resource/CResourceHolder.cpp,CResourceHolder::sm_szResourceBlocks,CResourceHolder::sm_szResourceBlocks,,other,29,,RESOURCES,
common/resource/CResourceHolder.cpp,CResourceHolder::sm_szResourceBlocks,CResourceHolder::sm_szResourceBlocks,,other,30,,ROOM,
common/resource/CResourceHolder.cpp,CResourceHolder::sm_szResourceBlocks,CResourceHolder::sm_szResourceBlocks,,other,31,,RUNES,
common/resource/CResourceHolder.cpp,CResourceHolder::sm_szResourceBlocks,CResourceHolder::sm_szResourceBlocks,,other,32,,SCROLL,
common/resource/CResourceHolder.cpp,CResourceHolder::sm_szResourceBlocks,CResourceHolder::sm_szResourceBlocks,,other,33,,SECTOR,
common/resource/CResourceHolder.cpp,CResourceHolder::sm_szResourceBlocks,CResourceHolder::sm_szResourceBlocks,,other,34,,SERVERS,
common/resource/CResourceHolder.cpp,CResourceHolder::sm_szResourceBlocks,CResourceHolder::sm_szResourceBlocks,,other,35,,SKILL,
common/resource/CResourceHolder.cpp,CResourceHolder::sm_szResourceBlocks,CResourceHolder::sm_szResourceBlocks,,other,36,,SKILLCLASS,
common/resource/CResourceHolder.cpp,CResourceHolder::sm_szResourceBlocks,CResourceHolder::sm_szResourceBlocks,,other,37,,SKILLMENU,
common/resource/CResourceHolder.cpp,CResourceHolder::sm_szResourceBlocks,CResourceHolder::sm_szResourceBlocks,,other,38,,SPAWN,
common/resource/CResourceHolder.cpp,CResourceHolder::sm_szResourceBlocks,CResourceHolder::sm_szResourceBlocks,,other,39,,SPEECH,
common/resource/CResourceHolder.cpp,CResourceHolder::sm_szResourceBlocks,CResourceHolder::sm_szResourceBlocks,,other,40,,SPELL,
common/resource/CResourceHolder.cpp,CResourceHolder::sm_szResourceBlocks,CResourceHolder::sm_szResourceBlocks,,other,41,,SPHERE,
common/resource/CResourceHolder.cpp,CResourceHolder::sm_szResourceBlocks,CResourceHolder::sm_szResourceBlocks,,other,42,,SPHERECRYPT,
common/resource/CResourceHolder.cpp,CResourceHolder::sm_szResourceBlocks,CResourceHolder::sm_szResourceBlocks,,other,43,,STARTS,
common/resource/CResourceHolder.cpp,CResourceHolder::sm_szResourceBlocks,CResourceHolder::sm_szResourceBlocks,,other,44,,STAT,
common/resource/CResourceHolder.cpp,CResourceHolder::sm_szResourceBlocks,CResourceHolder::sm_szResourceBlocks,,other,45,,TELEPORTERS,
common/resource/CResourceHolder.cpp,CResourceHolder::sm_szResourceBlocks,CResourceHolder::sm_szResourceBlocks,,other,46,,TEMPLATE,
common/resource/CResourceHolder.cpp,CResourceHolder::sm_szResourceBlocks,CResourceHolder::sm_szResourceBlocks,,other,47,,TIMERF,
common/resource/CResourceHolder.cpp,CResourceHolder::sm_szResourceBlocks,CResourceHolder::sm_szResourceBlocks,,other,48,,TIP,
common/resource/CResourceHolder.cpp,CResourceHolder::sm_szResourceBlocks,CResourceHolder::sm_szResourceBlocks,,other,49,,TYPEDEF,
common/resource/CResourceHolder.cpp,CResourceHolder::sm_szResourceBlocks,CResourceHolder::sm_szResourceBlocks,,other,50,,TYPEDEFS,
common/resource/CResourceHolder.cpp,CResourceHolder::sm_szResourceBlocks,CResourceHolder::sm_szResourceBlocks,,other,51,,WC,
common/resource/CResourceHolder.cpp,CResourceHolder::sm_szResourceBlocks,CResourceHolder::sm_szResourceBlocks,,other,52,,WEBPAGE,
common/resource/CResourceHolder.cpp,CResourceHolder::sm_szResourceBlocks,CResourceHolder::sm_szResourceBlocks,,other,53,,WI,
common/resource/CResourceHolder.cpp,CResourceHolder::sm_szResourceBlocks,CResourceHolder::sm_szResourceBlocks,,other,54,,WORLDCHAR,
common/resource/CResourceHolder.cpp,CResourceHolder::sm_szResourceBlocks,CResourceHolder::sm_szResourceBlocks,,other,55,,WORLDITEM,
common/resource/CResourceHolder.cpp,CResourceHolder::sm_szResourceBlocks,CResourceHolder::sm_szResourceBlocks,,other,56,,WORLDLISTS,
common/resource/CResourceHolder.cpp,CResourceHolder::sm_szResourceBlocks,CResourceHolder::sm_szResourceBlocks,,other,57,,WORLDSCRIPT,
common/resource/CResourceHolder.cpp,CResourceHolder::sm_szResourceBlocks,CResourceHolder::sm_szResourceBlocks,,other,58,,WORLDVARS,
common/resource/CResourceHolder.cpp,CResourceHolder::sm_szResourceBlocks,CResourceHolder::sm_szResourceBlocks,,other,59,,WS,
common/resource/sections/CDialogDef.cpp,CDialogDef::sm_szLoadKeys,CDialogDef::sm_szLoadKeys,,props,0,,BUTTON,
common/resource/sections/CDialogDef.cpp,CDialogDef::sm_szLoadKeys,CDialogDef::sm_szLoadKeys,,props,1,,BUTTONTILEART,
common/resource/sections/CDialogDef.cpp,CDialogDef::sm_szLoadKeys,CDialogDef::sm_szLoadKeys,,props,2,,CHECKBOX,
common/resource/sections/CDialogDef.cpp,CDialogDef::sm_szLoadKeys,CDialogDef::sm_szLoadKeys,,props,3,,CHECKERTRANS,
common/resource/sections/CDialogDef.cpp,CDialogDef::sm_szLoadKeys,CDialogDef::sm_szLoadKeys,,props,4,,CROPPEDTEXT,
common/resource/sections/CDialogDef.cpp,CDialogDef::sm_szLoadKeys,CDialogDef::sm_szLoadKeys,,props,5,,DCROPPEDTEXT,
common/resource/sections/CDialogDef.cpp,CDialogDef::sm_szLoadKeys,CDialogDef::sm_szLoadKeys,,props,6,,DHTMLGUMP,
common/resource/sections/CDialogDef.cpp,CDialogDef::sm_szLoadKeys,CDialogDef::sm_szLoadKeys,,props,7,,DORIGIN,
common/resource/sections/CDialogDef.cpp,CDialogDef::sm_szLoadKeys,CDialogDef::sm_szLoadKeys,,props,8,,DTEXT,
common/resource/sections/CDialogDef.cpp,CDialogDef::sm_szLoadKeys,CDialogDef::sm_szLoadKeys,,props,9,,DTEXTENTRY,
common/resource/sections/CDialogDef.cpp,CDialogDef::sm_szLoadKeys,CDialogDef::sm_szLoadKeys,,props,10,,DTEXTENTRYLIMITED,
common/resource/sections/CDialogDef.cpp,CDialogDef::sm_szLoadKeys,CDialogDef::sm_szLoadKeys,,props,11,,GROUP,
common/resource/sections/CDialogDef.cpp,CDialogDef::sm_szLoadKeys,CDialogDef::sm_szLoadKeys,,props,12,,GUMPPIC,
common/resource/sections/CDialogDef.cpp,CDialogDef::sm_szLoadKeys,CDialogDef::sm_szLoadKeys,,props,13,,GUMPPICTILED,
common/resource/sections/CDialogDef.cpp,CDialogDef::sm_szLoadKeys,CDialogDef::sm_szLoadKeys,,props,14,,HTMLGUMP,
common/resource/sections/CDialogDef.cpp,CDialogDef::sm_szLoadKeys,CDialogDef::sm_szLoadKeys,,props,15,,ITEMPROPERTY,
common/resource/sections/CDialogDef.cpp,CDialogDef::sm_szLoadKeys,CDialogDef::sm_szLoadKeys,,props,16,,NOCLOSE,
common/resource/sections/CDialogDef.cpp,CDialogDef::sm_szLoadKeys,CDialogDef::sm_szLoadKeys,,props,17,,NODISPOSE,
common/resource/sections/CDialogDef.cpp,CDialogDef::sm_szLoadKeys,CDialogDef::sm_szLoadKeys,,props,18,,NOMOVE,
common/resource/sections/CDialogDef.cpp,CDialogDef::sm_szLoadKeys,CDialogDef::sm_szLoadKeys,,props,19,,PAGE,
common/resource/sections/CDialogDef.cpp,CDialogDef::sm_szLoadKeys,CDialogDef::sm_szLoadKeys,,props,20,,PICINPIC,
common/resource/sections/CDialogDef.cpp,CDialogDef::sm_szLoadKeys,CDialogDef::sm_szLoadKeys,,props,21,,RADIO,
common/resource/sections/CDialogDef.cpp,CDialogDef::sm_szLoadKeys,CDialogDef::sm_szLoadKeys,,props,22,,RESIZEPIC,
common/resource/sections/CDialogDef.cpp,CDialogDef::sm_szLoadKeys,CDialogDef::sm_szLoadKeys,,props,23,,TEXT,
common/resource/sections/CDialogDef.cpp,CDialogDef::sm_szLoadKeys,CDialogDef::sm_szLoadKeys,,props,24,,TEXTENTRY,
common/resource/sections/CDialogDef.cpp,CDialogDef::sm_szLoadKeys,CDialogDef::sm_szLoadKeys,,props,25,,TEXTENTRYLIMITED,
common/resource/sections/CDialogDef.cpp,CDialogDef::sm_szLoadKeys,CDialogDef::sm_szLoadKeys,,props,26,,TILEPIC,
common/resource/sections/CDialogDef.cpp,CDialogDef::sm_szLoadKeys,CDialogDef::sm_szLoadKeys,,props,27,,TILEPICHUE,
common/resource/sections/CDialogDef.cpp,CDialogDef::sm_szLoadKeys,CDialogDef::sm_szLoadKeys,,props,28,,TOOLTIP,
common/resource/sections/CDialogDef.cpp,CDialogDef::sm_szLoadKeys,CDialogDef::sm_szLoadKeys,,props,29,,XMFHTMLGUMP,
common/resource/sections/CDialogDef.cpp,CDialogDef::sm_szLoadKeys,CDialogDef::sm_szLoadKeys,,props,30,,XMFHTMLGUMPCOLOR,
common/resource/sections/CDialogDef.cpp,CDialogDef::sm_szLoadKeys,CDialogDef::sm_szLoadKeys,,props,31,,XMFHTMLTOK,
common/resource/sections/CRandGroupDef.cpp,CRandGroupDef::sm_szLoadKeys,CRandGroupDef::sm_szLoadKeys,,props,0,,CALCMEMBERINDEX,
common/resource/sections/CRandGroupDef.cpp,CRandGroupDef::sm_szLoadKeys,CRandGroupDef::sm_szLoadKeys,,props,1,,CATEGORY,
common/resource/sections/CRandGroupDef.cpp,CRandGroupDef::sm_szLoadKeys,CRandGroupDef::sm_szLoadKeys,,props,2,,CONTAINER,
common/resource/sections/CRandGroupDef.cpp,CRandGroupDef::sm_szLoadKeys,CRandGroupDef::sm_szLoadKeys,,props,3,,DEFNAME,
common/resource/sections/CRandGroupDef.cpp,CRandGroupDef::sm_szLoadKeys,CRandGroupDef::sm_szLoadKeys,,props,4,,DESCRIPTION,
common/resource/sections/CRandGroupDef.cpp,CRandGroupDef::sm_szLoadKeys,CRandGroupDef::sm_szLoadKeys,,props,5,,ID,
common/resource/sections/CRandGroupDef.cpp,CRandGroupDef::sm_szLoadKeys,CRandGroupDef::sm_szLoadKeys,,props,6,,RESOURCES,
common/resource/sections/CRandGroupDef.cpp,CRandGroupDef::sm_szLoadKeys,CRandGroupDef::sm_szLoadKeys,,props,7,,SUBSECTION,
common/resource/sections/CRandGroupDef.cpp,CRandGroupDef::sm_szLoadKeys,CRandGroupDef::sm_szLoadKeys,,props,8,,WEIGHT,
common/resource/sections/CRegionResourceDef.cpp,CRegionResourceDef::sm_szLoadKeys,CRegionResourceDef::sm_szLoadKeys,,props,0,,AMOUNT,
common/resource/sections/CRegionResourceDef.cpp,CRegionResourceDef::sm_szLoadKeys,CRegionResourceDef::sm_szLoadKeys,,props,1,,DEFNAME,
common/resource/sections/CRegionResourceDef.cpp,CRegionResourceDef::sm_szLoadKeys,CRegionResourceDef::sm_szLoadKeys,,props,2,,REAP,
common/resource/sections/CRegionResourceDef.cpp,CRegionResourceDef::sm_szLoadKeys,CRegionResourceDef::sm_szLoadKeys,,props,3,,REAPAMOUNT,
common/resource/sections/CRegionResourceDef.cpp,CRegionResourceDef::sm_szLoadKeys,CRegionResourceDef::sm_szLoadKeys,,props,4,,REGEN,
common/resource/sections/CRegionResourceDef.cpp,CRegionResourceDef::sm_szLoadKeys,CRegionResourceDef::sm_szLoadKeys,,props,5,,SKILL,
common/resource/sections/CRegionResourceDef.cpp,CRegionResourceDef::sm_szTrigName,CRegionResourceDef::sm_szTrigName,,triggers,0,,@AAAUNUSED,
common/resource/sections/CRegionResourceDef.cpp,CRegionResourceDef::sm_szTrigName,CRegionResourceDef::sm_szTrigName,,triggers,1,,@RESOURCEFOUND,
common/resource/sections/CRegionResourceDef.cpp,CRegionResourceDef::sm_szTrigName,CRegionResourceDef::sm_szTrigName,,triggers,2,,@RESOURCEGATHER,
common/resource/sections/CRegionResourceDef.cpp,CRegionResourceDef::sm_szTrigName,CRegionResourceDef::sm_szTrigName,,triggers,3,,@RESOURCETEST,
common/resource/sections/CSkillClassDef.cpp,CSkillClassDef::sm_szLoadKeys,CSkillClassDef::sm_szLoadKeys,,props,0,,DEFNAME,
common/resource/sections/CSkillClassDef.cpp,CSkillClassDef::sm_szLoadKeys,CSkillClassDef::sm_szLoadKeys,,props,1,,NAME,
common/resource/sections/CSkillClassDef.cpp,CSkillClassDef::sm_szLoadKeys,CSkillClassDef::sm_szLoadKeys,,props,2,,SKILLSUM,
common/resource/sections/CSkillClassDef.cpp,CSkillClassDef::sm_szLoadKeys,CSkillClassDef::sm_szLoadKeys,,props,3,,STATSUM,
common/resource/sections/CSkillDef.cpp,CSkillDef::sm_szTrigName,CSkillDef::sm_szTrigName,,triggers,0,,@AAAUNUSED,
common/resource/sections/CSkillDef.cpp,CSkillDef::sm_szTrigName,CSkillDef::sm_szTrigName,,triggers,1,,@ABORT,
common/resource/sections/CSkillDef.cpp,CSkillDef::sm_szTrigName,CSkillDef::sm_szTrigName,,triggers,2,,@FAIL,
common/resource/sections/CSkillDef.cpp,CSkillDef::sm_szTrigName,CSkillDef::sm_szTrigName,,triggers,3,,@GAIN,
common/resource/sections/CSkillDef.cpp,CSkillDef::sm_szTrigName,CSkillDef::sm_szTrigName,,triggers,4,,@PRESTART,
common/resource/sections/CSkillDef.cpp,CSkillDef::sm_szTrigName,CSkillDef::sm_szTrigName,,triggers,5,,@SELECT,
common/resource/sections/CSkillDef.cpp,CSkillDef::sm_szTrigName,CSkillDef::sm_szTrigName,,triggers,6,,@START,
common/resource/sections/CSkillDef.cpp,CSkillDef::sm_szTrigName,CSkillDef::sm_szTrigName,,triggers,7,,@STROKE,
common/resource/sections/CSkillDef.cpp,CSkillDef::sm_szTrigName,CSkillDef::sm_szTrigName,,triggers,8,,@SUCCESS,
common/resource/sections/CSkillDef.cpp,CSkillDef::sm_szTrigName,CSkillDef::sm_szTrigName,,triggers,9,,@TARGETCANCEL,
common/resource/sections/CSkillDef.cpp,CSkillDef::sm_szTrigName,CSkillDef::sm_szTrigName,,triggers,10,,@USEQUICK,
common/resource/sections/CSkillDef.cpp,CSkillDef::sm_szTrigName,CSkillDef::sm_szTrigName,,triggers,11,,@WAIT,
common/resource/sections/CSkillDef.cpp,CSkillDef::sm_szLoadKeys,CSkillDef::sm_szLoadKeys,,props,0,,ADV_RATE,
common/resource/sections/CSkillDef.cpp,CSkillDef::sm_szLoadKeys,CSkillDef::sm_szLoadKeys,,props,1,,BONUS_DEX,
common/resource/sections/CSkillDef.cpp,CSkillDef::sm_szLoadKeys,CSkillDef::sm_szLoadKeys,,props,2,,BONUS_INT,
common/resource/sections/CSkillDef.cpp,CSkillDef::sm_szLoadKeys,CSkillDef::sm_szLoadKeys,,props,3,,BONUS_STATS,
common/resource/sections/CSkillDef.cpp,CSkillDef::sm_szLoadKeys,CSkillDef::sm_szLoadKeys,,props,4,,BONUS_STR,
common/resource/sections/CSkillDef.cpp,CSkillDef::sm_szLoadKeys,CSkillDef::sm_szLoadKeys,,props,5,,DEFNAME,
common/resource/sections/CSkillDef.cpp,CSkillDef::sm_szLoadKeys,CSkillDef::sm_szLoadKeys,,props,6,,DELAY,
common/resource/sections/CSkillDef.cpp,CSkillDef::sm_szLoadKeys,CSkillDef::sm_szLoadKeys,,props,7,,EFFECT,
common/resource/sections/CSkillDef.cpp,CSkillDef::sm_szLoadKeys,CSkillDef::sm_szLoadKeys,,props,8,,FLAGS,
common/resource/sections/CSkillDef.cpp,CSkillDef::sm_szLoadKeys,CSkillDef::sm_szLoadKeys,,props,9,,GAINRADIUS,
common/resource/sections/CSkillDef.cpp,CSkillDef::sm_szLoadKeys,CSkillDef::sm_szLoadKeys,,props,10,,GROUP,
common/resource/sections/CSkillDef.cpp,CSkillDef::sm_szLoadKeys,CSkillDef::sm_szLoadKeys,,props,11,,KEY,
common/resource/sections/CSkillDef.cpp,CSkillDef::sm_szLoadKeys,CSkillDef::sm_szLoadKeys,,props,12,,NAME,
common/resource/sections/CSkillDef.cpp,CSkillDef::sm_szLoadKeys,CSkillDef::sm_szLoadKeys,,props,13,,PROMPT_CLILOC,
common/resource/sections/CSkillDef.cpp,CSkillDef::sm_szLoadKeys,CSkillDef::sm_szLoadKeys,,props,14,,PROMPT_MSG,
common/resource/sections/CSkillDef.cpp,CSkillDef::sm_szLoadKeys,CSkillDef::sm_szLoadKeys,,props,15,,RANGE,
common/resource/sections/CSkillDef.cpp,CSkillDef::sm_szLoadKeys,CSkillDef::sm_szLoadKeys,,props,16,,STAT_DEX,
common/resource/sections/CSkillDef.cpp,CSkillDef::sm_szLoadKeys,CSkillDef::sm_szLoadKeys,,props,17,,STAT_INT,
common/resource/sections/CSkillDef.cpp,CSkillDef::sm_szLoadKeys,CSkillDef::sm_szLoadKeys,,props,18,,STAT_STR,
common/resource/sections/CSkillDef.cpp,CSkillDef::sm_szLoadKeys,CSkillDef::sm_szLoadKeys,,props,19,,TITLE,
common/resource/sections/CSkillDef.cpp,CSkillDef::sm_szLoadKeys,CSkillDef::sm_szLoadKeys,,props,20,,VALUES,
common/resource/sections/CSpellDef.cpp,CSpellDef::sm_szTrigName,CSpellDef::sm_szTrigName,,triggers,0,,@AAAUNUSED,
common/resource/sections/CSpellDef.cpp,CSpellDef::sm_szTrigName,CSpellDef::sm_szTrigName,,triggers,1,,@EFFECT,
common/resource/sections/CSpellDef.cpp,CSpellDef::sm_szTrigName,CSpellDef::sm_szTrigName,,triggers,2,,@EFFECTADD,
common/resource/sections/CSpellDef.cpp,CSpellDef::sm_szTrigName,CSpellDef::sm_szTrigName,,triggers,3,,@EFFECTREMOVE,
common/resource/sections/CSpellDef.cpp,CSpellDef::sm_szTrigName,CSpellDef::sm_szTrigName,,triggers,4,,@EFFECTTICK,
common/resource/sections/CSpellDef.cpp,CSpellDef::sm_szTrigName,CSpellDef::sm_szTrigName,,triggers,5,,@FAIL,
common/resource/sections/CSpellDef.cpp,CSpellDef::sm_szTrigName,CSpellDef::sm_szTrigName,,triggers,6,,@SELECT,
common/resource/sections/CSpellDef.cpp,CSpellDef::sm_szTrigName,CSpellDef::sm_szTrigName,,triggers,7,,@START,
common/resource/sections/CSpellDef.cpp,CSpellDef::sm_szTrigName,CSpellDef::sm_szTrigName,,triggers,8,,@SUCCESS,
common/resource/sections/CSpellDef.cpp,CSpellDef::sm_szTrigName,CSpellDef::sm_szTrigName,,triggers,9,,@TARGETCANCEL,
common/resource/sections/CSpellDef.cpp,CSpellDef::sm_szLoadKeys,CSpellDef::sm_szLoadKeys,,props,0,,CAST_TIME,
common/resource/sections/CSpellDef.cpp,CSpellDef::sm_szLoadKeys,CSpellDef::sm_szLoadKeys,,props,1,,DEFNAME,
common/resource/sections/CSpellDef.cpp,CSpellDef::sm_szLoadKeys,CSpellDef::sm_szLoadKeys,,props,2,,DURATION,
common/resource/sections/CSpellDef.cpp,CSpellDef::sm_szLoadKeys,CSpellDef::sm_szLoadKeys,,props,3,,EFFECT,
common/resource/sections/CSpellDef.cpp,CSpellDef::sm_szLoadKeys,CSpellDef::sm_szLoadKeys,,props,4,,EFFECT_ID,
common/resource/sections/CSpellDef.cpp,CSpellDef::sm_szLoadKeys,CSpellDef::sm_szLoadKeys,,props,5,,FLAGS,
common/resource/sections/CSpellDef.cpp,CSpellDef::sm_szLoadKeys,CSpellDef::sm_szLoadKeys,,props,6,,GROUP,
common/resource/sections/CSpellDef.cpp,CSpellDef::sm_szLoadKeys,CSpellDef::sm_szLoadKeys,,props,7,,INTERRUPT,
common/resource/sections/CSpellDef.cpp,CSpellDef::sm_szLoadKeys,CSpellDef::sm_szLoadKeys,,props,8,,LAYER,
common/resource/sections/CSpellDef.cpp,CSpellDef::sm_szLoadKeys,CSpellDef::sm_szLoadKeys,,props,9,,MANAUSE,
common/resource/sections/CSpellDef.cpp,CSpellDef::sm_szLoadKeys,CSpellDef::sm_szLoadKeys,,props,10,,NAME,
common/resource/sections/CSpellDef.cpp,CSpellDef::sm_szLoadKeys,CSpellDef::sm_szLoadKeys,,props,11,,PROMPT_MSG,
common/resource/sections/CSpellDef.cpp,CSpellDef::sm_szLoadKeys,CSpellDef::sm_szLoadKeys,,props,12,,RESOURCES,
common/resource/sections/CSpellDef.cpp,CSpellDef::sm_szLoadKeys,CSpellDef::sm_szLoadKeys,,props,13,,RUNE_ITEM,
common/resource/sections/CSpellDef.cpp,CSpellDef::sm_szLoadKeys,CSpellDef::sm_szLoadKeys,,props,14,,RUNES,
common/resource/sections/CSpellDef.cpp,CSpellDef::sm_szLoadKeys,CSpellDef::sm_szLoadKeys,,props,15,,SCROLL_ITEM,
common/resource/sections/CSpellDef.cpp,CSpellDef::sm_szLoadKeys,CSpellDef::sm_szLoadKeys,,props,16,,SKILLREQ,
common/resource/sections/CSpellDef.cpp,CSpellDef::sm_szLoadKeys,CSpellDef::sm_szLoadKeys,,props,17,,SOUND,
common/resource/sections/CSpellDef.cpp,CSpellDef::sm_szLoadKeys,CSpellDef::sm_szLoadKeys,,props,18,,TITHINGUSE,
common/resource/sections/CWebPageDef.cpp,CWebPageDef::sm_szVerbKeys,CWebPageDef::sm_szVerbKeys,,verbs,0,,CLIENTLIST,
common/resource/sections/CWebPageDef.cpp,CWebPageDef::sm_szVerbKeys,CWebPageDef::sm_szVerbKeys,,verbs,1,,GMPAGELIST,
common/resource/sections/CWebPageDef.cpp,CWebPageDef::sm_szVerbKeys,CWebPageDef::sm_szVerbKeys,,verbs,2,,GUILDLIST,
common/resource/sections/CWebPageDef.cpp,CWebPageDef::sm_szVerbKeys,CWebPageDef::sm_szVerbKeys,,verbs,3,,TOWNLIST,
common/resource/sections/CWebPageDef.cpp,CWebPageDef::sm_szVerbKeys,CWebPageDef::sm_szVerbKeys,,verbs,4,,WEBPAGE,
common/resource/sections/CWebPageDef.cpp,CWebPageDef::sm_szLoadKeys,CWebPageDef::sm_szLoadKeys,,props,0,,PLEVEL,
common/resource/sections/CWebPageDef.cpp,CWebPageDef::sm_szLoadKeys,CWebPageDef::sm_szLoadKeys,,props,1,,WEBPAGEFILE,
common/resource/sections/CWebPageDef.cpp,CWebPageDef::sm_szLoadKeys,CWebPageDef::sm_szLoadKeys,,props,2,,WEBPAGELOG,
common/resource/sections/CWebPageDef.cpp,CWebPageDef::sm_szLoadKeys,CWebPageDef::sm_szLoadKeys,,props,3,,WEBPAGESRC,
common/resource/sections/CWebPageDef.cpp,CWebPageDef::sm_szLoadKeys,CWebPageDef::sm_szLoadKeys,,props,4,,WEBPAGEUPDATE,
common/resource/sections/CWebPageDef.cpp,CWebPageDef::sm_szPageExt,CWebPageDef::sm_szPageExt,,other,0,,.BMP,
common/resource/sections/CWebPageDef.cpp,CWebPageDef::sm_szPageExt,CWebPageDef::sm_szPageExt,,other,1,,.GIF,
common/resource/sections/CWebPageDef.cpp,CWebPageDef::sm_szPageExt,CWebPageDef::sm_szPageExt,,other,2,,.HTM,
common/resource/sections/CWebPageDef.cpp,CWebPageDef::sm_szPageExt,CWebPageDef::sm_szPageExt,,other,3,,.HTML,
common/resource/sections/CWebPageDef.cpp,CWebPageDef::sm_szPageExt,CWebPageDef::sm_szPageExt,,other,4,,.JPEG,
common/resource/sections/CWebPageDef.cpp,CWebPageDef::sm_szPageExt,CWebPageDef::sm_szPageExt,,other,5,,.JPG,
common/resource/sections/CWebPageDef.cpp,CWebPageDef::sm_szPageExt,CWebPageDef::sm_szPageExt,,other,6,,.JS,
common/resource/sections/CWebPageDef.cpp,CWebPageDef::sm_szPageExt,CWebPageDef::sm_szPageExt,,other,7,,.TXT,
common/resource/sections/CWebPageDef.cpp,CWebPageDef::sm_szPageExt,CWebPageDef::sm_szPageExt,,other,8,,.PNG,
common/resource/sections/CWebPageDef.cpp,CWebPageDef::sm_szPageExt,CWebPageDef::sm_szPageExt,,other,9,,.SVG,
common/resource/sections/CWebPageDef.cpp,CWebPageDef::sm_szPageExt,CWebPageDef::sm_szPageExt,,other,10,,.WEBP,
common/resource/sections/CWebPageDef.cpp,CWebPageDef::sm_szPageExt,CWebPageDef::sm_szPageExt,,other,11,,.XML,
common/resource/sections/CWebPageDef.cpp,CWebPageDef::sm_szPageExt,CWebPageDef::sm_szPageExt,,other,12,,.CSV,
common/resource/sections/CWebPageDef.cpp,CWebPageDef::sm_szPageExt,CWebPageDef::sm_szPageExt,,other,13,,.JSON,
common/resource/sections/CWebPageDef.cpp,CWebPageDef::sm_szPageType,CWebPageDef::sm_szPageType,,other,0,,text/html,
common/resource/sections/CWebPageDef.cpp,CWebPageDef::sm_szPageType,CWebPageDef::sm_szPageType,,other,1,,text/plain,
common/resource/sections/CWebPageDef.cpp,CWebPageDef::sm_szPageType,CWebPageDef::sm_szPageType,,other,2,,image/bmp,
common/resource/sections/CWebPageDef.cpp,CWebPageDef::sm_szPageType,CWebPageDef::sm_szPageType,,other,3,,image/gif,
common/resource/sections/CWebPageDef.cpp,CWebPageDef::sm_szPageType,CWebPageDef::sm_szPageType,,other,4,,image/jpeg,
common/resource/sections/CWebPageDef.cpp,CWebPageDef::sm_szPageType,CWebPageDef::sm_szPageType,,other,5,,text/javascript,
common/resource/sections/CWebPageDef.cpp,CWebPageDef::sm_szPageType,CWebPageDef::sm_szPageType,,other,6,,image/png,
common/resource/sections/CWebPageDef.cpp,CWebPageDef::sm_szPageType,CWebPageDef::sm_szPageType,,other,7,,image/svg+xml,
common/resource/sections/CWebPageDef.cpp,CWebPageDef::sm_szPageType,CWebPageDef::sm_szPageType,,other,8,,image/webp,
common/resource/sections/CWebPageDef.cpp,CWebPageDef::sm_szPageType,CWebPageDef::sm_szPageType,,other,9,,text/xml,
common/resource/sections/CWebPageDef.cpp,CWebPageDef::sm_szPageType,CWebPageDef::sm_szPageType,,other,10,,application/json,
common/resource/sections/CWebPageDef.cpp,CWebPageDef::sm_szPageType,CWebPageDef::sm_szPageType,,other,11,,text/csv,
common/resource/sections/CWebPageDef.cpp,CWebPageDef::sm_szTrigName,CWebPageDef::sm_szTrigName,,triggers,0,,@AAAUNUSED,
common/resource/sections/CWebPageDef.cpp,CWebPageDef::sm_szTrigName,CWebPageDef::sm_szTrigName,,triggers,1,,@LOAD,
common/sqlite/SQLite.cpp,CSQLite::sm_szLoadKeys,CSQLite::sm_szLoadKeys,,props,0,,CONNECTED,
common/sqlite/SQLite.cpp,CSQLite::sm_szLoadKeys,CSQLite::sm_szLoadKeys,,props,1,,FILENAME,
common/sqlite/SQLite.cpp,CSQLite::sm_szLoadKeys,CSQLite::sm_szLoadKeys,,props,2,,ROW,
common/sqlite/SQLite.cpp,CSQLite::sm_szVerbKeys,CSQLite::sm_szVerbKeys,,verbs,0,,CLOSE,
common/sqlite/SQLite.cpp,CSQLite::sm_szVerbKeys,CSQLite::sm_szVerbKeys,,verbs,1,,CONNECT,
common/sqlite/SQLite.cpp,CSQLite::sm_szVerbKeys,CSQLite::sm_szVerbKeys,,verbs,2,,EXECUTE,
common/sqlite/SQLite.cpp,CSQLite::sm_szVerbKeys,CSQLite::sm_szVerbKeys,,verbs,3,,EXPORTDB,
common/sqlite/SQLite.cpp,CSQLite::sm_szVerbKeys,CSQLite::sm_szVerbKeys,,verbs,4,,IMPORTDB,
common/sqlite/SQLite.cpp,CSQLite::sm_szVerbKeys,CSQLite::sm_szVerbKeys,,verbs,5,,QUERY,
game/CObjBase.cpp,CObjBase::sm_szRefKeys,CObjBase::sm_szRefKeys,,refs,0,,ROOM,
game/CObjBase.cpp,CObjBase::sm_szRefKeys,CObjBase::sm_szRefKeys,,refs,1,,SECTOR,
game/CObjBase.cpp,CObjBase::sm_szRefKeys,CObjBase::sm_szRefKeys,,refs,2,,SPAWNITEM,
game/CObjBase.cpp,CObjBase::sm_szRefKeys,CObjBase::sm_szRefKeys,,refs,3,,TOPOBJ,
game/CObjBase.cpp,CObjBase::sm_szRefKeys,CObjBase::sm_szRefKeys,,refs,4,,TYPEDEF,
game/CRegion.cpp,CRegion::sm_szLoadKeys,CRegion::sm_szLoadKeys,,props,0,,ANNOUNCE,
game/CRegion.cpp,CRegion::sm_szLoadKeys,CRegion::sm_szLoadKeys,,props,1,,ARENA,
game/CRegion.cpp,CRegion::sm_szLoadKeys,CRegion::sm_szLoadKeys,,props,2,,BUILDABLE,
game/CRegion.cpp,CRegion::sm_szLoadKeys,CRegion::sm_szLoadKeys,,props,3,,CLIENTS,
game/CRegion.cpp,CRegion::sm_szLoadKeys,CRegion::sm_szLoadKeys,,props,4,,COLDCHANCE,
game/CRegion.cpp,CRegion::sm_szLoadKeys,CRegion::sm_szLoadKeys,,props,5,,DEFNAME,
game/CRegion.cpp,CRegion::sm_szLoadKeys,CRegion::sm_szLoadKeys,,props,6,,EVENTS,
game/CRegion.cpp,CRegion::sm_szLoadKeys,CRegion::sm_szLoadKeys,,props,7,,FLAGS,
game/CRegion.cpp,CRegion::sm_szLoadKeys,CRegion::sm_szLoadKeys,,props,8,,GATE,
game/CRegion.cpp,CRegion::sm_szLoadKeys,CRegion::sm_szLoadKeys,,props,9,,GROUP,
game/CRegion.cpp,CRegion::sm_szLoadKeys,CRegion::sm_szLoadKeys,,props,10,,GUARDED,
game/CRegion.cpp,CRegion::sm_szLoadKeys,CRegion::sm_szLoadKeys,,props,11,,ISEVENT,
game/CRegion.cpp,CRegion::sm_szLoadKeys,CRegion::sm_szLoadKeys,,props,12,,MAGIC,
game/CRegion.cpp,CRegion::sm_szLoadKeys,CRegion::sm_szLoadKeys,,props,13,,MAP,
game/CRegion.cpp,CRegion::sm_szLoadKeys,CRegion::sm_szLoadKeys,,props,14,,MARK,
game/CRegion.cpp,CRegion::sm_szLoadKeys,CRegion::sm_szLoadKeys,,props,15,,NAME,
game/CRegion.cpp,CRegion::sm_szLoadKeys,CRegion::sm_szLoadKeys,,props,16,,NOBUILD,
game/CRegion.cpp,CRegion::sm_szLoadKeys,CRegion::sm_szLoadKeys,,props,17,,NODECAY,
game/CRegion.cpp,CRegion::sm_szLoadKeys,CRegion::sm_szLoadKeys,,props,18,,NOPVP,
game/CRegion.cpp,CRegion::sm_szLoadKeys,CRegion::sm_szLoadKeys,,props,19,,P,
game/CRegion.cpp,CRegion::sm_szLoadKeys,CRegion::sm_szLoadKeys,,props,20,,RAINCHANCE,
game/CRegion.cpp,CRegion::sm_szLoadKeys,CRegion::sm_szLoadKeys,,props,21,,RECALL,
game/CRegion.cpp,CRegion::sm_szLoadKeys,CRegion::sm_szLoadKeys,,props,22,,RECALLIN,
game/CRegion.cpp,CRegion::sm_szLoadKeys,CRegion::sm_szLoadKeys,,props,23,,RECALLOUT,
game/CRegion.cpp,CRegion::sm_szLoadKeys,CRegion::sm_szLoadKeys,,props,24,,RECT,
game/CRegion.cpp,CRegion::sm_szLoadKeys,CRegion::sm_szLoadKeys,,props,25,,SAFE,
game/CRegion.cpp,CRegion::sm_szLoadKeys,CRegion::sm_szLoadKeys,,props,26,,TAG,
game/CRegion.cpp,CRegion::sm_szLoadKeys,CRegion::sm_szLoadKeys,,props,27,,TAG0,
game/CRegion.cpp,CRegion::sm_szLoadKeys,CRegion::sm_szLoadKeys,,props,28,,TAGAT,
game/CRegion.cpp,CRegion::sm_szLoadKeys,CRegion::sm_szLoadKeys,,props,29,,TAGCOUNT,
game/CRegion.cpp,CRegion::sm_szLoadKeys,CRegion::sm_szLoadKeys,,props,30,,TYPE,
game/CRegion.cpp,CRegion::sm_szLoadKeys,CRegion::sm_szLoadKeys,,props,31,,UID,
game/CRegion.cpp,CRegion::sm_szLoadKeys,CRegion::sm_szLoadKeys,,props,32,,UNDERGROUND,
game/CRegion.cpp,CRegion::sm_szVerbKeys,CRegion::sm_szVerbKeys,,verbs,0,,ALLCLIENTS,
game/CRegion.cpp,CRegion::sm_szVerbKeys,CRegion::sm_szVerbKeys,,verbs,1,,TAGLIST,
game/CRegion.cpp,CRegion::sm_szTrigName,CRegion::sm_szTrigName,,triggers,0,,@AAAUNUSED,
game/CRegion.cpp,CRegion::sm_szTrigName,CRegion::sm_szTrigName,,triggers,1,,@CLIPERIODIC,
game/CRegion.cpp,CRegion::sm_szTrigName,CRegion::sm_szTrigName,,triggers,2,,@ENTER,
game/CRegion.cpp,CRegion::sm_szTrigName,CRegion::sm_szTrigName,,triggers,3,,@EXIT,
game/CRegion.cpp,CRegion::sm_szTrigName,CRegion::sm_szTrigName,,triggers,4,,@REGPERIODIC,
game/CRegion.cpp,CRegion::sm_szTrigName,CRegion::sm_szTrigName,,triggers,5,,@STEP,
game/CRegion.cpp,CRegionWorld::sm_szLoadKeys,CRegionWorld::sm_szLoadKeys,,props,0,,REGION,
game/CRegion.cpp,CRegionWorld::sm_szLoadKeys,CRegionWorld::sm_szLoadKeys,,props,1,,RESOURCES,
game/CSector.cpp,CSector::sm_szLoadKeys,CSector::sm_szLoadKeys,,props,0,,CANSLEEP,
game/CSector.cpp,CSector::sm_szLoadKeys,CSector::sm_szLoadKeys,,props,1,,CLIENTS,
game/CSector.cpp,CSector::sm_szLoadKeys,CSector::sm_szLoadKeys,,props,2,,COLDCHANCE,
game/CSector.cpp,CSector::sm_szLoadKeys,CSector::sm_szLoadKeys,,props,3,,COMPLEXITY,
game/CSector.cpp,CSector::sm_szLoadKeys,CSector::sm_szLoadKeys,,props,4,,FLAGS,
game/CSector.cpp,CSector::sm_szLoadKeys,CSector::sm_szLoadKeys,,props,5,,ISDARK,
game/CSector.cpp,CSector::sm_szLoadKeys,CSector::sm_szLoadKeys,,props,6,,ISNIGHTTIME,
game/CSector.cpp,CSector::sm_szLoadKeys,CSector::sm_szLoadKeys,,props,7,,ISSLEEPING,
game/CSector.cpp,CSector::sm_szLoadKeys,CSector::sm_szLoadKeys,,props,8,,ITEMCOUNT,
game/CSector.cpp,CSector::sm_szLoadKeys,CSector::sm_szLoadKeys,,props,9,,LIGHT,
game/CSector.cpp,CSector::sm_szLoadKeys,CSector::sm_szLoadKeys,,props,10,,LOCALTIME,
game/CSector.cpp,CSector::sm_szLoadKeys,CSector::sm_szLoadKeys,,props,11,,LOCALTOD,
game/CSector.cpp,CSector::sm_szLoadKeys,CSector::sm_szLoadKeys,,props,12,,NUMBER,
game/CSector.cpp,CSector::sm_szLoadKeys,CSector::sm_szLoadKeys,,props,13,,RAINCHANCE,
game/CSector.cpp,CSector::sm_szLoadKeys,CSector::sm_szLoadKeys,,props,14,,SEASON,
game/CSector.cpp,CSector::sm_szLoadKeys,CSector::sm_szLoadKeys,,props,15,,WEATHER,
game/CServer.cpp,CServer::sm_szVerbKeys,CServer::sm_szVerbKeys,,verbs,0,,ACCOUNT,
game/CServer.cpp,CServer::sm_szVerbKeys,CServer::sm_szVerbKeys,,verbs,1,,ACCOUNTS,
game/CServer.cpp,CServer::sm_szVerbKeys,CServer::sm_szVerbKeys,,verbs,2,,ALLCLIENTS,
game/CServer.cpp,CServer::sm_szVerbKeys,CServer::sm_szVerbKeys,,verbs,3,,B,
game/CServer.cpp,CServer::sm_szVerbKeys,CServer::sm_szVerbKeys,,verbs,4,,BLOCKIP,
game/CServer.cpp,CServer::sm_szVerbKeys,CServer::sm_szVerbKeys,,verbs,5,,CALCCRYPT,
game/CServer.cpp,CServer::sm_szVerbKeys,CServer::sm_szVerbKeys,,verbs,6,,CHARS,
game/CServer.cpp,CServer::sm_szVerbKeys,CServer::sm_szVerbKeys,,verbs,7,,CLEARLISTS,
game/CServer.cpp,CServer::sm_szVerbKeys,CServer::sm_szVerbKeys,,verbs,8,,CONSOLE,
game/CServer.cpp,CServer::sm_szVerbKeys,CServer::sm_szVerbKeys,,verbs,9,,CRASH,
game/CServer.cpp,CServer::sm_szVerbKeys,CServer::sm_szVerbKeys,,verbs,10,,EXPORT,
game/CServer.cpp,CServer::sm_szVerbKeys,CServer::sm_szVerbKeys,,verbs,11,,GARBAGE,
game/CServer.cpp,CServer::sm_szVerbKeys,CServer::sm_szVerbKeys,,verbs,12,,GMPAGES,
game/CServer.cpp,CServer::sm_szVerbKeys,CServer::sm_szVerbKeys,,verbs,13,,HEARALL,
game/CServer.cpp,CServer::sm_szVerbKeys,CServer::sm_szVerbKeys,,verbs,14,,IMPORT,
game/CServer.cpp,CServer::sm_szVerbKeys,CServer::sm_szVerbKeys,,verbs,15,,INFORMATION,
game/CServer.cpp,CServer::sm_szVerbKeys,CServer::sm_szVerbKeys,,verbs,16,,ITEMS,
game/CServer.cpp,CServer::sm_szVerbKeys,CServer::sm_szVerbKeys,,verbs,17,,LOAD,
game/CServer.cpp,CServer::sm_szVerbKeys,CServer::sm_szVerbKeys,,verbs,18,,LOG,
game/CServer.cpp,CServer::sm_szVerbKeys,CServer::sm_szVerbKeys,,verbs,19,,PRINTLISTS,
game/CServer.cpp,CServer::sm_szVerbKeys,CServer::sm_szVerbKeys,,verbs,20,,RESPAWN,
game/CServer.cpp,CServer::sm_szVerbKeys,CServer::sm_szVerbKeys,,verbs,21,,RESTOCK,
game/CServer.cpp,CServer::sm_szVerbKeys,CServer::sm_szVerbKeys,,verbs,22,,RESTORE,
game/CServer.cpp,CServer::sm_szVerbKeys,CServer::sm_szVerbKeys,,verbs,23,,RESYNC,
game/CServer.cpp,CServer::sm_szVerbKeys,CServer::sm_szVerbKeys,,verbs,24,,SAVE,
game/CServer.cpp,CServer::sm_szVerbKeys,CServer::sm_szVerbKeys,,verbs,25,,SAVECOUNT,
game/CServer.cpp,CServer::sm_szVerbKeys,CServer::sm_szVerbKeys,,verbs,26,,SAVESTATICS,
game/CServer.cpp,CServer::sm_szVerbKeys,CServer::sm_szVerbKeys,,verbs,27,,SECURE,
game/CServer.cpp,CServer::sm_szVerbKeys,CServer::sm_szVerbKeys,,verbs,28,,SHRINKMEM,
game/CServer.cpp,CServer::sm_szVerbKeys,CServer::sm_szVerbKeys,,verbs,29,,SHUTDOWN,
game/CServer.cpp,CServer::sm_szVerbKeys,CServer::sm_szVerbKeys,,verbs,30,,TIME,
game/CServer.cpp,CServer::sm_szVerbKeys,CServer::sm_szVerbKeys,,verbs,31,,UNBLOCKIP,
game/CServer.cpp,CServer::sm_szVerbKeys,CServer::sm_szVerbKeys,,verbs,32,,VARLIST,
game/CServerDef.cpp,CServerDef::sm_szLoadKeys,CServerDef::sm_szLoadKeys,,props,0,,ACCAPP,
game/CServerDef.cpp,CServerDef::sm_szLoadKeys,CServerDef::sm_szLoadKeys,,props,1,,ACCAPPS,
game/CServerDef.cpp,CServerDef::sm_szLoadKeys,CServerDef::sm_szLoadKeys,,props,2,,ACCOUNTS,
game/CServerDef.cpp,CServerDef::sm_szLoadKeys,CServerDef::sm_szLoadKeys,,props,3,,ADMINEMAIL,
game/CServerDef.cpp,CServerDef::sm_szLoadKeys,CServerDef::sm_szLoadKeys,,props,4,,AGE,
game/CServerDef.cpp,CServerDef::sm_szLoadKeys,CServerDef::sm_szLoadKeys,,props,5,,CHARS,
game/CServerDef.cpp,CServerDef::sm_szLoadKeys,CServerDef::sm_szLoadKeys,,props,6,,CLIENTS,
game/CServerDef.cpp,CServerDef::sm_szLoadKeys,CServerDef::sm_szLoadKeys,,props,7,,CLIENTVERSION,
game/CServerDef.cpp,CServerDef::sm_szLoadKeys,CServerDef::sm_szLoadKeys,,props,8,,CREATE,
game/CServerDef.cpp,CServerDef::sm_szLoadKeys,CServerDef::sm_szLoadKeys,,props,9,,GMPAGES,
game/CServerDef.cpp,CServerDef::sm_szLoadKeys,CServerDef::sm_szLoadKeys,,props,10,,ITEMS,
game/CServerDef.cpp,CServerDef::sm_szLoadKeys,CServerDef::sm_szLoadKeys,,props,11,,LANG,
game/CServerDef.cpp,CServerDef::sm_szLoadKeys,CServerDef::sm_szLoadKeys,,props,12,,LASTVALIDDATE,
game/CServerDef.cpp,CServerDef::sm_szLoadKeys,CServerDef::sm_szLoadKeys,,props,13,,LASTVALIDTIME,
game/CServerDef.cpp,CServerDef::sm_szLoadKeys,CServerDef::sm_szLoadKeys,,props,14,,MEM,
game/CServerDef.cpp,CServerDef::sm_szLoadKeys,CServerDef::sm_szLoadKeys,,props,15,,NAME,
game/CServerDef.cpp,CServerDef::sm_szLoadKeys,CServerDef::sm_szLoadKeys,,props,16,,SERVIP,
game/CServerDef.cpp,CServerDef::sm_szLoadKeys,CServerDef::sm_szLoadKeys,,props,17,,SERVNAME,
game/CServerDef.cpp,CServerDef::sm_szLoadKeys,CServerDef::sm_szLoadKeys,,props,18,,SERVPORT,
game/CServerDef.cpp,CServerDef::sm_szLoadKeys,CServerDef::sm_szLoadKeys,,props,19,,TIMEZONE,
game/CServerDef.cpp,CServerDef::sm_szLoadKeys,CServerDef::sm_szLoadKeys,,props,20,,URL,
game/CServerDef.cpp,CServerDef::sm_szLoadKeys,CServerDef::sm_szLoadKeys,,props,21,,URLLINK,
game/CServerDef.cpp,CServerDef::sm_szLoadKeys,CServerDef::sm_szLoadKeys,,props,22,,VERSION,
game/CWorld.cpp,CWorld::sm_szLoadKeys,CWorld::sm_szLoadKeys,,props,0,,CURTICK,
game/CWorld.cpp,CWorld::sm_szLoadKeys,CWorld::sm_szLoadKeys,,props,1,,PREVBUILD,
game/CWorld.cpp,CWorld::sm_szLoadKeys,CWorld::sm_szLoadKeys,,props,2,,SAVECOUNT,
game/CWorld.cpp,CWorld::sm_szLoadKeys,CWorld::sm_szLoadKeys,,props,3,,TIME,
game/CWorld.cpp,CWorld::sm_szLoadKeys,CWorld::sm_szLoadKeys,,props,4,,TIMEHIRES,
game/CWorld.cpp,CWorld::sm_szLoadKeys,CWorld::sm_szLoadKeys,,props,5,,TITLE,
game/CWorld.cpp,CWorld::sm_szLoadKeys,CWorld::sm_szLoadKeys,,props,6,,VERSION,
game/chars/CChar.cpp,CChar::sm_szTrigName,CChar::sm_szTrigName,,triggers,0,,@AAAUNUSED,
game/chars/CChar.cpp,CChar::sm_szTrigName,CChar::sm_szTrigName,,triggers,1,,@AddMulti,
game/chars/CChar.cpp,CChar::sm_szTrigName,CChar::sm_szTrigName,,triggers,2,,@AfkMode,
game/chars/CChar.cpp,CChar::sm_szTrigName,CChar::sm_szTrigName,,triggers,3,,@AfterClick,
game/chars/CChar.cpp,CChar::sm_szTrigName,CChar::sm_szTrigName,,triggers,4,,@ArrowQuest_Add,
game/chars/CChar.cpp,CChar::sm_szTrigName,CChar::sm_szTrigName,,triggers,5,,@ArrowQuest_Close,
game/chars/CChar.cpp,CChar::sm_szTrigName,CChar::sm_szTrigName,,triggers,6,,@Attack,
game/chars/CChar.cpp,CChar::sm_szTrigName,CChar::sm_szTrigName,,triggers,7,,@CallGuards,
game/chars/CChar.cpp,CChar::sm_szTrigName,CChar::sm_szTrigName,,triggers,8,,@charAttack,
game/chars/CChar.cpp,CChar::sm_szTrigName,CChar::sm_szTrigName,,triggers,9,,@charClick,
game/chars/CChar.cpp,CChar::sm_szTrigName,CChar::sm_szTrigName,,triggers,10,,@charClientTooltip,
game/chars/CChar.cpp,CChar::sm_szTrigName,CChar::sm_szTrigName,,triggers,11,,@charClientTooltip_AfterDefault,
game/chars/CChar.cpp,CChar::sm_szTrigName,CChar::sm_szTrigName,,triggers,12,,@charContextMenuRequest,
game/chars/CChar.cpp,CChar::sm_szTrigName,CChar::sm_szTrigName,,triggers,13,,@charContextMenuSelect,
game/chars/CChar.cpp,CChar::sm_szTrigName,CChar::sm_szTrigName,,triggers,14,,@charDClick,
game/chars/CChar.cpp,CChar::sm_szTrigName,CChar::sm_szTrigName,,triggers,15,,@charShove,
game/chars/CChar.cpp,CChar::sm_szTrigName,CChar::sm_szTrigName,,triggers,16,,@charTradeAccepted,
game/chars/CChar.cpp,CChar::sm_szTrigName,CChar::sm_szTrigName,,triggers,17,,@Click,
game/chars/CChar.cpp,CChar::sm_szTrigName,CChar::sm_szTrigName,,triggers,18,,@ClientTooltip,
game/chars/CChar.cpp,CChar::sm_szTrigName,CChar::sm_szTrigName,,triggers,19,,@ClientTooltip_AfterDefault,
game/chars/CChar.cpp,CChar::sm_szTrigName,CChar::sm_szTrigName,,triggers,20,,@CombatAdd,
game/chars/CChar.cpp,CChar::sm_szTrigName,CChar::sm_szTrigName,,triggers,21,,@CombatDelete,
game/chars/CChar.cpp,CChar::sm_szTrigName,CChar::sm_szTrigName,,triggers,22,,@CombatEnd,
game/chars/CChar.cpp,CChar::sm_szTrigName,CChar::sm_szTrigName,,triggers,23,,@CombatStart,
game/chars/CChar.cpp,CChar::sm_szTrigName,CChar::sm_szTrigName,,triggers,24,,@ContextMenuRequest,
game/chars/CChar.cpp,CChar::sm_szTrigName,CChar::sm_szTrigName,,triggers,25,,@ContextMenuSelect,
game/chars/CChar.cpp,CChar::sm_szTrigName,CChar::sm_szTrigName,,triggers,26,,@Create,
game/chars/CChar.cpp,CChar::sm_szTrigName,CChar::sm_szTrigName,,triggers,27,,@CreateLoot,
game/chars/CChar.cpp,CChar::sm_szTrigName,CChar::sm_szTrigName,,triggers,28,,@Criminal,
game/chars/CChar.cpp,CChar::sm_szTrigName,CChar::sm_szTrigName,,triggers,29,,@DClick,
game/chars/CChar.cpp,CChar::sm_szTrigName,CChar::sm_szTrigName,,triggers,30,,@Death,
game/chars/CChar.cpp,CChar::sm_szTrigName,CChar::sm_szTrigName,,triggers,31,,@DeathCorpse,
game/chars/CChar.cpp,CChar::sm_szTrigName,CChar::sm_szTrigName,,triggers,32,,@DelMulti,
game/chars/CChar.cpp,CChar::sm_szTrigName,CChar::sm_szTrigName,,triggers,33,,@Destroy,
game/chars/CChar.cpp,CChar::sm_szTrigName,CChar::sm_szTrigName,,triggers,34,,@Dismount,
game/chars/CChar.cpp,CChar::sm_szTrigName,CChar::sm_szTrigName,,triggers,35,,@Drink,
game/chars/CChar.cpp,CChar::sm_szTrigName,CChar::sm_szTrigName,,triggers,36,,@Dye,
game/chars/CChar.cpp,CChar::sm_szTrigName,CChar::sm_szTrigName,,triggers,37,,@Eat,
game/chars/CChar.cpp,CChar::sm_szTrigName,CChar::sm_szTrigName,,triggers,38,,@EnvironChange,
game/chars/CChar.cpp,CChar::sm_szTrigName,CChar::sm_szTrigName,,triggers,39,,@ExpChange,
game/chars/CChar.cpp,CChar::sm_szTrigName,CChar::sm_szTrigName,,triggers,40,,@ExpLevelChange,
game/chars/CChar.cpp,CChar::sm_szTrigName,CChar::sm_szTrigName,,triggers,41,,@Falling,
game/chars/CChar.cpp,CChar::sm_szTrigName,CChar::sm_szTrigName,,triggers,42,,@FameChange,
game/chars/CChar.cpp,CChar::sm_szTrigName,CChar::sm_szTrigName,,triggers,43,,@FollowersUpdate,
game/chars/CChar.cpp,CChar::sm_szTrigName,CChar::sm_szTrigName,,triggers,44,,@GetHit,
game/chars/CChar.cpp,CChar::sm_szTrigName,CChar::sm_szTrigName,,triggers,45,,@Hit,
game/chars/CChar.cpp,CChar::sm_szTrigName,CChar::sm_szTrigName,,triggers,46,,@HitCheck,
game/chars/CChar.cpp,CChar::sm_szTrigName,CChar::sm_szTrigName,,triggers,47,,@HitIgnore,
game/chars/CChar.cpp,CChar::sm_szTrigName,CChar::sm_szTrigName,,triggers,48,,@HitMiss,
game/chars/CChar.cpp,CChar::sm_szTrigName,CChar::sm_szTrigName,,triggers,49,,@HitParry,
game/chars/CChar.cpp,CChar::sm_szTrigName,CChar::sm_szTrigName,,triggers,50,,@HitReactive,
game/chars/CChar.cpp,CChar::sm_szTrigName,CChar::sm_szTrigName,,triggers,51,,@HitTry,
game/chars/CChar.cpp,CChar::sm_szTrigName,CChar::sm_szTrigName,,triggers,52,,@HouseDesignBegin,
game/chars/CChar.cpp,CChar::sm_szTrigName,CChar::sm_szTrigName,,triggers,53,,@HouseDesignCommit,
game/chars/CChar.cpp,CChar::sm_szTrigName,CChar::sm_szTrigName,,triggers,54,,@HouseDesignCommitItem,
game/chars/CChar.cpp,CChar::sm_szTrigName,CChar::sm_szTrigName,,triggers,55,,@HouseDesignExit,
game/chars/CChar.cpp,CChar::sm_szTrigName,CChar::sm_szTrigName,,triggers,56,,@itemAfterClick,
game/chars/CChar.cpp,CChar::sm_szTrigName,CChar::sm_szTrigName,,triggers,57,,@itemBuy,
game/chars/CChar.cpp,CChar::sm_szTrigName,CChar::sm_szTrigName,,triggers,58,,@itemCarveCorpse,
game/chars/CChar.cpp,CChar::sm_szTrigName,CChar::sm_szTrigName,,triggers,59,,@itemClick,
game/chars/CChar.cpp,CChar::sm_szTrigName,CChar::sm_szTrigName,,triggers,60,,@itemClientTooltip,
game/chars/CChar.cpp,CChar::sm_szTrigName,CChar::sm_szTrigName,,triggers,61,,@itemClientTooltip_AfterDefault,
game/chars/CChar.cpp,CChar::sm_szTrigName,CChar::sm_szTrigName,,triggers,62,,@itemContextMenuRequest,
game/chars/CChar.cpp,CChar::sm_szTrigName,CChar::sm_szTrigName,,triggers,63,,@itemContextMenuSelect,
game/chars/CChar.cpp,CChar::sm_szTrigName,CChar::sm_szTrigName,,triggers,64,,@itemCreate,
game/chars/CChar.cpp,CChar::sm_szTrigName,CChar::sm_szTrigName,,triggers,65,,@itemDamage,
game/chars/CChar.cpp,CChar::sm_szTrigName,CChar::sm_szTrigName,,triggers,66,,@itemDCLICK,
game/chars/CChar.cpp,CChar::sm_szTrigName,CChar::sm_szTrigName,,triggers,67,,@itemDestroy,
game/chars/CChar.cpp,CChar::sm_szTrigName,CChar::sm_szTrigName,,triggers,68,,@itemDropOn_Char,
game/chars/CChar.cpp,CChar::sm_szTrigName,CChar::sm_szTrigName,,triggers,69,,@itemDropOn_Ground,
game/chars/CChar.cpp,CChar::sm_szTrigName,CChar::sm_szTrigName,,triggers,70,,@itemDropOn_Item,
game/chars/CChar.cpp,CChar::sm_szTrigName,CChar::sm_szTrigName,,triggers,71,,@itemDropOn_Self,
game/chars/CChar.cpp,CChar::sm_szTrigName,CChar::sm_szTrigName,,triggers,72,,@ItemDropOn_Trade,
game/chars/CChar.cpp,CChar::sm_szTrigName,CChar::sm_szTrigName,,triggers,73,,@itemEQUIP,
game/chars/CChar.cpp,CChar::sm_szTrigName,CChar::sm_szTrigName,,triggers,74,,@itemEQUIPTEST,
game/chars/CChar.cpp,CChar::sm_szTrigName,CChar::sm_szTrigName,,triggers,75,,@itemMemoryEquip,
game/chars/CChar.cpp,CChar::sm_szTrigName,CChar::sm_szTrigName,,triggers,76,,@itemPICKUP_GROUND,
game/chars/CChar.cpp,CChar::sm_szTrigName,CChar::sm_szTrigName,,triggers,77,,@itemPICKUP_PACK,
game/chars/CChar.cpp,CChar::sm_szTrigName,CChar::sm_szTrigName,,triggers,78,,@itemPICKUP_SELF,
game/chars/CChar.cpp,CChar::sm_szTrigName,CChar::sm_szTrigName,,triggers,79,,@itemPICKUP_STACK,
game/chars/CChar.cpp,CChar::sm_szTrigName,CChar::sm_szTrigName,,triggers,80,,@itemRedeed,
game/chars/CChar.cpp,CChar::sm_szTrigName,CChar::sm_szTrigName,,triggers,81,,@ItemRegionEnter,
game/chars/CChar.cpp,CChar::sm_szTrigName,CChar::sm_szTrigName,,triggers,82,,@ItemRegionLeave,
game/chars/CChar.cpp,CChar::sm_szTrigName,CChar::sm_szTrigName,,triggers,83,,@itemSELL,
game/chars/CChar.cpp,CChar::sm_szTrigName,CChar::sm_szTrigName,,triggers,84,,@itemSmelt,
game/chars/CChar.cpp,CChar::sm_szTrigName,CChar::sm_szTrigName,,triggers,85,,@itemSPELL,
game/chars/CChar.cpp,CChar::sm_szTrigName,CChar::sm_szTrigName,,triggers,86,,@itemSTEP,
game/chars/CChar.cpp,CChar::sm_szTrigName,CChar::sm_szTrigName,,triggers,87,,@itemTARGON_CANCEL,
game/chars/CChar.cpp,CChar::sm_szTrigName,CChar::sm_szTrigName,,triggers,88,,@itemTARGON_CHAR,
game/chars/CChar.cpp,CChar::sm_szTrigName,CChar::sm_szTrigName,,triggers,89,,@itemTARGON_GROUND,
game/chars/CChar.cpp,CChar::sm_szTrigName,CChar::sm_szTrigName,,triggers,90,,@itemTARGON_ITEM,
game/chars/CChar.cpp,CChar::sm_szTrigName,CChar::sm_szTrigName,,triggers,91,,@itemTimer,
game/chars/CChar.cpp,CChar::sm_szTrigName,CChar::sm_szTrigName,,triggers,92,,@itemToolTip,
game/chars/CChar.cpp,CChar::sm_szTrigName,CChar::sm_szTrigName,,triggers,93,,@itemUNEQUIP,
game/chars/CChar.cpp,CChar::sm_szTrigName,CChar::sm_szTrigName,,triggers,94,,@Jailed,
game/chars/CChar.cpp,CChar::sm_szTrigName,CChar::sm_szTrigName,,triggers,95,,@KarmaChange,
game/chars/CChar.cpp,CChar::sm_szTrigName,CChar::sm_szTrigName,,triggers,96,,@Kill,
game/chars/CChar.cpp,CChar::sm_szTrigName,CChar::sm_szTrigName,,triggers,97,,@LogIn,
game/chars/CChar.cpp,CChar::sm_szTrigName,CChar::sm_szTrigName,,triggers,98,,@LogOut,
game/chars/CChar.cpp,CChar::sm_szTrigName,CChar::sm_szTrigName,,triggers,99,,@Mount,
game/chars/CChar.cpp,CChar::sm_szTrigName,CChar::sm_szTrigName,,triggers,100,,@MurderDecay,
game/chars/CChar.cpp,CChar::sm_szTrigName,CChar::sm_szTrigName,,triggers,101,,@MurderMark,
game/chars/CChar.cpp,CChar::sm_szTrigName,CChar::sm_szTrigName,,triggers,102,,@NotoSend,
game/chars/CChar.cpp,CChar::sm_szTrigName,CChar::sm_szTrigName,,triggers,103,,@NPCAcceptItem,
game/chars/CChar.cpp,CChar::sm_szTrigName,CChar::sm_szTrigName,,triggers,104,,@NPCActCast,
game/chars/CChar.cpp,CChar::sm_szTrigName,CChar::sm_szTrigName,,triggers,105,,@NPCActFight,
game/chars/CChar.cpp,CChar::sm_szTrigName,CChar::sm_szTrigName,,triggers,106,,@NPCActFollow,
game/chars/CChar.cpp,CChar::sm_szTrigName,CChar::sm_szTrigName,,triggers,107,,@NPCAction,
game/chars/CChar.cpp,CChar::sm_szTrigName,CChar::sm_szTrigName,,triggers,108,,@NPCActWander,
game/chars/CChar.cpp,CChar::sm_szTrigName,CChar::sm_szTrigName,,triggers,109,,@NPCHearGreeting,
game/chars/CChar.cpp,CChar::sm_szTrigName,CChar::sm_szTrigName,,triggers,110,,@NPCHearUnknown,
game/chars/CChar.cpp,CChar::sm_szTrigName,CChar::sm_szTrigName,,triggers,111,,@NPCLookAtChar,
game/chars/CChar.cpp,CChar::sm_szTrigName,CChar::sm_szTrigName,,triggers,112,,@NPCLookAtItem,
game/chars/CChar.cpp,CChar::sm_szTrigName,CChar::sm_szTrigName,,triggers,113,,@NPCLostTeleport,
game/chars/CChar.cpp,CChar::sm_szTrigName,CChar::sm_szTrigName,,triggers,114,,@NPCRefuseItem,
game/chars/CChar.cpp,CChar::sm_szTrigName,CChar::sm_szTrigName,,triggers,115,,@NPCRestock,
game/chars/CChar.cpp,CChar::sm_szTrigName,CChar::sm_szTrigName,,triggers,116,,@NPCSeeNewPlayer,
game/chars/CChar.cpp,CChar::sm_szTrigName,CChar::sm_szTrigName,,triggers,117,,@NPCSeeWantItem,
game/chars/CChar.cpp,CChar::sm_szTrigName,CChar::sm_szTrigName,,triggers,118,,@NPCSpecialAction,
game/chars/CChar.cpp,CChar::sm_szTrigName,CChar::sm_szTrigName,,triggers,119,,@PartyAdd,
game/chars/CChar.cpp,CChar::sm_szTrigName,CChar::sm_szTrigName,,triggers,120,,@PartyDisband,
game/chars/CChar.cpp,CChar::sm_szTrigName,CChar::sm_szTrigName,,triggers,121,,@PartyInvite,
game/chars/CChar.cpp,CChar::sm_szTrigName,CChar::sm_szTrigName,,triggers,122,,@PartyLeave,
game/chars/CChar.cpp,CChar::sm_szTrigName,CChar::sm_szTrigName,,triggers,123,,@PartyRemove,
game/chars/CChar.cpp,CChar::sm_szTrigName,CChar::sm_szTrigName,,triggers,124,,@PayGold,
game/chars/CChar.cpp,CChar::sm_szTrigName,CChar::sm_szTrigName,,triggers,125,,@PersonalSpace,
game/chars/CChar.cpp,CChar::sm_szTrigName,CChar::sm_szTrigName,,triggers,126,,@PetDesert,
game/chars/CChar.cpp,CChar::sm_szTrigName,CChar::sm_szTrigName,,triggers,127,,@PetRelease,
game/chars/CChar.cpp,CChar::sm_szTrigName,CChar::sm_szTrigName,,triggers,128,,@Profile,
game/chars/CChar.cpp,CChar::sm_szTrigName,CChar::sm_szTrigName,,triggers,129,,@ReceiveItem,
game/chars/CChar.cpp,CChar::sm_szTrigName,CChar::sm_szTrigName,,triggers,130,,@RegenStat,
game/chars/CChar.cpp,CChar::sm_szTrigName,CChar::sm_szTrigName,,triggers,131,,@RegionEnter,
game/chars/CChar.cpp,CChar::sm_szTrigName,CChar::sm_szTrigName,,triggers,132,,@RegionLeave,
game/chars/CChar.cpp,CChar::sm_szTrigName,CChar::sm_szTrigName,,triggers,133,,@RegionResourceFound,
game/chars/CChar.cpp,CChar::sm_szTrigName,CChar::sm_szTrigName,,triggers,134,,@RegionResourceGather,
game/chars/CChar.cpp,CChar::sm_szTrigName,CChar::sm_szTrigName,,triggers,135,,@Rename,
game/chars/CChar.cpp,CChar::sm_szTrigName,CChar::sm_szTrigName,,triggers,136,,@Resurrect,
game/chars/CChar.cpp,CChar::sm_szTrigName,CChar::sm_szTrigName,,triggers,137,,@Reveal,
game/chars/CChar.cpp,CChar::sm_szTrigName,CChar::sm_szTrigName,,triggers,138,,@SeeCrime,
game/chars/CChar.cpp,CChar::sm_szTrigName,CChar::sm_szTrigName,,triggers,139,,@SeeHidden,
game/chars/CChar.cpp,CChar::sm_szTrigName,CChar::sm_szTrigName,,triggers,140,,@SeeSnoop,
game/chars/CChar.cpp,CChar::sm_szTrigName,CChar::sm_szTrigName,,triggers,141,,@SendPaperdoll,
game/chars/CChar.cpp,CChar::sm_szTrigName,CChar::sm_szTrigName,,triggers,142,,@SkillAbort,
game/chars/CChar.cpp,CChar::sm_szTrigName,CChar::sm_szTrigName,,triggers,143,,@SkillChange,
game/chars/CChar.cpp,CChar::sm_szTrigName,CChar::sm_szTrigName,,triggers,144,,@SkillFail,
game/chars/CChar.cpp,CChar::sm_szTrigName,CChar::sm_szTrigName,,triggers,145,,@SkillGain,
game/chars/CChar.cpp,CChar::sm_szTrigName,CChar::sm_szTrigName,,triggers,146,,@SkillMakeItem,
game/chars/CChar.cpp,CChar::sm_szTrigName,CChar::sm_szTrigName,,triggers,147,,@SkillMenu,
game/chars/CChar.cpp,CChar::sm_szTrigName,CChar::sm_szTrigName,,triggers,148,,@SkillPreStart,
game/chars/CChar.cpp,CChar::sm_szTrigName,CChar::sm_szTrigName,,triggers,149,,@SkillSelect,
game/chars/CChar.cpp,CChar::sm_szTrigName,CChar::sm_szTrigName,,triggers,150,,@SkillStart,
game/chars/CChar.cpp,CChar::sm_szTrigName,CChar::sm_szTrigName,,triggers,151,,@SkillStroke,
game/chars/CChar.cpp,CChar::sm_szTrigName,CChar::sm_szTrigName,,triggers,152,,@SkillSuccess,
game/chars/CChar.cpp,CChar::sm_szTrigName,CChar::sm_szTrigName,,triggers,153,,@SkillTargetCancel,
game/chars/CChar.cpp,CChar::sm_szTrigName,CChar::sm_szTrigName,,triggers,154,,@SkillUseQuick,
game/chars/CChar.cpp,CChar::sm_szTrigName,CChar::sm_szTrigName,,triggers,155,,@SkillWait,
game/chars/CChar.cpp,CChar::sm_szTrigName,CChar::sm_szTrigName,,triggers,156,,@SpellBook,
game/chars/CChar.cpp,CChar::sm_szTrigName,CChar::sm_szTrigName,,triggers,157,,@SpellCast,
game/chars/CChar.cpp,CChar::sm_szTrigName,CChar::sm_szTrigName,,triggers,158,,@SpellEffect,
game/chars/CChar.cpp,CChar::sm_szTrigName,CChar::sm_szTrigName,,triggers,159,,@SpellEffectAdd,
game/chars/CChar.cpp,CChar::sm_szTrigName,CChar::sm_szTrigName,,triggers,160,,@SpellEffectRemove,
game/chars/CChar.cpp,CChar::sm_szTrigName,CChar::sm_szTrigName,,triggers,161,,@SpellEffectTick,
game/chars/CChar.cpp,CChar::sm_szTrigName,CChar::sm_szTrigName,,triggers,162,,@SpellFail,
game/chars/CChar.cpp,CChar::sm_szTrigName,CChar::sm_szTrigName,,triggers,163,,@SpellInterrupt,
game/chars/CChar.cpp,CChar::sm_szTrigName,CChar::sm_szTrigName,,triggers,164,,@SpellSelect,
game/chars/CChar.cpp,CChar::sm_szTrigName,CChar::sm_szTrigName,,triggers,165,,@SpellSuccess,
game/chars/CChar.cpp,CChar::sm_szTrigName,CChar::sm_szTrigName,,triggers,166,,@SpellTargetCancel,
game/chars/CChar.cpp,CChar::sm_szTrigName,CChar::sm_szTrigName,,triggers,167,,@StatChange,
game/chars/CChar.cpp,CChar::sm_szTrigName,CChar::sm_szTrigName,,triggers,168,,@StepStealth,
game/chars/CChar.cpp,CChar::sm_szTrigName,CChar::sm_szTrigName,,triggers,169,,@Targon_Cancel,
game/chars/CChar.cpp,CChar::sm_szTrigName,CChar::sm_szTrigName,,triggers,170,,@ToggleFlying,
game/chars/CChar.cpp,CChar::sm_szTrigName,CChar::sm_szTrigName,,triggers,171,,@ToolTip,
game/chars/CChar.cpp,CChar::sm_szTrigName,CChar::sm_szTrigName,,triggers,172,,@TradeAccepted,
game/chars/CChar.cpp,CChar::sm_szTrigName,CChar::sm_szTrigName,,triggers,173,,@TradeClose,
game/chars/CChar.cpp,CChar::sm_szTrigName,CChar::sm_szTrigName,,triggers,174,,@TradeCreate,
game/chars/CChar.cpp,CChar::sm_szTrigName,CChar::sm_szTrigName,,triggers,175,,@UserBugReport,
game/chars/CChar.cpp,CChar::sm_szTrigName,CChar::sm_szTrigName,,triggers,176,,@UserChatButton,
game/chars/CChar.cpp,CChar::sm_szTrigName,CChar::sm_szTrigName,,triggers,177,,@UserExtCmd,
game/chars/CChar.cpp,CChar::sm_szTrigName,CChar::sm_szTrigName,,triggers,178,,@UserExWalkLimit,
game/chars/CChar.cpp,CChar::sm_szTrigName,CChar::sm_szTrigName,,triggers,179,,@UserGuildButton,
game/chars/CChar.cpp,CChar::sm_szTrigName,CChar::sm_szTrigName,,triggers,180,,@UserKRToolbar,
game/chars/CChar.cpp,CChar::sm_szTrigName,CChar::sm_szTrigName,,triggers,181,,@UserMailBag,
game/chars/CChar.cpp,CChar::sm_szTrigName,CChar::sm_szTrigName,,triggers,182,,@UserQuestArrowClick,
game/chars/CChar.cpp,CChar::sm_szTrigName,CChar::sm_szTrigName,,triggers,183,,@UserQuestButton,
game/chars/CChar.cpp,CChar::sm_szTrigName,CChar::sm_szTrigName,,triggers,184,,@UserSkills,
game/chars/CChar.cpp,CChar::sm_szTrigName,CChar::sm_szTrigName,,triggers,185,,@UserSpecialMove,
game/chars/CChar.cpp,CChar::sm_szTrigName,CChar::sm_szTrigName,,triggers,186,,@UserStats,
game/chars/CChar.cpp,CChar::sm_szTrigName,CChar::sm_szTrigName,,triggers,187,,@UserUltimaStoreButton,
game/chars/CChar.cpp,CChar::sm_szTrigName,CChar::sm_szTrigName,,triggers,188,,@UserVirtue,
game/chars/CChar.cpp,CChar::sm_szTrigName,CChar::sm_szTrigName,,triggers,189,,@UserVirtueInvoke,
game/chars/CChar.cpp,CChar::sm_szTrigName,CChar::sm_szTrigName,,triggers,190,,@UserWarmode,
game/chars/CChar.cpp,CChar::sm_szRefKeys,CChar::sm_szRefKeys,,refs,0,,ACCOUNT,
game/chars/CChar.cpp,CChar::sm_szRefKeys,CChar::sm_szRefKeys,,refs,1,,ACT,
game/chars/CChar.cpp,CChar::sm_szRefKeys,CChar::sm_szRefKeys,,refs,2,,FINDLAYER,
game/chars/CChar.cpp,CChar::sm_szRefKeys,CChar::sm_szRefKeys,,refs,3,,HOUSE,
game/chars/CChar.cpp,CChar::sm_szRefKeys,CChar::sm_szRefKeys,,refs,4,,MEMORYFIND,
game/chars/CChar.cpp,CChar::sm_szRefKeys,CChar::sm_szRefKeys,,refs,5,,MEMORYFINDTYPE,
game/chars/CChar.cpp,CChar::sm_szRefKeys,CChar::sm_szRefKeys,,refs,6,,OWNER,
game/chars/CChar.cpp,CChar::sm_szRefKeys,CChar::sm_szRefKeys,,refs,7,,REGION,
game/chars/CChar.cpp,CChar::sm_szRefKeys,CChar::sm_szRefKeys,,refs,8,,SHIP,
game/chars/CChar.cpp,CChar::sm_szRefKeys,CChar::sm_szRefKeys,,refs,9,,WEAPON,
game/chars/CCharNPCAct.cpp,CCharNPC::sm_szVerbKeys,CCharNPC::sm_szVerbKeys,,verbs,0,,BUY,
game/chars/CCharNPCAct.cpp,CCharNPC::sm_szVerbKeys,CCharNPC::sm_szVerbKeys,,verbs,1,,BYE,
game/chars/CCharNPCAct.cpp,CCharNPC::sm_szVerbKeys,CCharNPC::sm_szVerbKeys,,verbs,2,,FLEE,
game/chars/CCharNPCAct.cpp,CCharNPC::sm_szVerbKeys,CCharNPC::sm_szVerbKeys,,verbs,3,,GOTO,
game/chars/CCharNPCAct.cpp,CCharNPC::sm_szVerbKeys,CCharNPC::sm_szVerbKeys,,verbs,4,,HIRE,
game/chars/CCharNPCAct.cpp,CCharNPC::sm_szVerbKeys,CCharNPC::sm_szVerbKeys,,verbs,5,,LEAVE,
game/chars/CCharNPCAct.cpp,CCharNPC::sm_szVerbKeys,CCharNPC::sm_szVerbKeys,,verbs,6,,PETRETRIEVE,
game/chars/CCharNPCAct.cpp,CCharNPC::sm_szVerbKeys,CCharNPC::sm_szVerbKeys,,verbs,7,,PETSTABLE,
game/chars/CCharNPCAct.cpp,CCharNPC::sm_szVerbKeys,CCharNPC::sm_szVerbKeys,,verbs,8,,RELEASE,
game/chars/CCharNPCAct.cpp,CCharNPC::sm_szVerbKeys,CCharNPC::sm_szVerbKeys,,verbs,9,,RESTOCK,
game/chars/CCharNPCAct.cpp,CCharNPC::sm_szVerbKeys,CCharNPC::sm_szVerbKeys,,verbs,10,,RUN,
game/chars/CCharNPCAct.cpp,CCharNPC::sm_szVerbKeys,CCharNPC::sm_szVerbKeys,,verbs,11,,RUNTO,
game/chars/CCharNPCAct.cpp,CCharNPC::sm_szVerbKeys,CCharNPC::sm_szVerbKeys,,verbs,12,,SELL,
game/chars/CCharNPCAct.cpp,CCharNPC::sm_szVerbKeys,CCharNPC::sm_szVerbKeys,,verbs,13,,SHRINK,
game/chars/CCharNPCAct.cpp,CCharNPC::sm_szVerbKeys,CCharNPC::sm_szVerbKeys,,verbs,14,,TRAIN,
game/chars/CCharNPCAct.cpp,CCharNPC::sm_szVerbKeys,CCharNPC::sm_szVerbKeys,,verbs,15,,WALK,
game/clients/CAccount.cpp,CAccounts::sm_szVerbKeys,CAccounts::sm_szVerbKeys,,verbs,0,,ADD,
game/clients/CAccount.cpp,CAccounts::sm_szVerbKeys,CAccounts::sm_szVerbKeys,,verbs,1,,ADDMD5,
game/clients/CAccount.cpp,CAccounts::sm_szVerbKeys,CAccounts::sm_szVerbKeys,,verbs,2,,BLOCKED,
game/clients/CAccount.cpp,CAccounts::sm_szVerbKeys,CAccounts::sm_szVerbKeys,,verbs,3,,HELP,
game/clients/CAccount.cpp,CAccounts::sm_szVerbKeys,CAccounts::sm_szVerbKeys,,verbs,4,,JAILED,
game/clients/CAccount.cpp,CAccounts::sm_szVerbKeys,CAccounts::sm_szVerbKeys,,verbs,5,,UNUSED,
game/clients/CAccount.cpp,CAccounts::sm_szVerbKeys,CAccounts::sm_szVerbKeys,,verbs,6,,UPDATE,
game/clients/CAccount.cpp,CAccount::sm_szLoadKeys,CAccount::sm_szLoadKeys,,props,0,,ACCOUNT,
game/clients/CAccount.cpp,CAccount::sm_szLoadKeys,CAccount::sm_szLoadKeys,,props,1,,BLOCK,
game/clients/CAccount.cpp,CAccount::sm_szLoadKeys,CAccount::sm_szLoadKeys,,props,2,,CHARS,
game/clients/CAccount.cpp,CAccount::sm_szLoadKeys,CAccount::sm_szLoadKeys,,props,3,,CHARUID,
game/clients/CAccount.cpp,CAccount::sm_szLoadKeys,CAccount::sm_szLoadKeys,,props,4,,CHATNAME,
game/clients/CAccount.cpp,CAccount::sm_szLoadKeys,CAccount::sm_szLoadKeys,,props,5,,FIRSTCONNECTDATE,
game/clients/CAccount.cpp,CAccount::sm_szLoadKeys,CAccount::sm_szLoadKeys,,props,6,,FIRSTIP,
game/clients/CAccount.cpp,CAccount::sm_szLoadKeys,CAccount::sm_szLoadKeys,,props,7,,GUEST,
game/clients/CAccount.cpp,CAccount::sm_szLoadKeys,CAccount::sm_szLoadKeys,,props,8,,JAIL,
game/clients/CAccount.cpp,CAccount::sm_szLoadKeys,CAccount::sm_szLoadKeys,,props,9,,LANG,
game/clients/CAccount.cpp,CAccount::sm_szLoadKeys,CAccount::sm_szLoadKeys,,props,10,,LASTCHARUID,
game/clients/CAccount.cpp,CAccount::sm_szLoadKeys,CAccount::sm_szLoadKeys,,props,11,,LASTCONNECTDATE,
game/clients/CAccount.cpp,CAccount::sm_szLoadKeys,CAccount::sm_szLoadKeys,,props,12,,LASTCONNECTTIME,
game/clients/CAccount.cpp,CAccount::sm_szLoadKeys,CAccount::sm_szLoadKeys,,props,13,,LASTIP,
game/clients/CAccount.cpp,CAccount::sm_szLoadKeys,CAccount::sm_szLoadKeys,,props,14,,MAXCHARS,
game/clients/CAccount.cpp,CAccount::sm_szLoadKeys,CAccount::sm_szLoadKeys,,props,15,,MAXHOUSES,
game/clients/CAccount.cpp,CAccount::sm_szLoadKeys,CAccount::sm_szLoadKeys,,props,16,,MAXSHIPS,
game/clients/CAccount.cpp,CAccount::sm_szLoadKeys,CAccount::sm_szLoadKeys,,props,17,,MD5PASSWORD,
game/clients/CAccount.cpp,CAccount::sm_szLoadKeys,CAccount::sm_szLoadKeys,,props,18,,NAME,
game/clients/CAccount.cpp,CAccount::sm_szLoadKeys,CAccount::sm_szLoadKeys,,props,19,,NEWPASSWORD,
game/clients/CAccount.cpp,CAccount::sm_szLoadKeys,CAccount::sm_szLoadKeys,,props,20,,PASSWORD,
game/clients/CAccount.cpp,CAccount::sm_szLoadKeys,CAccount::sm_szLoadKeys,,props,21,,PLEVEL,
game/clients/CAccount.cpp,CAccount::sm_szLoadKeys,CAccount::sm_szLoadKeys,,props,22,,PRIV,
game/clients/CAccount.cpp,CAccount::sm_szLoadKeys,CAccount::sm_szLoadKeys,,props,23,,RESDISP,
game/clients/CAccount.cpp,CAccount::sm_szLoadKeys,CAccount::sm_szLoadKeys,,props,24,,TAG,
game/clients/CAccount.cpp,CAccount::sm_szLoadKeys,CAccount::sm_szLoadKeys,,props,25,,TAG0,
game/clients/CAccount.cpp,CAccount::sm_szLoadKeys,CAccount::sm_szLoadKeys,,props,26,,TAGAT,
game/clients/CAccount.cpp,CAccount::sm_szLoadKeys,CAccount::sm_szLoadKeys,,props,27,,TAGCOUNT,
game/clients/CAccount.cpp,CAccount::sm_szLoadKeys,CAccount::sm_szLoadKeys,,props,28,,TOTALCONNECTTIME,
game/clients/CAccount.cpp,CAccount::sm_szVerbKeys,CAccount::sm_szVerbKeys,,verbs,0,,BLOCK,
game/clients/CAccount.cpp,CAccount::sm_szVerbKeys,CAccount::sm_szVerbKeys,,verbs,1,,DELETE,
game/clients/CAccount.cpp,CAccount::sm_szVerbKeys,CAccount::sm_szVerbKeys,,verbs,2,,KICK,
game/clients/CAccount.cpp,CAccount::sm_szVerbKeys,CAccount::sm_szVerbKeys,,verbs,3,,TAGLIST,
game/clients/CClient.cpp,CClient::sm_szRefKeys,CClient::sm_szRefKeys,,refs,0,,ACCOUNT,
game/clients/CClient.cpp,CClient::sm_szRefKeys,CClient::sm_szRefKeys,,refs,1,,GMPAGEP,
game/clients/CClient.cpp,CClient::sm_szRefKeys,CClient::sm_szRefKeys,,refs,2,,HOUSEDESIGN,
game/clients/CClient.cpp,CClient::sm_szRefKeys,CClient::sm_szRefKeys,,refs,3,,PARTY,
game/clients/CClient.cpp,CClient::sm_szRefKeys,CClient::sm_szRefKeys,,refs,4,,TARG,
game/clients/CClient.cpp,CClient::sm_szRefKeys,CClient::sm_szRefKeys,,refs,5,,TARGPROP,
game/clients/CClient.cpp,CClient::sm_szRefKeys,CClient::sm_szRefKeys,,refs,6,,TARGPRV,
game/clients/CClientEvent.cpp,CClient::sm_szCmd_Redirect,CClient::sm_szCmd_Redirect,,other,0,,BANK,
game/clients/CClientEvent.cpp,CClient::sm_szCmd_Redirect,CClient::sm_szCmd_Redirect,,other,1,,CONTROL,
game/clients/CClientEvent.cpp,CClient::sm_szCmd_Redirect,CClient::sm_szCmd_Redirect,,other,2,,DESTROY,
game/clients/CClientEvent.cpp,CClient::sm_szCmd_Redirect,CClient::sm_szCmd_Redirect,,other,3,,DUPE,
game/clients/CClientEvent.cpp,CClient::sm_szCmd_Redirect,CClient::sm_szCmd_Redirect,,other,4,,FORGIVE,
game/clients/CClientEvent.cpp,CClient::sm_szCmd_Redirect,CClient::sm_szCmd_Redirect,,other,5,,JAIL,
game/clients/CClientEvent.cpp,CClient::sm_szCmd_Redirect,CClient::sm_szCmd_Redirect,,other,6,,KICK,
game/clients/CClientEvent.cpp,CClient::sm_szCmd_Redirect,CClient::sm_szCmd_Redirect,,other,7,,KILL,
game/clients/CClientEvent.cpp,CClient::sm_szCmd_Redirect,CClient::sm_szCmd_Redirect,,other,8,,NUDGEDOWN,
game/clients/CClientEvent.cpp,CClient::sm_szCmd_Redirect,CClient::sm_szCmd_Redirect,,other,9,,NUDGEUP,
game/clients/CClientEvent.cpp,CClient::sm_szCmd_Redirect,CClient::sm_szCmd_Redirect,,other,10,,PRIVSET,
game/clients/CClientEvent.cpp,CClient::sm_szCmd_Redirect,CClient::sm_szCmd_Redirect,,other,11,,REMOVE,
game/clients/CClientEvent.cpp,CClient::sm_szCmd_Redirect,CClient::sm_szCmd_Redirect,,other,12,,SHRINK,
game/clients/CGMPage.cpp,CGMPage::sm_szLoadKeys,CGMPage::sm_szLoadKeys,,props,0,,ACCOUNT,
game/clients/CGMPage.cpp,CGMPage::sm_szLoadKeys,CGMPage::sm_szLoadKeys,,props,1,,CHARUID,
game/clients/CGMPage.cpp,CGMPage::sm_szLoadKeys,CGMPage::sm_szLoadKeys,,props,2,,DELETE,
game/clients/CGMPage.cpp,CGMPage::sm_szLoadKeys,CGMPage::sm_szLoadKeys,,props,3,,HANDLED,
game/clients/CGMPage.cpp,CGMPage::sm_szLoadKeys,CGMPage::sm_szLoadKeys,,props,4,,P,
game/clients/CGMPage.cpp,CGMPage::sm_szLoadKeys,CGMPage::sm_szLoadKeys,,props,5,,REASON,
game/clients/CGMPage.cpp,CGMPage::sm_szLoadKeys,CGMPage::sm_szLoadKeys,,props,6,,TIME,
game/components/CCChampion.cpp,CCChampion::sm_szLoadKeys,CCChampion::sm_szLoadKeys,,props,0,,ACTIVE,
game/components/CCChampion.cpp,CCChampion::sm_szLoadKeys,CCChampion::sm_szLoadKeys,,props,1,,ADDREDCANDLE,
game/components/CCChampion.cpp,CCChampion::sm_szLoadKeys,CCChampion::sm_szLoadKeys,,props,2,,ADDWHITECANDLE,
game/components/CCChampion.cpp,CCChampion::sm_szLoadKeys,CCChampion::sm_szLoadKeys,,props,3,,CANDLESNEXTLEVEL,
game/components/CCChampion.cpp,CCChampion::sm_szLoadKeys,CCChampion::sm_szLoadKeys,,props,4,,CHAMPIONID,
game/components/CCChampion.cpp,CCChampion::sm_szLoadKeys,CCChampion::sm_szLoadKeys,,props,5,,CHAMPIONSPAWN,
game/components/CCChampion.cpp,CCChampion::sm_szLoadKeys,CCChampion::sm_szLoadKeys,,props,6,,CHAMPIONSUMMONED,
game/components/CCChampion.cpp,CCChampion::sm_szLoadKeys,CCChampion::sm_szLoadKeys,,props,7,,DEATHCOUNT,
game/components/CCChampion.cpp,CCChampion::sm_szLoadKeys,CCChampion::sm_szLoadKeys,,props,8,,KILLSNEXTRED,
game/components/CCChampion.cpp,CCChampion::sm_szLoadKeys,CCChampion::sm_szLoadKeys,,props,9,,KILLSNEXTWHITE,
game/components/CCChampion.cpp,CCChampion::sm_szLoadKeys,CCChampion::sm_szLoadKeys,,props,10,,LASTACTIVATIONTIME,
game/components/CCChampion.cpp,CCChampion::sm_szLoadKeys,CCChampion::sm_szLoadKeys,,props,11,,LEVEL,
game/components/CCChampion.cpp,CCChampion::sm_szLoadKeys,CCChampion::sm_szLoadKeys,,props,12,,LEVELMAX,
game/components/CCChampion.cpp,CCChampion::sm_szLoadKeys,CCChampion::sm_szLoadKeys,,props,13,,MORE,
game/components/CCChampion.cpp,CCChampion::sm_szLoadKeys,CCChampion::sm_szLoadKeys,,props,14,,MORE1,
game/components/CCChampion.cpp,CCChampion::sm_szLoadKeys,CCChampion::sm_szLoadKeys,,props,15,,NPCGROUP,
game/components/CCChampion.cpp,CCChampion::sm_szLoadKeys,CCChampion::sm_szLoadKeys,,props,16,,REDCANDLES,
game/components/CCChampion.cpp,CCChampion::sm_szLoadKeys,CCChampion::sm_szLoadKeys,,props,17,,SPAWNSCUR,
game/components/CCChampion.cpp,CCChampion::sm_szLoadKeys,CCChampion::sm_szLoadKeys,,props,18,,SPAWNSMAX,
game/components/CCChampion.cpp,CCChampion::sm_szLoadKeys,CCChampion::sm_szLoadKeys,,props,19,,WHITECANDLES,
game/components/CCChampion.cpp,CCChampion::sm_szVerbKeys,CCChampion::sm_szVerbKeys,,verbs,0,,ADDOBJ,
game/components/CCChampion.cpp,CCChampion::sm_szVerbKeys,CCChampion::sm_szVerbKeys,,verbs,1,,ADDSPAWN,
game/components/CCChampion.cpp,CCChampion::sm_szVerbKeys,CCChampion::sm_szVerbKeys,,verbs,2,,DELOBJ,
game/components/CCChampion.cpp,CCChampion::sm_szVerbKeys,CCChampion::sm_szVerbKeys,,verbs,3,,DELREDCANDLE,
game/components/CCChampion.cpp,CCChampion::sm_szVerbKeys,CCChampion::sm_szVerbKeys,,verbs,4,,DELWHITECANDLE,
game/components/CCChampion.cpp,CCChampion::sm_szVerbKeys,CCChampion::sm_szVerbKeys,,verbs,5,,INIT,
game/components/CCChampion.cpp,CCChampion::sm_szVerbKeys,CCChampion::sm_szVerbKeys,,verbs,6,,MULTICREATE,
game/components/CCChampion.cpp,CCChampion::sm_szVerbKeys,CCChampion::sm_szVerbKeys,,verbs,7,,START,
game/components/CCChampion.cpp,CCChampion::sm_szVerbKeys,CCChampion::sm_szVerbKeys,,verbs,8,,STOP,
game/components/CCChampion.cpp,CCChampionDef::sm_szLoadKeys,CCChampionDef::sm_szLoadKeys,,props,0,,CHAMPIONID,
game/components/CCChampion.cpp,CCChampionDef::sm_szLoadKeys,CCChampionDef::sm_szLoadKeys,,props,1,,DEFNAME,
game/components/CCChampion.cpp,CCChampionDef::sm_szLoadKeys,CCChampionDef::sm_szLoadKeys,,props,2,,LEVELMAX,
game/components/CCChampion.cpp,CCChampionDef::sm_szLoadKeys,CCChampionDef::sm_szLoadKeys,,props,3,,NAME,
game/components/CCChampion.cpp,CCChampionDef::sm_szLoadKeys,CCChampionDef::sm_szLoadKeys,,props,4,,NPCGROUP,
game/components/CCChampion.cpp,CCChampionDef::sm_szLoadKeys,CCChampionDef::sm_szLoadKeys,,props,5,,SPAWNSMAX,
game/components/CCItemDamageable.cpp,CCItemDamageable::sm_szLoadKeys,CCItemDamageable::sm_szLoadKeys,,props,0,,HITS,
game/components/CCItemDamageable.cpp,CCItemDamageable::sm_szLoadKeys,CCItemDamageable::sm_szLoadKeys,,props,1,,MAXHITS,
game/components/CCMultiMovable.cpp,CCMultiMovable::sm_szVerbKeys,CCMultiMovable::sm_szVerbKeys,,verbs,0,,SHIPANCHORDROP,
game/components/CCMultiMovable.cpp,CCMultiMovable::sm_szVerbKeys,CCMultiMovable::sm_szVerbKeys,,verbs,1,,SHIPANCHORRAISE,
game/components/CCMultiMovable.cpp,CCMultiMovable::sm_szVerbKeys,CCMultiMovable::sm_szVerbKeys,,verbs,2,,SHIPBACK,
game/components/CCMultiMovable.cpp,CCMultiMovable::sm_szVerbKeys,CCMultiMovable::sm_szVerbKeys,,verbs,3,,SHIPBACKLEFT,
game/components/CCMultiMovable.cpp,CCMultiMovable::sm_szVerbKeys,CCMultiMovable::sm_szVerbKeys,,verbs,4,,SHIPBACKRIGHT,
game/components/CCMultiMovable.cpp,CCMultiMovable::sm_szVerbKeys,CCMultiMovable::sm_szVerbKeys,,verbs,5,,SHIPDOWN,
game/components/CCMultiMovable.cpp,CCMultiMovable::sm_szVerbKeys,CCMultiMovable::sm_szVerbKeys,,verbs,6,,SHIPDRIFTLEFT,
game/components/CCMultiMovable.cpp,CCMultiMovable::sm_szVerbKeys,CCMultiMovable::sm_szVerbKeys,,verbs,7,,SHIPDRIFTRIGHT,
game/components/CCMultiMovable.cpp,CCMultiMovable::sm_szVerbKeys,CCMultiMovable::sm_szVerbKeys,,verbs,8,,SHIPFACE,
game/components/CCMultiMovable.cpp,CCMultiMovable::sm_szVerbKeys,CCMultiMovable::sm_szVerbKeys,,verbs,9,,SHIPFORE,
game/components/CCMultiMovable.cpp,CCMultiMovable::sm_szVerbKeys,CCMultiMovable::sm_szVerbKeys,,verbs,10,,SHIPFORELEFT,
game/components/CCMultiMovable.cpp,CCMultiMovable::sm_szVerbKeys,CCMultiMovable::sm_szVerbKeys,,verbs,11,,SHIPFORERIGHT,
game/components/CCMultiMovable.cpp,CCMultiMovable::sm_szVerbKeys,CCMultiMovable::sm_szVerbKeys,,verbs,12,,SHIPGATE,
game/components/CCMultiMovable.cpp,CCMultiMovable::sm_szVerbKeys,CCMultiMovable::sm_szVerbKeys,,verbs,13,,SHIPLAND,
game/components/CCMultiMovable.cpp,CCMultiMovable::sm_szVerbKeys,CCMultiMovable::sm_szVerbKeys,,verbs,14,,SHIPMOVE,
game/components/CCMultiMovable.cpp,CCMultiMovable::sm_szVerbKeys,CCMultiMovable::sm_szVerbKeys,,verbs,15,,SHIPSTOP,
game/components/CCMultiMovable.cpp,CCMultiMovable::sm_szVerbKeys,CCMultiMovable::sm_szVerbKeys,,verbs,16,,SHIPTURN,
game/components/CCMultiMovable.cpp,CCMultiMovable::sm_szVerbKeys,CCMultiMovable::sm_szVerbKeys,,verbs,17,,SHIPTURNLEFT,
game/components/CCMultiMovable.cpp,CCMultiMovable::sm_szVerbKeys,CCMultiMovable::sm_szVerbKeys,,verbs,18,,SHIPTURNRIGHT,
game/components/CCMultiMovable.cpp,CCMultiMovable::sm_szVerbKeys,CCMultiMovable::sm_szVerbKeys,,verbs,19,,SHIPUP,
game/components/CCMultiMovable.cpp,CCMultiMovable::sm_szLoadKeys,CCMultiMovable::sm_szLoadKeys,,props,0,,ANCHOR,
game/components/CCMultiMovable.cpp,CCMultiMovable::sm_szLoadKeys,CCMultiMovable::sm_szLoadKeys,,props,1,,DIRFACE,
game/components/CCMultiMovable.cpp,CCMultiMovable::sm_szLoadKeys,CCMultiMovable::sm_szLoadKeys,,props,2,,DIRMOVE,
game/components/CCMultiMovable.cpp,CCMultiMovable::sm_szLoadKeys,CCMultiMovable::sm_szLoadKeys,,props,3,,PILOT,
game/components/CCMultiMovable.cpp,CCMultiMovable::sm_szLoadKeys,CCMultiMovable::sm_szLoadKeys,,props,4,,SHIPSPEED,
game/components/CCMultiMovable.cpp,CCMultiMovable::sm_szLoadKeys,CCMultiMovable::sm_szLoadKeys,,props,5,,SPEEDMODE,
game/components/CCSpawn.cpp,CCSpawn::sm_szLoadKeys,CCSpawn::sm_szLoadKeys,,props,0,,ADDOBJ,
game/components/CCSpawn.cpp,CCSpawn::sm_szLoadKeys,CCSpawn::sm_szLoadKeys,,props,1,,AMOUNT,
game/components/CCSpawn.cpp,CCSpawn::sm_szLoadKeys,CCSpawn::sm_szLoadKeys,,props,2,,COUNT,
game/components/CCSpawn.cpp,CCSpawn::sm_szLoadKeys,CCSpawn::sm_szLoadKeys,,props,3,,MAXDIST,
game/components/CCSpawn.cpp,CCSpawn::sm_szLoadKeys,CCSpawn::sm_szLoadKeys,,props,4,,MORE,
game/components/CCSpawn.cpp,CCSpawn::sm_szLoadKeys,CCSpawn::sm_szLoadKeys,,props,5,,MORE1,
game/components/CCSpawn.cpp,CCSpawn::sm_szLoadKeys,CCSpawn::sm_szLoadKeys,,props,6,,MORE2,
game/components/CCSpawn.cpp,CCSpawn::sm_szLoadKeys,CCSpawn::sm_szLoadKeys,,props,7,,MOREP,
game/components/CCSpawn.cpp,CCSpawn::sm_szLoadKeys,CCSpawn::sm_szLoadKeys,,props,8,,MOREX,
game/components/CCSpawn.cpp,CCSpawn::sm_szLoadKeys,CCSpawn::sm_szLoadKeys,,props,9,,MOREY,
game/components/CCSpawn.cpp,CCSpawn::sm_szLoadKeys,CCSpawn::sm_szLoadKeys,,props,10,,MOREZ,
game/components/CCSpawn.cpp,CCSpawn::sm_szLoadKeys,CCSpawn::sm_szLoadKeys,,props,11,,PILE,
game/components/CCSpawn.cpp,CCSpawn::sm_szLoadKeys,CCSpawn::sm_szLoadKeys,,props,12,,SPAWNID,
game/components/CCSpawn.cpp,CCSpawn::sm_szLoadKeys,CCSpawn::sm_szLoadKeys,,props,13,,TIMEHI,
game/components/CCSpawn.cpp,CCSpawn::sm_szLoadKeys,CCSpawn::sm_szLoadKeys,,props,14,,TIMELO,
game/items/CItem.cpp,CItem::sm_szTrigName,CItem::sm_szTrigName,,triggers,0,,@AAAUNUSED,
game/items/CItem.cpp,CItem::sm_szTrigName,CItem::sm_szTrigName,,triggers,1,,@AddObj,
game/items/CItem.cpp,CItem::sm_szTrigName,CItem::sm_szTrigName,,triggers,2,,@AddRedCandle,
game/items/CItem.cpp,CItem::sm_szTrigName,CItem::sm_szTrigName,,triggers,3,,@AddWhiteCandle,
game/items/CItem.cpp,CItem::sm_szTrigName,CItem::sm_szTrigName,,triggers,4,,@AfterClick,
game/items/CItem.cpp,CItem::sm_szTrigName,CItem::sm_szTrigName,,triggers,5,,@Buy,
game/items/CItem.cpp,CItem::sm_szTrigName,CItem::sm_szTrigName,,triggers,6,,@CarveCorpse,
game/items/CItem.cpp,CItem::sm_szTrigName,CItem::sm_szTrigName,,triggers,7,,@Click,
game/items/CItem.cpp,CItem::sm_szTrigName,CItem::sm_szTrigName,,triggers,8,,@ClientTooltip,
game/items/CItem.cpp,CItem::sm_szTrigName,CItem::sm_szTrigName,,triggers,9,,@ClientTooltip_AfterDefault,
game/items/CItem.cpp,CItem::sm_szTrigName,CItem::sm_szTrigName,,triggers,10,,@Complete,
game/items/CItem.cpp,CItem::sm_szTrigName,CItem::sm_szTrigName,,triggers,11,,@ContextMenuRequest,
game/items/CItem.cpp,CItem::sm_szTrigName,CItem::sm_szTrigName,,triggers,12,,@ContextMenuSelect,
game/items/CItem.cpp,CItem::sm_szTrigName,CItem::sm_szTrigName,,triggers,13,,@Create,
game/items/CItem.cpp,CItem::sm_szTrigName,CItem::sm_szTrigName,,triggers,14,,@DAMAGE,
game/items/CItem.cpp,CItem::sm_szTrigName,CItem::sm_szTrigName,,triggers,15,,@DCLICK,
game/items/CItem.cpp,CItem::sm_szTrigName,CItem::sm_szTrigName,,triggers,16,,@DelObj,
game/items/CItem.cpp,CItem::sm_szTrigName,CItem::sm_szTrigName,,triggers,17,,@DelRedCandle,
game/items/CItem.cpp,CItem::sm_szTrigName,CItem::sm_szTrigName,,triggers,18,,@DelWhiteCandle,
game/items/CItem.cpp,CItem::sm_szTrigName,CItem::sm_szTrigName,,triggers,19,,@Destroy,
game/items/CItem.cpp,CItem::sm_szTrigName,CItem::sm_szTrigName,,triggers,20,,@DropOn_Char,
game/items/CItem.cpp,CItem::sm_szTrigName,CItem::sm_szTrigName,,triggers,21,,@DropOn_Ground,
game/items/CItem.cpp,CItem::sm_szTrigName,CItem::sm_szTrigName,,triggers,22,,@DropOn_Item,
game/items/CItem.cpp,CItem::sm_szTrigName,CItem::sm_szTrigName,,triggers,23,,@DropOn_Self,
game/items/CItem.cpp,CItem::sm_szTrigName,CItem::sm_szTrigName,,triggers,24,,@DropOn_Trade,
game/items/CItem.cpp,CItem::sm_szTrigName,CItem::sm_szTrigName,,triggers,25,,@Dye,
game/items/CItem.cpp,CItem::sm_szTrigName,CItem::sm_szTrigName,,triggers,26,,@EQUIP,
game/items/CItem.cpp,CItem::sm_szTrigName,CItem::sm_szTrigName,,triggers,27,,@EQUIPTEST,
game/items/CItem.cpp,CItem::sm_szTrigName,CItem::sm_szTrigName,,triggers,28,,@GetHit,
game/items/CItem.cpp,CItem::sm_szTrigName,CItem::sm_szTrigName,,triggers,29,,@Hit,
game/items/CItem.cpp,CItem::sm_szTrigName,CItem::sm_szTrigName,,triggers,30,,@Level,
game/items/CItem.cpp,CItem::sm_szTrigName,CItem::sm_szTrigName,,triggers,31,,@MemoryEquip,
game/items/CItem.cpp,CItem::sm_szTrigName,CItem::sm_szTrigName,,triggers,32,,@PICKUP_GROUND,
game/items/CItem.cpp,CItem::sm_szTrigName,CItem::sm_szTrigName,,triggers,33,,@PICKUP_PACK,
game/items/CItem.cpp,CItem::sm_szTrigName,CItem::sm_szTrigName,,triggers,34,,@PICKUP_SELF,
game/items/CItem.cpp,CItem::sm_szTrigName,CItem::sm_szTrigName,,triggers,35,,@PICKUP_STACK,
game/items/CItem.cpp,CItem::sm_szTrigName,CItem::sm_szTrigName,,triggers,36,,@PreSpawn,
game/items/CItem.cpp,CItem::sm_szTrigName,CItem::sm_szTrigName,,triggers,37,,@Redeed,
game/items/CItem.cpp,CItem::sm_szTrigName,CItem::sm_szTrigName,,triggers,38,,@RegionEnter,
game/items/CItem.cpp,CItem::sm_szTrigName,CItem::sm_szTrigName,,triggers,39,,@RegionLeave,
game/items/CItem.cpp,CItem::sm_szTrigName,CItem::sm_szTrigName,,triggers,40,,@ResourceGather,
game/items/CItem.cpp,CItem::sm_szTrigName,CItem::sm_szTrigName,,triggers,41,,@ResourceTest,
game/items/CItem.cpp,CItem::sm_szTrigName,CItem::sm_szTrigName,,triggers,42,,@SELL,
game/items/CItem.cpp,CItem::sm_szTrigName,CItem::sm_szTrigName,,triggers,43,,@Ship_Move,
game/items/CItem.cpp,CItem::sm_szTrigName,CItem::sm_szTrigName,,triggers,44,,@Ship_Stop,
game/items/CItem.cpp,CItem::sm_szTrigName,CItem::sm_szTrigName,,triggers,45,,@Ship_Turn,
game/items/CItem.cpp,CItem::sm_szTrigName,CItem::sm_szTrigName,,triggers,46,,@Smelt,
game/items/CItem.cpp,CItem::sm_szTrigName,CItem::sm_szTrigName,,triggers,47,,@Spawn,
game/items/CItem.cpp,CItem::sm_szTrigName,CItem::sm_szTrigName,,triggers,48,,@SpellEffect,
game/items/CItem.cpp,CItem::sm_szTrigName,CItem::sm_szTrigName,,triggers,49,,@Start,
game/items/CItem.cpp,CItem::sm_szTrigName,CItem::sm_szTrigName,,triggers,50,,@STEP,
game/items/CItem.cpp,CItem::sm_szTrigName,CItem::sm_szTrigName,,triggers,51,,@Stop,
game/items/CItem.cpp,CItem::sm_szTrigName,CItem::sm_szTrigName,,triggers,52,,@TARGON_CANCEL,
game/items/CItem.cpp,CItem::sm_szTrigName,CItem::sm_szTrigName,,triggers,53,,@TARGON_CHAR,
game/items/CItem.cpp,CItem::sm_szTrigName,CItem::sm_szTrigName,,triggers,54,,@TARGON_GROUND,
game/items/CItem.cpp,CItem::sm_szTrigName,CItem::sm_szTrigName,,triggers,55,,@TARGON_ITEM,
game/items/CItem.cpp,CItem::sm_szTrigName,CItem::sm_szTrigName,,triggers,56,,@TIMER,
game/items/CItem.cpp,CItem::sm_szTrigName,CItem::sm_szTrigName,,triggers,57,,@ToolTip,
game/items/CItem.cpp,CItem::sm_szTrigName,CItem::sm_szTrigName,,triggers,58,,@UNEQUIP,
game/items/CItem.cpp,CItem::sm_szTemplateTable,CItem::sm_szTemplateTable,,other,0,,BREAK,
game/items/CItem.cpp,CItem::sm_szTemplateTable,CItem::sm_szTemplateTable,,other,1,,BUY,
game/items/CItem.cpp,CItem::sm_szTemplateTable,CItem::sm_szTemplateTable,,other,2,,CONTAINER,
game/items/CItem.cpp,CItem::sm_szTemplateTable,CItem::sm_szTemplateTable,,other,3,,FULLINTERP,
game/items/CItem.cpp,CItem::sm_szTemplateTable,CItem::sm_szTemplateTable,,other,4,,FUNC,
game/items/CItem.cpp,CItem::sm_szTemplateTable,CItem::sm_szTemplateTable,,other,5,,ITEM,
game/items/CItem.cpp,CItem::sm_szTemplateTable,CItem::sm_szTemplateTable,,other,6,,ITEMNEWBIE,
game/items/CItem.cpp,CItem::sm_szTemplateTable,CItem::sm_szTemplateTable,,other,7,,NEWBIESWAP,
game/items/CItem.cpp,CItem::sm_szTemplateTable,CItem::sm_szTemplateTable,,other,8,,SELL,
game/items/CItem.cpp,CItem::sm_szRefKeys,CItem::sm_szRefKeys,,refs,0,,CONT,
game/items/CItem.cpp,CItem::sm_szRefKeys,CItem::sm_szRefKeys,,refs,1,,LINK,
game/items/CItem.cpp,CItem::sm_szRefKeys,CItem::sm_szRefKeys,,refs,2,,REGION,
game/items/CItem.cpp,CItem::sm_szRefKeys,CItem::sm_szRefKeys,,refs,3,,TOPCONT,
game/items/CItemBase.cpp,CItemBaseMulti::sm_szLoadKeys,CItemBaseMulti::sm_szLoadKeys,,props,0,,BASECOMPONENT,
game/items/CItemBase.cpp,CItemBaseMulti::sm_szLoadKeys,CItemBaseMulti::sm_szLoadKeys,,props,1,,BASESTORAGE,
game/items/CItemBase.cpp,CItemBaseMulti::sm_szLoadKeys,CItemBaseMulti::sm_szLoadKeys,,props,2,,BASEVENDORS,
game/items/CItemBase.cpp,CItemBaseMulti::sm_szLoadKeys,CItemBaseMulti::sm_szLoadKeys,,props,3,,COMPONENT,
game/items/CItemBase.cpp,CItemBaseMulti::sm_szLoadKeys,CItemBaseMulti::sm_szLoadKeys,,props,4,,LOCKDOWNSPERCENT,
game/items/CItemBase.cpp,CItemBaseMulti::sm_szLoadKeys,CItemBaseMulti::sm_szLoadKeys,,props,5,,MULTIOFFSET,
game/items/CItemBase.cpp,CItemBaseMulti::sm_szLoadKeys,CItemBaseMulti::sm_szLoadKeys,,props,6,,MULTIREGION,
game/items/CItemBase.cpp,CItemBaseMulti::sm_szLoadKeys,CItemBaseMulti::sm_szLoadKeys,,props,7,,REGIONFLAGS,
game/items/CItemBase.cpp,CItemBaseMulti::sm_szLoadKeys,CItemBaseMulti::sm_szLoadKeys,,props,8,,SHIPSPEED,
game/items/CItemBase.cpp,CItemBaseMulti::sm_szLoadKeys,CItemBaseMulti::sm_szLoadKeys,,props,9,,TSPEECH,
game/items/CItemCommCrystal.cpp,CItemCommCrystal::sm_szLoadKeys,CItemCommCrystal::sm_szLoadKeys,,props,0,,SPEECH,
game/items/CItemContainer.cpp,CItemContainer::sm_szVerbKeys,CItemContainer::sm_szVerbKeys,,verbs,0,,CLOSE,
game/items/CItemContainer.cpp,CItemContainer::sm_szVerbKeys,CItemContainer::sm_szVerbKeys,,verbs,1,,DELETE,
game/items/CItemContainer.cpp,CItemContainer::sm_szVerbKeys,CItemContainer::sm_szVerbKeys,,verbs,2,,EMPTY,
game/items/CItemContainer.cpp,CItemContainer::sm_szVerbKeys,CItemContainer::sm_szVerbKeys,,verbs,3,,FIXWEIGHT,
game/items/CItemContainer.cpp,CItemContainer::sm_szVerbKeys,CItemContainer::sm_szVerbKeys,,verbs,4,,OPEN,
game/items/CItemMessage.cpp,CItemMessage::sm_szLoadKeys,CItemMessage::sm_szLoadKeys,,props,0,,AUTHOR,
game/items/CItemMessage.cpp,CItemMessage::sm_szLoadKeys,CItemMessage::sm_szLoadKeys,,props,1,,BODY,
game/items/CItemMessage.cpp,CItemMessage::sm_szLoadKeys,CItemMessage::sm_szLoadKeys,,props,2,,PAGES,
game/items/CItemMessage.cpp,CItemMessage::sm_szLoadKeys,CItemMessage::sm_szLoadKeys,,props,3,,TITLE,
game/items/CItemMessage.cpp,CItemMessage::sm_szVerbKeys,CItemMessage::sm_szVerbKeys,,verbs,0,,ERASE,
game/items/CItemMessage.cpp,CItemMessage::sm_szVerbKeys,CItemMessage::sm_szVerbKeys,,verbs,1,,PAGE,
game/items/CItemMulti.cpp,CItemMulti::sm_szRefKeys,CItemMulti::sm_szRefKeys,,refs,0,,ACCESS,
game/items/CItemMulti.cpp,CItemMulti::sm_szRefKeys,CItemMulti::sm_szRefKeys,,refs,1,,ADDON,
game/items/CItemMulti.cpp,CItemMulti::sm_szRefKeys,CItemMulti::sm_szRefKeys,,refs,2,,BAN,
game/items/CItemMulti.cpp,CItemMulti::sm_szRefKeys,CItemMulti::sm_szRefKeys,,refs,3,,COMP,
game/items/CItemMulti.cpp,CItemMulti::sm_szRefKeys,CItemMulti::sm_szRefKeys,,refs,4,,COOWNER,
game/items/CItemMulti.cpp,CItemMulti::sm_szRefKeys,CItemMulti::sm_szRefKeys,,refs,5,,FRIEND,
game/items/CItemMulti.cpp,CItemMulti::sm_szRefKeys,CItemMulti::sm_szRefKeys,,refs,6,,GUILD,
game/items/CItemMulti.cpp,CItemMulti::sm_szRefKeys,CItemMulti::sm_szRefKeys,,refs,7,,LOCKDOWN,
game/items/CItemMulti.cpp,CItemMulti::sm_szRefKeys,CItemMulti::sm_szRefKeys,,refs,8,,MOVINGCRATE,
game/items/CItemMulti.cpp,CItemMulti::sm_szRefKeys,CItemMulti::sm_szRefKeys,,refs,9,,OWNER,
game/items/CItemMulti.cpp,CItemMulti::sm_szRefKeys,CItemMulti::sm_szRefKeys,,refs,10,,REGION,
game/items/CItemMulti.cpp,CItemMulti::sm_szRefKeys,CItemMulti::sm_szRefKeys,,refs,11,,SECURED,
game/items/CItemMulti.cpp,CItemMulti::sm_szRefKeys,CItemMulti::sm_szRefKeys,,refs,12,,VENDOR,
game/items/CItemMulti.cpp,CItemMulti::sm_szVerbKeys,CItemMulti::sm_szVerbKeys,,verbs,0,,DELACCESS,
game/items/CItemMulti.cpp,CItemMulti::sm_szVerbKeys,CItemMulti::sm_szVerbKeys,,verbs,1,,DELADDON,
game/items/CItemMulti.cpp,CItemMulti::sm_szVerbKeys,CItemMulti::sm_szVerbKeys,,verbs,2,,DELBAN,
game/items/CItemMulti.cpp,CItemMulti::sm_szVerbKeys,CItemMulti::sm_szVerbKeys,,verbs,3,,DELCOMPONENT,
game/items/CItemMulti.cpp,CItemMulti::sm_szVerbKeys,CItemMulti::sm_szVerbKeys,,verbs,4,,DELCOOWNER,
game/items/CItemMulti.cpp,CItemMulti::sm_szVerbKeys,CItemMulti::sm_szVerbKeys,,verbs,5,,DELFRIEND,
game/items/CItemMulti.cpp,CItemMulti::sm_szVerbKeys,CItemMulti::sm_szVerbKeys,,verbs,6,,DELVENDOR,
game/items/CItemMulti.cpp,CItemMulti::sm_szVerbKeys,CItemMulti::sm_szVerbKeys,,verbs,7,,GENERATEBASECOMPONENTS,
game/items/CItemMulti.cpp,CItemMulti::sm_szVerbKeys,CItemMulti::sm_szVerbKeys,,verbs,8,,MOVEALLTOCRATE,
game/items/CItemMulti.cpp,CItemMulti::sm_szVerbKeys,CItemMulti::sm_szVerbKeys,,verbs,9,,MOVELOCKSTOCRATE,
game/items/CItemMulti.cpp,CItemMulti::sm_szVerbKeys,CItemMulti::sm_szVerbKeys,,verbs,10,,MULTICREATE,
game/items/CItemMulti.cpp,CItemMulti::sm_szVerbKeys,CItemMulti::sm_szVerbKeys,,verbs,11,,REDEED,
game/items/CItemMulti.cpp,CItemMulti::sm_szVerbKeys,CItemMulti::sm_szVerbKeys,,verbs,12,,RELEASE,
game/items/CItemMulti.cpp,CItemMulti::sm_szVerbKeys,CItemMulti::sm_szVerbKeys,,verbs,13,,REMOVEALLCOMPS,
game/items/CItemMulti.cpp,CItemMulti::sm_szVerbKeys,CItemMulti::sm_szVerbKeys,,verbs,14,,REMOVEKEYS,
game/items/CItemMulti.cpp,CItemMulti::sm_szVerbKeys,CItemMulti::sm_szVerbKeys,,verbs,15,,UNLOCKITEM,
game/items/CItemMulti.cpp,CItemMulti::sm_szLoadKeys,CItemMulti::sm_szLoadKeys,,props,0,,ACCESSES,
game/items/CItemMulti.cpp,CItemMulti::sm_szLoadKeys,CItemMulti::sm_szLoadKeys,,props,1,,ADDACCESS,
game/items/CItemMulti.cpp,CItemMulti::sm_szLoadKeys,CItemMulti::sm_szLoadKeys,,props,2,,ADDADDON,
game/items/CItemMulti.cpp,CItemMulti::sm_szLoadKeys,CItemMulti::sm_szLoadKeys,,props,3,,ADDBAN,
game/items/CItemMulti.cpp,CItemMulti::sm_szLoadKeys,CItemMulti::sm_szLoadKeys,,props,4,,ADDCOMP,
game/items/CItemMulti.cpp,CItemMulti::sm_szLoadKeys,CItemMulti::sm_szLoadKeys,,props,5,,ADDCOMPONENT,
game/items/CItemMulti.cpp,CItemMulti::sm_szLoadKeys,CItemMulti::sm_szLoadKeys,,props,6,,ADDCOOWNER,
game/items/CItemMulti.cpp,CItemMulti::sm_szLoadKeys,CItemMulti::sm_szLoadKeys,,props,7,,ADDFRIEND,
game/items/CItemMulti.cpp,CItemMulti::sm_szLoadKeys,CItemMulti::sm_szLoadKeys,,props,8,,ADDKEY,
game/items/CItemMulti.cpp,CItemMulti::sm_szLoadKeys,CItemMulti::sm_szLoadKeys,,props,9,,ADDONS,
game/items/CItemMulti.cpp,CItemMulti::sm_szLoadKeys,CItemMulti::sm_szLoadKeys,,props,10,,ADDVENDOR,
game/items/CItemMulti.cpp,CItemMulti::sm_szLoadKeys,CItemMulti::sm_szLoadKeys,,props,11,,BANS,
game/items/CItemMulti.cpp,CItemMulti::sm_szLoadKeys,CItemMulti::sm_szLoadKeys,,props,12,,BASESTORAGE,
game/items/CItemMulti.cpp,CItemMulti::sm_szLoadKeys,CItemMulti::sm_szLoadKeys,,props,13,,BASEVENDORS,
game/items/CItemMulti.cpp,CItemMulti::sm_szLoadKeys,CItemMulti::sm_szLoadKeys,,props,14,,COMPS,
game/items/CItemMulti.cpp,CItemMulti::sm_szLoadKeys,CItemMulti::sm_szLoadKeys,,props,15,,COOWNERS,
game/items/CItemMulti.cpp,CItemMulti::sm_szLoadKeys,CItemMulti::sm_szLoadKeys,,props,16,,CURRENTSTORAGE,
game/items/CItemMulti.cpp,CItemMulti::sm_szLoadKeys,CItemMulti::sm_szLoadKeys,,props,17,,FRIENDS,
game/items/CItemMulti.cpp,CItemMulti::sm_szLoadKeys,CItemMulti::sm_szLoadKeys,,props,18,,GETACCESSPOS,
game/items/CItemMulti.cpp,CItemMulti::sm_szLoadKeys,CItemMulti::sm_szLoadKeys,,props,19,,GETADDONPOS,
game/items/CItemMulti.cpp,CItemMulti::sm_szLoadKeys,CItemMulti::sm_szLoadKeys,,props,20,,GETBANPOS,
game/items/CItemMulti.cpp,CItemMulti::sm_szLoadKeys,CItemMulti::sm_szLoadKeys,,props,21,,GETCOMPPOS,
game/items/CItemMulti.cpp,CItemMulti::sm_szLoadKeys,CItemMulti::sm_szLoadKeys,,props,22,,GETCOOWNERPOS,
game/items/CItemMulti.cpp,CItemMulti::sm_szLoadKeys,CItemMulti::sm_szLoadKeys,,props,23,,GETFRIENDPOS,
game/items/CItemMulti.cpp,CItemMulti::sm_szLoadKeys,CItemMulti::sm_szLoadKeys,,props,24,,GETHOUSEVENDORPOS,
game/items/CItemMulti.cpp,CItemMulti::sm_szLoadKeys,CItemMulti::sm_szLoadKeys,,props,25,,GETLOCKEDITEMPOS,
game/items/CItemMulti.cpp,CItemMulti::sm_szLoadKeys,CItemMulti::sm_szLoadKeys,,props,26,,GETSECUREDCONTAINERPOS,
game/items/CItemMulti.cpp,CItemMulti::sm_szLoadKeys,CItemMulti::sm_szLoadKeys,,props,27,,GETSECUREDCONTAINERS,
game/items/CItemMulti.cpp,CItemMulti::sm_szLoadKeys,CItemMulti::sm_szLoadKeys,,props,28,,GETSECUREDITEMS,
game/items/CItemMulti.cpp,CItemMulti::sm_szLoadKeys,CItemMulti::sm_szLoadKeys,,props,29,,GUILD,
game/items/CItemMulti.cpp,CItemMulti::sm_szLoadKeys,CItemMulti::sm_szLoadKeys,,props,30,,HOUSETYPE,
game/items/CItemMulti.cpp,CItemMulti::sm_szLoadKeys,CItemMulti::sm_szLoadKeys,,props,31,,INCREASEDSTORAGE,
game/items/CItemMulti.cpp,CItemMulti::sm_szLoadKeys,CItemMulti::sm_szLoadKeys,,props,32,,ISOWNER,
game/items/CItemMulti.cpp,CItemMulti::sm_szLoadKeys,CItemMulti::sm_szLoadKeys,,props,33,,LOCKDOWNS,
game/items/CItemMulti.cpp,CItemMulti::sm_szLoadKeys,CItemMulti::sm_szLoadKeys,,props,34,,LOCKDOWNSPERCENT,
game/items/CItemMulti.cpp,CItemMulti::sm_szLoadKeys,CItemMulti::sm_szLoadKeys,,props,35,,LOCKITEM,
game/items/CItemMulti.cpp,CItemMulti::sm_szLoadKeys,CItemMulti::sm_szLoadKeys,,props,36,,MAXLOCKDOWNS,
game/items/CItemMulti.cpp,CItemMulti::sm_szLoadKeys,CItemMulti::sm_szLoadKeys,,props,37,,MAXSTORAGE,
game/items/CItemMulti.cpp,CItemMulti::sm_szLoadKeys,CItemMulti::sm_szLoadKeys,,props,38,,MAXVENDORS,
game/items/CItemMulti.cpp,CItemMulti::sm_szLoadKeys,CItemMulti::sm_szLoadKeys,,props,39,,MOVINGCRATE,
game/items/CItemMulti.cpp,CItemMulti::sm_szLoadKeys,CItemMulti::sm_szLoadKeys,,props,40,,OWNER,
game/items/CItemMulti.cpp,CItemMulti::sm_szLoadKeys,CItemMulti::sm_szLoadKeys,,props,41,,PRIV,
game/items/CItemMulti.cpp,CItemMulti::sm_szLoadKeys,CItemMulti::sm_szLoadKeys,,props,42,,REGION,
game/items/CItemMulti.cpp,CItemMulti::sm_szLoadKeys,CItemMulti::sm_szLoadKeys,,props,43,,REMOVEKEYS,
game/items/CItemMulti.cpp,CItemMulti::sm_szLoadKeys,CItemMulti::sm_szLoadKeys,,props,44,,SECURE,
game/items/CItemMulti.cpp,CItemMulti::sm_szLoadKeys,CItemMulti::sm_szLoadKeys,,props,45,,VENDORS,
game/items/CItemMultiCustom.cpp,CItemMultiCustom::sm_szVerbKeys,CItemMultiCustom::sm_szVerbKeys,,verbs,0,,ADDITEM,
game/items/CItemMultiCustom.cpp,CItemMultiCustom::sm_szVerbKeys,CItemMultiCustom::sm_szVerbKeys,,verbs,1,,ADDMULTI,
game/items/CItemMultiCustom.cpp,CItemMultiCustom::sm_szVerbKeys,CItemMultiCustom::sm_szVerbKeys,,verbs,2,,CLEAR,
game/items/CItemMultiCustom.cpp,CItemMultiCustom::sm_szVerbKeys,CItemMultiCustom::sm_szVerbKeys,,verbs,3,,CLEARFLOOR,
game/items/CItemMultiCustom.cpp,CItemMultiCustom::sm_szVerbKeys,CItemMultiCustom::sm_szVerbKeys,,verbs,4,,COMMIT,
game/items/CItemMultiCustom.cpp,CItemMultiCustom::sm_szVerbKeys,CItemMultiCustom::sm_szVerbKeys,,verbs,5,,CONTINUECUSTOMIZE,
game/items/CItemMultiCustom.cpp,CItemMultiCustom::sm_szVerbKeys,CItemMultiCustom::sm_szVerbKeys,,verbs,6,,CUSTOMIZE,
game/items/CItemMultiCustom.cpp,CItemMultiCustom::sm_szVerbKeys,CItemMultiCustom::sm_szVerbKeys,,verbs,7,,ENDCUSTOMIZE,
game/items/CItemMultiCustom.cpp,CItemMultiCustom::sm_szVerbKeys,CItemMultiCustom::sm_szVerbKeys,,verbs,8,,REMOVEITEM,
game/items/CItemMultiCustom.cpp,CItemMultiCustom::sm_szVerbKeys,CItemMultiCustom::sm_szVerbKeys,,verbs,9,,RESET,
game/items/CItemMultiCustom.cpp,CItemMultiCustom::sm_szVerbKeys,CItemMultiCustom::sm_szVerbKeys,,verbs,10,,RESYNC,
game/items/CItemMultiCustom.cpp,CItemMultiCustom::sm_szVerbKeys,CItemMultiCustom::sm_szVerbKeys,,verbs,11,,REVERT,
game/items/CItemMultiCustom.cpp,CItemMultiCustom::sm_szLoadKeys,CItemMultiCustom::sm_szLoadKeys,,props,0,,COMPONENTS,
game/items/CItemMultiCustom.cpp,CItemMultiCustom::sm_szLoadKeys,CItemMultiCustom::sm_szLoadKeys,,props,1,,DESIGN,
game/items/CItemMultiCustom.cpp,CItemMultiCustom::sm_szLoadKeys,CItemMultiCustom::sm_szLoadKeys,,props,2,,DESIGNER,
game/items/CItemMultiCustom.cpp,CItemMultiCustom::sm_szLoadKeys,CItemMultiCustom::sm_szLoadKeys,,props,3,,EDITAREA,
game/items/CItemMultiCustom.cpp,CItemMultiCustom::sm_szLoadKeys,CItemMultiCustom::sm_szLoadKeys,,props,4,,FIXTURES,
game/items/CItemMultiCustom.cpp,CItemMultiCustom::sm_szLoadKeys,CItemMultiCustom::sm_szLoadKeys,,props,5,,REVISION,
game/items/CItemShip.cpp,CItemShip::sm_szLoadKeys,CItemShip::sm_szLoadKeys,,props,0,,HATCH,
game/items/CItemShip.cpp,CItemShip::sm_szLoadKeys,CItemShip::sm_szLoadKeys,,props,1,,PLANK,
game/items/CItemShip.cpp,CItemShip::sm_szLoadKeys,CItemShip::sm_szLoadKeys,,props,2,,TILLER,
game/items/CItemVendable.cpp,CItemVendable::sm_szLoadKeys,CItemVendable::sm_szLoadKeys,,props,0,,PRICE,
game/items/CItemVendable.cpp,CItemVendable::sm_szLoadKeys,CItemVendable::sm_szLoadKeys,,props,1,,QUALITY,
